Timestamp,PT08.S1(CO),PT08.S2(NMHC),PT08.S3(NOx),PT08.S4(NO2),PT08.S5(O3),CO(GT),NMHC(GT),C6H6(GT),NOx(GT),NO2(GT),T,RH,AH
2004-03-10 18:00:00,1360.0,1046.0,1056.0,1692.0,1268.0,2.6,150.0,11.9,166.0,113.0,13.6,48.9,0.7578
2004-03-10 19:00:00,1292.0,955.0,1174.0,1559.0,972.0,2.0,112.0,9.4,103.0,92.0,13.3,47.7,0.7255
2004-03-10 20:00:00,1402.0,939.0,1140.0,1555.0,1074.0,2.2,88.0,9.0,131.0,114.0,11.9,54.0,0.7502
2004-03-10 21:00:00,1376.0,948.0,1092.0,1584.0,1203.0,2.2,80.0,9.2,172.0,122.0,11.0,60.0,0.7867
2004-03-10 22:00:00,1272.0,836.0,1205.0,1490.0,1110.0,1.6,51.0,6.5,131.0,116.0,11.2,59.6,0.7888
2004-03-10 23:00:00,1197.0,750.0,1337.0,1393.0,949.0,1.2,38.0,4.7,89.0,96.0,11.2,59.2,0.7848
2004-03-11 00:00:00,1185.0,690.0,1462.0,1333.0,733.0,1.2,31.0,3.6,62.0,77.0,11.3,56.8,0.7603
2004-03-11 01:00:00,1136.0,672.0,1453.0,1333.0,730.0,1.0,31.0,3.3,62.0,76.0,10.7,60.0,0.7702
2004-03-11 02:00:00,1094.0,609.0,1579.0,1276.0,620.0,0.9,24.0,2.3,45.0,60.0,10.7,59.7,0.7648
2004-03-11 03:00:00,1010.0,561.0,1705.0,1235.0,501.0,0.6,19.0,1.7,,,10.3,60.2,0.7517
2004-03-11 04:00:00,1011.0,527.0,1818.0,1197.0,445.0,,14.0,1.3,21.0,34.0,10.1,60.5,0.7465
2004-03-11 05:00:00,1066.0,512.0,1918.0,1182.0,422.0,0.7,8.0,1.1,16.0,28.0,11.0,56.2,0.7366
2004-03-11 06:00:00,1052.0,553.0,1738.0,1221.0,472.0,0.7,16.0,1.6,34.0,48.0,10.5,58.1,0.7353
2004-03-11 07:00:00,1144.0,667.0,1490.0,1339.0,730.0,1.1,29.0,3.2,98.0,82.0,10.2,59.6,0.7417
2004-03-11 08:00:00,1333.0,900.0,1136.0,1517.0,1102.0,2.0,64.0,8.0,174.0,112.0,10.8,57.4,0.7408
2004-03-11 09:00:00,1351.0,960.0,1079.0,1583.0,1028.0,2.2,87.0,9.5,129.0,101.0,10.5,60.6,0.7691
2004-03-11 10:00:00,1233.0,827.0,1218.0,1446.0,860.0,1.7,77.0,6.3,112.0,98.0,10.8,58.4,0.7552
2004-03-11 11:00:00,1179.0,762.0,1328.0,1362.0,671.0,1.5,43.0,5.0,95.0,92.0,10.5,57.9,0.7352
2004-03-11 12:00:00,1236.0,774.0,1301.0,1401.0,664.0,1.6,61.0,5.2,104.0,95.0,9.5,66.8,0.7951
2004-03-11 13:00:00,1286.0,869.0,1162.0,1537.0,799.0,1.9,63.0,7.3,146.0,112.0,8.3,76.4,0.8393
2004-03-11 14:00:00,1371.0,1034.0,983.0,1730.0,1037.0,2.9,164.0,11.5,207.0,128.0,8.0,81.1,0.8736
2004-03-11 15:00:00,1310.0,933.0,1082.0,1647.0,946.0,2.2,79.0,8.8,184.0,126.0,8.3,79.8,0.8778
2004-03-11 16:00:00,1292.0,912.0,1103.0,1591.0,957.0,2.2,95.0,8.3,193.0,131.0,9.7,71.2,0.8569
2004-03-11 17:00:00,1383.0,1020.0,1008.0,1719.0,1104.0,2.9,150.0,11.2,243.0,135.0,9.8,67.6,0.8185
2004-03-11 18:00:00,1581.0,1319.0,799.0,2083.0,1409.0,4.8,307.0,20.8,281.0,151.0,10.3,64.2,0.8065
2004-03-11 19:00:00,1776.0,1488.0,702.0,2333.0,1704.0,6.9,461.0,27.4,383.0,172.0,9.7,69.3,0.8319
2004-03-11 20:00:00,1640.0,1404.0,743.0,2191.0,1654.0,6.1,401.0,24.0,351.0,165.0,9.6,67.8,0.8133
2004-03-11 21:00:00,1313.0,1076.0,957.0,1707.0,1285.0,3.9,197.0,12.8,240.0,136.0,9.1,64.0,0.7419
2004-03-11 22:00:00,965.0,749.0,1325.0,1333.0,821.0,1.5,61.0,4.7,94.0,85.0,8.2,63.4,0.6905
2004-03-11 23:00:00,913.0,629.0,1565.0,1252.0,552.0,1.0,26.0,2.6,47.0,53.0,8.2,60.8,0.6657
2004-03-12 00:00:00,1080.0,805.0,1254.0,1375.0,816.0,1.7,55.0,5.9,122.0,97.0,8.3,58.5,0.6438
2004-03-12 01:00:00,1044.0,829.0,1247.0,1378.0,832.0,1.9,53.0,6.4,133.0,110.0,7.7,59.7,0.6308
2004-03-12 02:00:00,988.0,718.0,1396.0,1304.0,692.0,1.4,40.0,4.1,82.0,91.0,7.1,61.8,0.6276
2004-03-12 03:00:00,889.0,574.0,1680.0,1187.0,512.0,0.8,21.0,1.9,,,7.0,62.3,0.6261
2004-03-12 04:00:00,831.0,506.0,1893.0,1134.0,384.0,,10.0,1.1,21.0,32.0,6.1,65.9,0.6248
2004-03-12 05:00:00,847.0,501.0,1895.0,1155.0,394.0,0.6,7.0,1.0,30.0,44.0,6.3,65.0,0.6233
2004-03-12 06:00:00,927.0,571.0,1685.0,1223.0,487.0,0.8,17.0,1.8,56.0,71.0,6.8,62.9,0.6234
2004-03-12 07:00:00,1091.0,730.0,1387.0,1361.0,748.0,1.4,33.0,4.4,109.0,104.0,6.4,65.1,0.6316
2004-03-12 08:00:00,1587.0,1236.0,897.0,1900.0,1400.0,4.4,202.0,17.9,307.0,141.0,7.3,63.1,0.6499
2004-03-12 09:00:00,1545.0,1353.0,767.0,2058.0,1588.0,,,22.1,,,9.2,56.2,0.6561
2004-03-12 10:00:00,1350.0,1118.0,912.0,1712.0,1237.0,3.1,208.0,14.0,187.0,122.0,13.2,41.7,0.632
2004-03-12 11:00:00,1263.0,1037.0,969.0,1598.0,1167.0,2.7,166.0,11.6,216.0,143.0,14.3,38.4,0.6243
2004-03-12 12:00:00,1206.0,986.0,1035.0,1537.0,959.0,2.1,114.0,10.2,143.0,113.0,15.0,36.5,0.6195
2004-03-12 13:00:00,1252.0,1016.0,1008.0,1593.0,983.0,2.5,140.0,11.0,160.0,116.0,16.1,34.5,0.6262
2004-03-12 14:00:00,1287.0,1078.0,949.0,1660.0,1061.0,2.7,169.0,12.8,163.0,123.0,16.3,35.7,0.656
2004-03-12 15:00:00,1353.0,1122.0,922.0,1740.0,1139.0,2.9,185.0,14.2,190.0,126.0,15.8,37.0,0.661
2004-03-12 16:00:00,1309.0,1073.0,954.0,1657.0,1112.0,2.8,165.0,12.7,178.0,120.0,15.9,37.2,0.6657
2004-03-12 17:00:00,1274.0,1041.0,1006.0,1610.0,994.0,2.4,133.0,11.7,150.0,119.0,16.9,34.3,0.6549
2004-03-12 18:00:00,1510.0,1277.0,812.0,1910.0,1410.0,3.9,233.0,19.3,206.0,149.0,15.1,39.6,0.6766
2004-03-12 19:00:00,1525.0,1246.0,821.0,1847.0,1448.0,3.7,242.0,18.2,202.0,145.0,14.4,43.4,0.7084
2004-03-12 20:00:00,1843.0,1610.0,624.0,2390.0,1887.0,6.6,488.0,32.6,340.0,170.0,12.9,50.5,0.7478
2004-03-12 21:00:00,1598.0,1299.0,752.0,1941.0,1627.0,4.4,333.0,20.1,274.0,149.0,12.1,53.3,0.7536
2004-03-12 22:00:00,1484.0,1127.0,839.0,1723.0,1491.0,3.5,215.0,14.3,253.0,139.0,11.0,59.1,0.774
2004-03-12 23:00:00,1677.0,1346.0,741.0,2062.0,1657.0,5.4,367.0,21.8,300.0,134.0,9.7,64.6,0.7771
2004-03-13 00:00:00,1280.0,964.0,963.0,1544.0,1285.0,2.7,122.0,9.6,193.0,113.0,9.5,64.1,0.7597
2004-03-13 01:00:00,1196.0,873.0,1071.0,1463.0,1144.0,1.9,67.0,7.4,139.0,97.0,9.1,63.9,0.7423
2004-03-13 02:00:00,1184.0,782.0,1176.0,1365.0,1043.0,1.6,43.0,5.4,83.0,82.0,8.8,63.9,0.7256
2004-03-13 03:00:00,1172.0,783.0,1179.0,1380.0,996.0,1.7,46.0,5.4,,,7.8,67.5,0.7173
2004-03-13 04:00:00,1147.0,821.0,1132.0,1412.0,992.0,,56.0,6.2,109.0,83.0,7.0,71.1,0.7158
2004-03-13 05:00:00,978.0,625.0,1420.0,1274.0,819.0,1.0,30.0,2.6,62.0,65.0,8.3,63.6,0.6982
2004-03-13 06:00:00,1100.0,646.0,1406.0,1268.0,835.0,1.2,27.0,2.9,53.0,60.0,7.2,67.5,0.6887
2004-03-13 07:00:00,1112.0,770.0,1228.0,1409.0,940.0,1.5,47.0,5.1,139.0,77.0,6.3,71.9,0.6932
2004-03-13 08:00:00,1336.0,1043.0,935.0,1678.0,1192.0,2.7,132.0,11.8,256.0,96.0,6.5,71.6,0.6945
2004-03-13 09:00:00,1408.0,1153.0,830.0,1777.0,1411.0,3.7,239.0,15.1,295.0,119.0,9.6,59.7,0.7124
2004-03-13 10:00:00,1447.0,1081.0,869.0,1667.0,1465.0,3.2,160.0,12.9,250.0,126.0,12.4,51.2,0.7335
2004-03-13 11:00:00,1542.0,1184.0,808.0,1780.0,1583.0,4.1,283.0,16.1,296.0,158.0,15.6,42.2,0.7451
2004-03-13 12:00:00,1451.0,1117.0,875.0,1679.0,1387.0,3.6,210.0,14.0,239.0,161.0,18.4,33.8,0.709
2004-03-13 13:00:00,1328.0,1059.0,987.0,1600.0,1101.0,2.8,154.0,12.3,153.0,124.0,19.4,31.3,0.695
2004-03-13 14:00:00,1207.0,924.0,1088.0,1488.0,850.0,2.0,112.0,8.6,118.0,102.0,18.0,34.8,0.7127
2004-03-13 15:00:00,1240.0,947.0,1049.0,1532.0,947.0,2.0,108.0,9.2,119.0,116.0,18.4,33.6,0.7042
2004-03-13 16:00:00,1306.0,987.0,1004.0,1554.0,1078.0,2.5,111.0,10.2,138.0,124.0,17.6,35.1,0.7012
2004-03-13 17:00:00,1326.0,1000.0,976.0,1602.0,1084.0,2.3,97.0,10.6,148.0,125.0,16.7,37.8,0.7117
2004-03-13 18:00:00,1473.0,1163.0,831.0,1779.0,1395.0,3.2,191.0,15.5,227.0,148.0,16.1,41.0,0.7451
2004-03-13 19:00:00,1609.0,1286.0,758.0,1922.0,1612.0,4.2,258.0,19.6,277.0,165.0,15.8,42.4,0.7569
2004-03-13 20:00:00,1611.0,1274.0,754.0,1915.0,1697.0,4.2,284.0,19.2,279.0,161.0,15.7,44.1,0.7786
2004-03-13 21:00:00,1621.0,1247.0,762.0,1860.0,1886.0,4.2,269.0,18.3,283.0,159.0,15.3,46.8,0.8091
2004-03-13 22:00:00,1444.0,1089.0,844.0,1748.0,1624.0,3.1,180.0,13.1,214.0,143.0,14.6,48.6,0.806
2004-03-13 23:00:00,1418.0,1010.0,892.0,1603.0,1536.0,2.6,116.0,10.9,172.0,130.0,14.7,49.3,0.8193
2004-03-14 00:00:00,1534.0,1013.0,889.0,1611.0,1535.0,2.9,93.0,11.0,190.0,129.0,13.9,53.6,0.8498
2004-03-14 01:00:00,1484.0,1045.0,880.0,1624.0,1530.0,2.8,131.0,11.9,174.0,119.0,14.6,51.5,0.8536
2004-03-14 02:00:00,1367.0,925.0,953.0,1543.0,1337.0,2.5,92.0,8.6,128.0,104.0,12.5,58.9,0.8537
2004-03-14 03:00:00,1344.0,968.0,921.0,1620.0,1278.0,2.4,132.0,9.7,,,11.6,63.4,0.8674
2004-03-14 04:00:00,1130.0,773.0,1130.0,1452.0,1051.0,,56.0,5.2,70.0,82.0,12.1,61.1,0.8603
2004-03-14 05:00:00,1062.0,691.0,1272.0,1377.0,929.0,1.2,32.0,3.7,53.0,70.0,11.5,63.1,0.8533
2004-03-14 06:00:00,1076.0,618.0,1395.0,1333.0,872.0,1.0,29.0,2.5,44.0,63.0,11.6,62.2,0.8473
2004-03-14 07:00:00,1028.0,615.0,1384.0,1340.0,853.0,0.9,27.0,2.4,74.0,67.0,10.4,67.6,0.853
2004-03-14 08:00:00,1155.0,722.0,1225.0,1414.0,959.0,1.4,36.0,4.2,101.0,84.0,11.6,62.7,0.853
2004-03-14 09:00:00,1235.0,828.0,1055.0,1527.0,1093.0,1.6,57.0,6.4,118.0,83.0,12.4,60.0,0.8627
2004-03-14 10:00:00,1332.0,923.0,952.0,1614.0,1225.0,2.2,129.0,8.6,144.0,98.0,14.5,53.1,0.8728
2004-03-14 11:00:00,1445.0,1009.0,878.0,1696.0,1355.0,2.8,148.0,10.9,176.0,114.0,16.9,46.1,0.8789
2004-03-14 12:00:00,1416.0,1002.0,907.0,1677.0,1262.0,2.8,145.0,10.7,161.0,119.0,19.3,38.3,0.8474
2004-03-14 13:00:00,1281.0,880.0,1084.0,1525.0,980.0,2.0,93.0,7.5,113.0,104.0,21.2,31.4,0.7812
2004-03-14 14:00:00,1207.0,879.0,1104.0,1490.0,872.0,1.8,84.0,7.5,103.0,102.0,21.4,30.2,0.7616
2004-03-14 15:00:00,1258.0,906.0,1081.0,1511.0,900.0,1.9,99.0,8.2,112.0,107.0,21.9,29.0,0.7525
2004-03-14 16:00:00,1458.0,1045.0,974.0,1646.0,1099.0,3.0,150.0,11.9,170.0,129.0,22.2,28.4,0.7516
2004-03-14 17:00:00,1438.0,1051.0,943.0,1668.0,1206.0,2.9,156.0,12.0,180.0,128.0,21.3,30.8,0.7696
2004-03-14 18:00:00,1478.0,1055.0,929.0,1671.0,1262.0,2.5,122.0,12.2,160.0,121.0,19.7,36.7,0.8307
2004-03-14 19:00:00,1808.0,1312.0,753.0,1993.0,1698.0,4.6,262.0,20.6,261.0,157.0,18.4,41.7,0.8732
2004-03-14 20:00:00,1898.0,1381.0,681.0,2103.0,1905.0,5.9,341.0,23.1,325.0,173.0,17.6,46.1,0.921
2004-03-14 21:00:00,1560.0,1140.0,784.0,1818.0,1648.0,3.4,214.0,14.7,217.0,146.0,16.7,49.6,0.932
2004-03-14 22:00:00,1324.0,940.0,924.0,1587.0,1423.0,2.1,100.0,9.0,146.0,121.0,16.3,51.0,0.9341
2004-03-14 23:00:00,1349.0,933.0,933.0,1617.0,1349.0,2.2,79.0,8.8,152.0,119.0,14.7,55.9,0.9314
2004-03-15 00:00:00,1239.0,872.0,985.0,1547.0,1250.0,1.8,66.0,7.4,104.0,99.0,14.8,54.7,0.9164
2004-03-15 01:00:00,1239.0,853.0,1010.0,1543.0,1174.0,1.8,73.0,6.9,106.0,93.0,14.0,57.0,0.9094
2004-03-15 02:00:00,1224.0,855.0,998.0,1566.0,1149.0,1.8,66.0,7.0,108.0,88.0,13.4,61.3,0.9361
2004-03-15 03:00:00,1078.0,734.0,1128.0,1487.0,1021.0,1.1,44.0,4.4,,,12.6,63.5,0.923
2004-03-15 04:00:00,1078.0,711.0,1150.0,1468.0,1013.0,,44.0,4.0,66.0,71.0,12.3,65.4,0.9351
2004-03-15 05:00:00,1075.0,703.0,1156.0,1464.0,1010.0,1.0,39.0,3.9,88.0,74.0,11.9,67.4,0.9375
2004-03-15 06:00:00,1157.0,830.0,1030.0,1584.0,1083.0,1.4,51.0,6.4,138.0,80.0,11.4,70.5,0.9475
2004-03-15 07:00:00,1314.0,966.0,897.0,1710.0,1235.0,2.2,107.0,9.7,228.0,89.0,11.3,70.2,0.9401
2004-03-15 08:00:00,1797.0,1451.0,652.0,2323.0,1680.0,5.5,336.0,25.9,360.0,114.0,12.4,63.9,0.917
2004-03-15 09:00:00,1961.0,1701.0,537.0,2665.0,2184.0,8.1,618.0,36.7,478.0,149.0,14.8,54.3,0.9076
2004-03-15 10:00:00,1771.0,1470.0,622.0,2262.0,1973.0,5.8,438.0,26.6,394.0,157.0,17.4,45.6,0.8993
2004-03-15 11:00:00,1564.0,1300.0,710.0,2029.0,1798.0,4.2,334.0,20.1,319.0,155.0,19.8,38.5,0.8801
2004-03-15 12:00:00,1430.0,1120.0,831.0,1783.0,1522.0,3.1,221.0,14.1,201.0,134.0,22.0,34.1,0.8904
2004-03-15 13:00:00,1417.0,1146.0,830.0,1831.0,1404.0,2.9,207.0,14.9,171.0,119.0,23.3,32.2,0.9096
2004-03-15 14:00:00,1400.0,1162.0,838.0,1829.0,1263.0,2.9,191.0,15.4,159.0,111.0,23.9,30.0,0.8757
2004-03-15 15:00:00,1317.0,1053.0,926.0,1707.0,1137.0,2.5,185.0,12.1,153.0,104.0,24.4,28.9,0.8736
2004-03-15 16:00:00,1318.0,1033.0,950.0,1675.0,1068.0,2.3,141.0,11.5,143.0,99.0,24.4,29.4,0.8848
2004-03-15 17:00:00,1445.0,1141.0,857.0,1824.0,1252.0,2.8,214.0,14.8,156.0,110.0,23.8,31.3,0.9137
2004-03-15 18:00:00,1917.0,1601.0,631.0,2447.0,1843.0,6.1,471.0,32.1,314.0,162.0,22.5,35.4,0.9547
2004-03-15 19:00:00,2040.0,1754.0,542.0,2679.0,2122.0,8.0,685.0,39.2,404.0,187.0,20.4,42.5,1.0086
2004-03-15 20:00:00,1895.0,1573.0,565.0,2443.0,1992.0,6.5,538.0,31.0,320.0,165.0,18.3,52.6,1.0945
2004-03-15 21:00:00,1595.0,1294.0,678.0,2058.0,1707.0,4.2,319.0,19.9,256.0,145.0,16.7,57.4,1.0786
2004-03-15 22:00:00,1439.0,1159.0,764.0,1856.0,1494.0,3.2,224.0,15.3,193.0,125.0,15.7,60.2,1.0654
2004-03-15 23:00:00,1142.0,852.0,1008.0,1547.0,1164.0,1.4,67.0,6.9,89.0,101.0,15.3,61.4,1.058
2004-03-16 00:00:00,1304.0,1019.0,852.0,1731.0,1272.0,2.1,155.0,11.1,127.0,103.0,14.1,65.7,1.0494
2004-03-16 01:00:00,1074.0,784.0,1098.0,1483.0,1040.0,1.2,49.0,5.4,79.0,88.0,14.8,60.6,1.0148
2004-03-16 02:00:00,968.0,640.0,1320.0,1386.0,867.0,0.8,29.0,2.8,43.0,61.0,14.8,59.2,0.9879
2004-03-16 03:00:00,929.0,608.0,1376.0,1364.0,826.0,0.7,25.0,2.3,,,13.6,62.1,0.9636
2004-03-16 04:00:00,941.0,626.0,1316.0,1373.0,840.0,,25.0,2.6,59.0,59.0,12.3,66.2,0.945
2004-03-16 05:00:00,937.0,585.0,1412.0,1348.0,793.0,0.6,17.0,2.0,38.0,52.0,12.8,63.2,0.9283
2004-03-16 06:00:00,1017.0,681.0,1246.0,1418.0,870.0,0.9,27.0,3.5,82.0,64.0,11.2,68.5,0.9081
2004-03-16 07:00:00,1171.0,770.0,1162.0,1467.0,930.0,1.3,50.0,5.1,99.0,70.0,11.0,66.5,0.8705
2004-03-16 08:00:00,1541.0,1185.0,770.0,1889.0,1407.0,3.4,218.0,16.2,263.0,97.0,11.7,63.7,0.8719
2004-03-16 09:00:00,1539.0,1287.0,698.0,2055.0,1507.0,3.7,285.0,19.7,229.0,95.0,13.6,56.3,0.8743
2004-03-16 10:00:00,1735.0,1431.0,628.0,2211.0,1843.0,5.3,437.0,25.1,396.0,150.0,17.8,42.9,0.8672
2004-03-16 11:00:00,1571.0,1297.0,730.0,1973.0,1729.0,4.1,327.0,20.0,314.0,162.0,21.4,33.3,0.8417
2004-03-16 12:00:00,1452.0,1250.0,776.0,1868.0,1583.0,3.3,283.0,18.3,217.0,154.0,24.4,27.4,0.8231
2004-03-16 13:00:00,1579.0,1359.0,724.0,1998.0,1671.0,4.0,366.0,22.3,252.0,161.0,25.3,26.1,0.8264
2004-03-16 14:00:00,1466.0,1309.0,773.0,1897.0,1491.0,3.8,318.0,20.4,263.0,161.0,25.8,23.2,0.7589
2004-03-16 15:00:00,1280.0,1136.0,893.0,1675.0,1240.0,2.8,228.0,14.6,180.0,128.0,27.0,20.2,0.7094
2004-03-16 16:00:00,1407.0,1197.0,905.0,1759.0,1313.0,2.9,201.0,16.6,184.0,129.0,28.2,18.6,0.7014
2004-03-16 17:00:00,1389.0,1173.0,898.0,1739.0,1363.0,2.9,199.0,15.8,190.0,133.0,28.0,19.1,0.7098
2004-03-16 18:00:00,1447.0,1235.0,859.0,1778.0,1296.0,3.4,237.0,17.8,184.0,139.0,23.9,25.7,0.7519
2004-03-16 19:00:00,1551.0,1271.0,800.0,1875.0,1432.0,3.9,261.0,19.1,181.0,137.0,21.3,34.8,0.873
2004-03-16 20:00:00,1474.0,1173.0,854.0,1776.0,1432.0,3.2,230.0,15.8,166.0,143.0,20.4,36.7,0.8704
2004-03-16 21:00:00,1800.0,1426.0,700.0,2106.0,2034.0,5.1,349.0,24.9,317.0,177.0,19.0,41.3,0.9007
2004-03-16 22:00:00,1379.0,1101.0,818.0,1710.0,1602.0,2.6,183.0,13.5,184.0,138.0,17.9,45.9,0.9342
2004-03-16 23:00:00,1201.0,943.0,935.0,1560.0,1362.0,1.7,88.0,9.1,130.0,117.0,16.7,48.9,0.9226
2004-03-17 00:00:00,1205.0,925.0,922.0,1547.0,1314.0,1.7,85.0,8.6,132.0,107.0,15.5,52.9,0.9271
2004-03-17 01:00:00,1072.0,784.0,1066.0,1442.0,1114.0,1.2,47.0,5.4,95.0,90.0,15.5,51.9,0.9059
2004-03-17 02:00:00,998.0,714.0,1169.0,1383.0,992.0,0.9,34.0,4.1,70.0,79.0,14.1,55.6,0.891
2004-03-17 03:00:00,933.0,625.0,1292.0,1332.0,884.0,0.7,26.0,2.6,,,13.1,57.9,0.8666
2004-03-17 04:00:00,883.0,577.0,1396.0,1303.0,808.0,,17.0,1.9,54.0,60.0,12.7,57.9,0.8447
2004-03-17 05:00:00,869.0,554.0,1460.0,1268.0,667.0,0.5,11.0,1.6,28.0,40.0,11.8,58.0,0.8026
2004-03-17 06:00:00,891.0,576.0,1417.0,1289.0,733.0,0.5,18.0,1.9,46.0,53.0,11.9,57.4,0.7978
2004-03-17 07:00:00,1173.0,878.0,1038.0,1556.0,1052.0,1.6,84.0,7.5,160.0,84.0,9.9,65.2,0.7956
2004-03-17 08:00:00,1587.0,1334.0,702.0,1999.0,1534.0,4.1,260.0,21.4,320.0,108.0,11.1,60.2,0.7958
2004-03-17 09:00:00,1852.0,1696.0,553.0,2535.0,1931.0,6.6,534.0,36.4,377.0,127.0,14.1,50.0,0.802
2004-03-17 10:00:00,1522.0,1331.0,703.0,2026.0,1734.0,4.3,368.0,21.3,280.0,134.0,17.7,40.1,0.8048
2004-03-17 11:00:00,1438.0,1161.0,819.0,1782.0,1595.0,2.9,200.0,15.4,221.0,135.0,21.1,33.4,0.8265
2004-03-17 12:00:00,1393.0,1067.0,905.0,1654.0,1490.0,2.5,145.0,12.5,210.0,142.0,24.3,28.3,0.8471
2004-03-17 13:00:00,1452.0,1152.0,861.0,1747.0,1508.0,2.8,188.0,15.1,204.0,153.0,25.6,25.6,0.8254
2004-03-17 14:00:00,1389.0,1108.0,887.0,1712.0,1334.0,2.6,152.0,13.7,161.0,123.0,25.9,25.9,0.8503
2004-03-17 15:00:00,1207.0,994.0,1013.0,1520.0,1045.0,2.0,103.0,10.4,135.0,104.0,26.8,18.7,0.65
2004-03-17 16:00:00,1365.0,1154.0,940.0,1679.0,1221.0,2.9,193.0,15.2,186.0,129.0,29.3,15.8,0.6309
2004-03-17 17:00:00,1247.0,1060.0,1032.0,1525.0,1069.0,2.5,134.0,12.3,147.0,114.0,28.5,14.9,0.5708
2004-03-17 18:00:00,1557.0,1478.0,793.0,1981.0,1569.0,5.0,386.0,27.0,299.0,158.0,25.9,16.0,0.5237
2004-03-17 19:00:00,1973.0,1737.0,617.0,2414.0,2306.0,7.6,577.0,38.4,411.0,194.0,23.1,26.5,0.7403
2004-03-17 20:00:00,1975.0,1667.0,597.0,2416.0,2359.0,6.7,523.0,35.1,347.0,182.0,20.5,38.2,0.9133
2004-03-17 21:00:00,1795.0,1485.0,653.0,2174.0,2050.0,5.7,472.0,27.2,336.0,180.0,19.1,42.6,0.9294
2004-03-17 22:00:00,1444.0,1150.0,770.0,1727.0,1727.0,2.8,206.0,15.0,202.0,136.0,17.2,44.1,0.8558
2004-03-17 23:00:00,1488.0,1171.0,731.0,1778.0,1705.0,2.6,216.0,15.7,178.0,127.0,16.0,50.9,0.9206
2004-03-18 00:00:00,1371.0,1083.0,796.0,1669.0,1551.0,2.3,159.0,13.0,154.0,116.0,14.8,53.9,0.9024
2004-03-18 01:00:00,1161.0,904.0,947.0,1502.0,1240.0,1.4,70.0,8.1,92.0,107.0,14.3,55.4,0.8975
2004-03-18 02:00:00,1064.0,787.0,1057.0,1407.0,1115.0,1.0,44.0,5.5,61.0,88.0,14.8,52.1,0.8686
2004-03-18 03:00:00,970.0,687.0,1196.0,1351.0,969.0,0.7,42.0,3.6,,,13.9,53.9,0.8501
2004-03-18 04:00:00,954.0,645.0,1260.0,1334.0,925.0,,28.0,2.9,60.0,78.0,11.6,61.9,0.8442
2004-03-18 05:00:00,931.0,623.0,1293.0,1307.0,828.0,0.6,20.0,2.5,37.0,57.0,12.0,58.9,0.8233
2004-03-18 06:00:00,938.0,650.0,1251.0,1333.0,893.0,0.7,26.0,3.0,68.0,71.0,10.9,62.1,0.8113
2004-03-18 07:00:00,1166.0,885.0,1005.0,1551.0,1075.0,1.5,78.0,7.7,139.0,85.0,10.6,63.3,0.8067
2004-03-18 08:00:00,1643.0,1384.0,667.0,2094.0,1610.0,4.7,319.0,23.3,339.0,124.0,11.5,60.0,0.8117
2004-03-18 09:00:00,1934.0,1682.0,541.0,2468.0,2051.0,6.6,506.0,35.8,421.0,151.0,14.3,50.6,0.8186
2004-03-18 10:00:00,1617.0,1333.0,686.0,2010.0,1819.0,4.5,,21.3,349.0,150.0,17.8,40.5,0.821
2004-03-18 11:00:00,1473.0,1127.0,831.0,1752.0,1568.0,2.8,,14.3,224.0,152.0,20.8,34.4,0.8365
2004-03-18 12:00:00,1379.0,1068.0,899.0,1663.0,1374.0,2.2,,12.5,171.0,139.0,23.8,28.2,0.8219
2004-03-18 13:00:00,1385.0,1056.0,891.0,1648.0,1268.0,2.2,,12.2,149.0,133.0,24.2,28.7,0.8515
2004-03-18 14:00:00,1379.0,1087.0,901.0,1660.0,1144.0,2.3,,13.1,137.0,126.0,25.2,24.9,0.7829
2004-03-18 15:00:00,1322.0,1129.0,934.0,1639.0,1109.0,2.2,,14.4,149.0,128.0,27.0,17.8,0.6275
2004-03-18 16:00:00,1496.0,1205.0,822.0,1767.0,1347.0,2.8,,16.8,172.0,169.0,27.1,23.1,0.818
2004-03-18 17:00:00,1409.0,1131.0,873.0,1689.0,1206.0,2.7,,14.5,166.0,149.0,25.8,23.9,0.7832
2004-03-18 18:00:00,1513.0,1338.0,764.0,1957.0,1397.0,3.7,,21.5,214.0,156.0,23.0,26.8,0.7446
2004-03-18 19:00:00,1667.0,1464.0,683.0,2118.0,1588.0,5.1,,26.4,280.0,168.0,20.7,31.1,0.7523
2004-03-18 20:00:00,1667.0,1453.0,684.0,2051.0,1569.0,5.1,,26.0,276.0,176.0,18.6,36.2,0.7676
2004-03-18 21:00:00,1430.0,1121.0,814.0,1732.0,1322.0,3.2,,14.1,178.0,135.0,16.0,48.4,0.8768
2004-03-18 22:00:00,1333.0,989.0,885.0,1621.0,1194.0,2.1,,10.3,129.0,121.0,14.5,57.8,0.9456
2004-03-18 23:00:00,1262.0,911.0,948.0,1545.0,1062.0,1.7,,8.3,95.0,99.0,13.1,64.2,0.9606
2004-03-19 00:00:00,1287.0,936.0,918.0,1606.0,1040.0,2.0,,8.9,126.0,106.0,12.0,69.7,0.9735
2004-03-19 01:00:00,1134.0,840.0,1021.0,1501.0,917.0,1.6,,6.6,103.0,96.0,11.9,71.1,0.9915
2004-03-19 02:00:00,999.0,688.0,1229.0,1380.0,594.0,0.9,,3.6,48.0,63.0,12.5,69.3,1.0029
2004-03-19 03:00:00,961.0,622.0,1382.0,1301.0,430.0,0.7,,2.5,,,12.5,67.5,0.9768
2004-03-19 04:00:00,934.0,569.0,1440.0,1280.0,397.0,,,1.8,20.0,32.0,12.3,67.7,0.9665
2004-03-19 05:00:00,913.0,525.0,1620.0,1260.0,370.0,0.5,,1.3,18.0,28.0,12.5,66.8,0.962
2004-03-19 06:00:00,969.0,607.0,1373.0,1324.0,438.0,0.7,,2.3,56.0,61.0,12.3,66.3,0.9487
2004-03-19 07:00:00,1182.0,845.0,1054.0,1539.0,704.0,1.5,,6.7,115.0,99.0,12.4,64.9,0.9332
2004-03-19 08:00:00,1740.0,1372.0,671.0,2144.0,1476.0,4.8,,22.8,320.0,157.0,13.0,61.6,0.9209
2004-03-19 09:00:00,1819.0,1582.0,575.0,2456.0,1716.0,6.2,,31.3,357.0,166.0,13.6,58.8,0.912
2004-03-19 10:00:00,1427.0,1275.0,701.0,1980.0,1398.0,4.0,,19.2,253.0,149.0,13.9,57.1,0.9032
2004-03-19 11:00:00,1390.0,1191.0,759.0,1879.0,1268.0,3.3,,16.4,218.0,135.0,14.5,54.4,0.8917
2004-03-19 12:00:00,1283.0,1117.0,813.0,1751.0,1188.0,2.8,,14.0,192.0,127.0,15.5,50.1,0.8744
2004-03-19 13:00:00,1304.0,1157.0,793.0,1801.0,1171.0,3.0,,15.3,176.0,122.0,16.1,47.6,0.8655
2004-03-19 14:00:00,1364.0,1202.0,771.0,1875.0,1250.0,3.3,,16.7,198.0,135.0,16.3,47.1,0.864
2004-03-19 15:00:00,1410.0,1268.0,724.0,1957.0,1344.0,3.5,,19.0,212.0,139.0,16.4,47.5,0.8791
2004-03-19 16:00:00,1476.0,1280.0,708.0,1955.0,1378.0,4.0,,19.4,249.0,147.0,16.1,50.2,0.9094
2004-03-19 17:00:00,1522.0,1320.0,690.0,2005.0,1435.0,4.6,,20.9,270.0,158.0,16.0,50.7,0.9142
2004-03-19 18:00:00,1442.0,1301.0,704.0,1952.0,1372.0,4.1,,20.2,231.0,146.0,15.8,50.3,0.8989
2004-03-19 19:00:00,1469.0,1344.0,677.0,1997.0,1471.0,4.5,,21.7,251.0,144.0,15.5,50.6,0.884
2004-03-19 20:00:00,1467.0,1292.0,698.0,1942.0,1439.0,3.9,,19.8,210.0,138.0,15.4,51.4,0.8956
2004-03-19 21:00:00,1421.0,1202.0,748.0,1854.0,1429.0,4.0,,16.7,249.0,143.0,15.2,53.1,0.9117
2004-03-19 22:00:00,1175.0,945.0,904.0,1604.0,1081.0,2.2,,9.1,143.0,116.0,14.7,57.6,0.9573
2004-03-19 23:00:00,1215.0,912.0,948.0,1547.0,993.0,2.1,,8.3,127.0,109.0,14.2,58.3,0.938
2004-03-20 00:00:00,1127.0,802.0,1064.0,1447.0,837.0,1.7,,5.8,104.0,92.0,13.8,57.9,0.9085
2004-03-20 01:00:00,1090.0,773.0,1105.0,1429.0,761.0,1.6,,5.2,86.0,83.0,13.9,55.9,0.8842
2004-03-20 02:00:00,1017.0,718.0,1182.0,1382.0,650.0,1.3,,4.1,74.0,81.0,13.9,55.6,0.8765
2004-03-20 03:00:00,997.0,677.0,1252.0,1359.0,591.0,1.3,,3.4,,,13.8,55.1,0.8666
2004-03-20 04:00:00,945.0,646.0,1308.0,1332.0,505.0,,,2.9,44.0,55.0,13.8,54.6,0.8574
2004-03-20 05:00:00,956.0,661.0,1260.0,1351.0,518.0,0.8,,3.1,42.0,53.0,13.6,55.1,0.856
2004-03-20 06:00:00,966.0,622.0,1317.0,1342.0,571.0,0.8,,2.5,63.0,67.0,13.6,59.0,0.9129
2004-03-20 07:00:00,1064.0,728.0,1161.0,1461.0,842.0,1.1,,4.3,115.0,91.0,13.5,58.4,0.896
2004-03-20 08:00:00,1300.0,935.0,902.0,1623.0,1145.0,2.1,,8.9,170.0,113.0,13.8,58.0,0.9083
2004-03-20 09:00:00,1348.0,998.0,834.0,1689.0,1218.0,2.4,,10.5,147.0,102.0,14.6,53.1,0.8765
2004-03-20 10:00:00,1425.0,1068.0,776.0,1764.0,1341.0,2.6,,12.5,166.0,107.0,15.0,52.3,0.8881
2004-03-20 11:00:00,1474.0,1061.0,768.0,1768.0,1406.0,2.8,,12.3,195.0,113.0,15.4,52.1,0.9046
2004-03-20 12:00:00,1490.0,1039.0,782.0,1757.0,1422.0,2.6,,11.7,182.0,108.0,16.3,50.0,0.9158
2004-03-20 13:00:00,1495.0,1040.0,809.0,1735.0,1373.0,2.6,,11.7,168.0,105.0,17.1,47.9,0.9281
2004-03-20 14:00:00,1376.0,953.0,900.0,1636.0,1153.0,2.1,,9.3,125.0,93.0,19.0,42.9,0.937
2004-03-20 15:00:00,1305.0,884.0,980.0,1573.0,927.0,1.7,,7.6,95.0,87.0,19.5,42.3,0.9476
2004-03-20 16:00:00,1283.0,844.0,1036.0,1539.0,766.0,1.6,,6.7,79.0,76.0,19.5,42.3,0.9493
2004-03-20 17:00:00,1392.0,967.0,930.0,1649.0,941.0,2.1,,9.7,119.0,94.0,19.1,43.8,0.9556
2004-03-20 18:00:00,1452.0,1063.0,856.0,1774.0,1146.0,2.3,,12.4,142.0,110.0,18.5,46.3,0.9744
2004-03-20 19:00:00,1633.0,1199.0,734.0,1919.0,1417.0,3.5,,16.6,215.0,136.0,17.4,51.6,1.0159
2004-03-20 20:00:00,1625.0,1191.0,733.0,1885.0,1442.0,3.9,,16.4,229.0,139.0,17.1,51.3,0.9914
2004-03-20 21:00:00,1535.0,1108.0,785.0,1820.0,1323.0,3.3,,13.7,206.0,125.0,16.4,53.8,0.9964
2004-03-20 22:00:00,1323.0,973.0,864.0,1712.0,1125.0,2.3,,9.9,147.0,111.0,16.2,55.4,1.0132
2004-03-20 23:00:00,1309.0,937.0,905.0,1672.0,1036.0,2.1,,8.9,122.0,97.0,15.9,57.7,1.0356
2004-03-21 00:00:00,1456.0,999.0,835.0,1714.0,1202.0,2.8,,10.6,175.0,107.0,15.7,58.6,1.0396
2004-03-21 01:00:00,1300.0,872.0,941.0,1577.0,1054.0,2.1,,7.4,133.0,90.0,15.1,60.9,1.0398
2004-03-21 02:00:00,1203.0,823.0,1004.0,1526.0,903.0,1.6,,6.2,89.0,84.0,15.6,56.6,0.9951
2004-03-21 03:00:00,1195.0,836.0,987.0,1554.0,885.0,1.6,,6.5,,,15.2,57.9,0.9941
2004-03-21 04:00:00,1117.0,802.0,1029.0,1539.0,818.0,,,5.8,85.0,87.0,15.4,57.8,1.0021
2004-03-21 05:00:00,1062.0,711.0,1136.0,1461.0,700.0,1.1,,4.0,55.0,66.0,14.9,60.6,1.0196
2004-03-21 06:00:00,947.0,594.0,1300.0,1390.0,580.0,0.7,,2.1,24.0,36.0,14.5,63.0,1.0316
2004-03-21 07:00:00,1065.0,687.0,1143.0,1492.0,815.0,0.8,,3.6,72.0,62.0,14.2,66.2,1.063
2004-03-21 08:00:00,1155.0,734.0,1062.0,1528.0,1035.0,1.2,,4.4,122.0,91.0,14.5,65.3,1.0704
2004-03-21 09:00:00,1220.0,782.0,996.0,1560.0,1067.0,1.4,,5.4,111.0,89.0,15.3,62.1,1.073
2004-03-21 10:00:00,1301.0,862.0,914.0,1633.0,1114.0,1.7,,7.1,123.0,93.0,16.3,59.0,1.0868
2004-03-21 11:00:00,1279.0,870.0,911.0,1646.0,1000.0,1.8,,7.3,106.0,81.0,18.9,49.6,1.07
2004-03-21 12:00:00,1267.0,883.0,953.0,1617.0,906.0,1.8,,7.6,103.0,82.0,19.4,46.1,1.0249
2004-03-21 13:00:00,1239.0,848.0,981.0,1568.0,822.0,1.9,,6.8,102.0,80.0,20.8,41.6,1.0091
2004-03-21 14:00:00,1128.0,742.0,1144.0,1507.0,610.0,1.3,,4.6,48.0,48.0,21.4,40.3,1.0126
2004-03-21 15:00:00,1243.0,916.0,962.0,1669.0,657.0,1.6,,8.4,63.0,61.0,21.2,39.3,0.9791
2004-03-21 16:00:00,1208.0,853.0,1060.0,1506.0,647.0,1.9,,6.9,98.0,89.0,20.3,38.0,0.8942
2004-03-21 17:00:00,1306.0,938.0,961.0,1607.0,762.0,2.3,,9.0,132.0,105.0,19.4,41.3,0.9206
2004-03-21 18:00:00,1546.0,1151.0,769.0,1874.0,1122.0,3.8,,15.1,173.0,116.0,18.5,43.8,0.9252
2004-03-21 19:00:00,1501.0,1071.0,823.0,1744.0,1130.0,3.5,,12.6,185.0,119.0,17.8,48.1,0.9689
2004-03-21 20:00:00,1605.0,1153.0,769.0,1840.0,1637.0,4.3,,15.1,266.0,144.0,17.9,46.9,0.952
2004-03-21 21:00:00,1316.0,974.0,883.0,1673.0,1272.0,2.8,,9.9,188.0,123.0,17.4,49.1,0.9688
2004-03-21 22:00:00,1195.0,898.0,933.0,1594.0,1098.0,1.9,,8.0,122.0,105.0,17.0,51.7,0.9914
2004-03-21 23:00:00,1211.0,896.0,920.0,1624.0,1066.0,1.9,,7.9,112.0,93.0,16.4,55.1,1.0198
2004-03-22 00:00:00,1161.0,815.0,995.0,1582.0,909.0,1.7,,6.1,93.0,86.0,16.1,60.0,1.0919
2004-03-22 01:00:00,1095.0,767.0,1050.0,1547.0,818.0,1.5,,5.1,74.0,76.0,15.8,60.5,1.0805
2004-03-22 02:00:00,897.0,563.0,1417.0,1355.0,472.0,0.6,,1.7,23.0,33.0,16.3,57.0,1.0491
2004-03-22 03:00:00,842.0,468.0,1813.0,1274.0,394.0,0.4,,0.7,,,16.9,53.9,1.0309
2004-03-22 04:00:00,854.0,481.0,1756.0,1304.0,396.0,,,0.8,17.0,27.0,16.1,55.9,1.0153
2004-03-22 05:00:00,845.0,472.0,1786.0,1278.0,378.0,0.3,,0.7,15.0,23.0,16.5,53.9,1.0049
2004-03-22 06:00:00,942.0,586.0,1480.0,1373.0,432.0,0.6,,2.0,41.0,46.0,16.4,54.0,0.9979
2004-03-22 07:00:00,1090.0,768.0,1072.0,1538.0,699.0,1.2,,5.1,86.0,76.0,15.7,57.6,1.0195
2004-03-22 08:00:00,1514.0,1230.0,732.0,1996.0,1252.0,3.6,,17.7,226.0,116.0,15.8,53.7,0.9571
2004-03-22 09:00:00,1379.0,1252.0,711.0,1962.0,1237.0,3.7,,18.4,214.0,115.0,17.4,42.1,0.8281
2004-03-22 10:00:00,1074.0,854.0,1032.0,1484.0,772.0,1.8,,6.9,115.0,83.0,17.9,38.4,0.7793
2004-03-22 11:00:00,1090.0,868.0,1026.0,1509.0,766.0,1.6,,7.3,124.0,87.0,18.5,36.7,0.7764
2004-03-22 12:00:00,1110.0,964.0,947.0,1577.0,829.0,1.9,,9.6,122.0,90.0,21.0,29.6,0.7263
2004-03-22 13:00:00,1102.0,994.0,955.0,1599.0,783.0,2.0,,10.4,107.0,87.0,21.3,28.1,0.7067
2004-03-22 14:00:00,1100.0,1021.0,952.0,1607.0,822.0,2.2,,11.2,133.0,99.0,21.3,26.1,0.6539
2004-03-22 15:00:00,1094.0,1003.0,965.0,1574.0,813.0,2.1,,10.7,130.0,99.0,21.3,26.8,0.6681
2004-03-22 16:00:00,1076.0,1034.0,964.0,1544.0,813.0,2.3,451.0,11.6,150.0,101.0,21.3,24.2,0.606
2004-03-22 17:00:00,1152.0,1062.0,928.0,1606.0,850.0,2.6,185.0,12.4,138.0,103.0,20.2,28.5,0.6682
2004-03-22 18:00:00,1407.0,1249.0,720.0,1932.0,1276.0,3.8,426.0,18.3,213.0,129.0,17.0,43.1,0.8264
2004-03-22 19:00:00,1438.0,1325.0,678.0,1993.0,1401.0,4.4,672.0,21.0,232.0,143.0,15.6,47.4,0.8347
2004-03-22 20:00:00,1425.0,1325.0,678.0,1965.0,1356.0,4.5,624.0,21.0,238.0,146.0,15.3,47.4,0.8178
2004-03-22 21:00:00,1279.0,1131.0,775.0,1758.0,1243.0,3.3,325.0,14.5,180.0,124.0,14.5,49.7,0.8177
2004-03-22 22:00:00,1132.0,916.0,920.0,1561.0,1083.0,2.0,143.0,8.4,128.0,113.0,13.9,52.0,0.8231
2004-03-22 23:00:00,1006.0,729.0,1142.0,1370.0,795.0,1.1,89.0,4.3,65.0,80.0,14.5,49.4,0.8106
2004-03-23 00:00:00,982.0,700.0,1204.0,1359.0,735.0,0.9,73.0,3.8,53.0,72.0,13.8,51.4,0.8071
2004-03-23 01:00:00,969.0,636.0,1271.0,1309.0,684.0,0.8,48.0,2.7,47.0,64.0,14.0,51.3,0.8163
2004-03-23 02:00:00,941.0,621.0,1298.0,1330.0,714.0,0.7,47.0,2.5,51.0,70.0,13.0,56.8,0.8444
2004-03-23 03:00:00,892.0,522.0,1522.0,1285.0,456.0,0.5,36.0,1.2,,,11.0,70.0,0.9215
2004-03-23 04:00:00,855.0,478.0,1701.0,1261.0,401.0,,25.0,0.8,20.0,31.0,10.1,76.8,0.9483
2004-03-23 05:00:00,834.0,459.0,1908.0,1212.0,361.0,0.3,19.0,0.6,13.0,22.0,8.8,80.5,0.9147
2004-03-23 06:00:00,909.0,567.0,1542.0,1287.0,418.0,0.5,26.0,1.8,33.0,47.0,9.6,75.4,0.9004
2004-03-23 07:00:00,1061.0,745.0,1178.0,1429.0,616.0,1.1,60.0,4.6,103.0,88.0,9.8,75.0,0.9093
2004-03-23 08:00:00,1441.0,1124.0,851.0,1829.0,1089.0,3.0,248.0,14.2,224.0,130.0,10.0,74.2,0.9117
2004-03-23 09:00:00,1498.0,1325.0,684.0,2095.0,1329.0,3.8,535.0,21.0,244.0,132.0,11.2,69.7,0.9232
2004-03-23 10:00:00,1343.0,1185.0,760.0,1857.0,1311.0,3.4,340.0,16.2,237.0,132.0,12.0,62.9,0.8803
2004-03-23 11:00:00,1308.0,1166.0,792.0,1794.0,1236.0,3.0,325.0,15.5,220.0,131.0,12.8,55.8,0.821
2004-03-23 12:00:00,1209.0,1097.0,837.0,1746.0,1147.0,2.7,267.0,13.4,207.0,129.0,13.1,54.8,0.8234
2004-03-23 13:00:00,1310.0,1207.0,770.0,1847.0,1301.0,3.5,325.0,16.9,208.0,132.0,13.8,53.4,0.8351
2004-03-23 14:00:00,1171.0,1064.0,881.0,1639.0,1097.0,2.8,268.0,12.4,160.0,110.0,16.0,42.4,0.7674
2004-03-23 15:00:00,1112.0,980.0,924.0,1589.0,900.0,1.9,136.0,10.1,131.0,99.0,14.1,49.8,0.7971
2004-03-23 16:00:00,1132.0,927.0,944.0,1570.0,781.0,2.0,118.0,8.7,128.0,100.0,12.0,61.1,0.8537
2004-03-23 17:00:00,1225.0,1111.0,818.0,1719.0,1013.0,3.0,276.0,13.8,176.0,122.0,13.6,54.6,0.8465
2004-03-23 18:00:00,1065.0,953.0,962.0,1514.0,790.0,1.9,151.0,9.3,107.0,97.0,13.7,49.5,0.7695
2004-03-23 19:00:00,1236.0,1084.0,854.0,1688.0,1059.0,2.7,236.0,13.0,131.0,112.0,11.7,57.1,0.7822
2004-03-23 20:00:00,1309.0,1126.0,812.0,1722.0,1205.0,3.3,220.0,14.3,166.0,128.0,11.5,58.2,0.7867
2004-03-23 21:00:00,1089.0,884.0,1006.0,1487.0,975.0,1.7,87.0,7.6,89.0,101.0,12.6,54.2,0.7881
2004-03-23 22:00:00,1000.0,776.0,1141.0,1375.0,896.0,1.3,81.0,5.3,81.0,96.0,12.0,54.9,0.7664
2004-03-23 23:00:00,1041.0,782.0,1105.0,1425.0,911.0,1.3,74.0,5.4,78.0,86.0,11.0,61.4,0.8057
2004-03-24 00:00:00,1045.0,756.0,1137.0,1411.0,902.0,1.2,55.0,4.9,70.0,85.0,11.1,62.2,0.8199
2004-03-24 01:00:00,997.0,744.0,1151.0,1405.0,832.0,1.1,74.0,4.6,76.0,79.0,10.8,62.5,0.8082
2004-03-24 02:00:00,948.0,634.0,1320.0,1326.0,715.0,0.9,35.0,2.7,43.0,61.0,11.3,60.0,0.8025
2004-03-24 03:00:00,878.0,551.0,1493.0,1272.0,683.0,0.6,29.0,1.6,,,10.6,61.6,0.7856
2004-03-24 04:00:00,908.0,559.0,1477.0,1287.0,721.0,,29.0,1.7,44.0,66.0,10.2,62.7,0.7813
2004-03-24 05:00:00,892.0,522.0,1572.0,1255.0,648.0,0.6,20.0,1.2,34.0,54.0,10.9,58.6,0.7628
2004-03-24 06:00:00,954.0,561.0,1496.0,1255.0,612.0,0.8,32.0,1.7,43.0,57.0,10.8,57.2,0.7382
2004-03-24 07:00:00,1045.0,751.0,1186.0,1403.0,800.0,1.2,84.0,4.8,79.0,75.0,10.4,59.2,0.7455
2004-03-24 08:00:00,1383.0,1109.0,832.0,1706.0,1173.0,3.1,245.0,13.8,174.0,97.0,11.0,57.3,0.7501
2004-03-24 09:00:00,1597.0,1395.0,652.0,2080.0,1519.0,4.4,553.0,23.7,235.0,110.0,11.2,56.9,0.7565
2004-03-24 10:00:00,1318.0,1124.0,762.0,1770.0,1287.0,3.4,450.0,14.2,218.0,113.0,12.1,54.9,0.7734
2004-03-24 11:00:00,1138.0,898.0,950.0,1505.0,966.0,1.7,118.0,8.0,136.0,88.0,15.1,44.3,0.7535
2004-03-24 12:00:00,1098.0,842.0,1012.0,1440.0,828.0,1.5,118.0,6.7,117.0,85.0,15.6,40.6,0.7146
2004-03-24 13:00:00,1118.0,927.0,959.0,1477.0,825.0,1.7,144.0,8.7,119.0,96.0,16.9,34.6,0.6597
2004-03-24 14:00:00,1170.0,1009.0,879.0,1566.0,872.0,2.2,159.0,10.8,126.0,106.0,16.6,35.6,0.6697
2004-03-24 15:00:00,1112.0,842.0,1015.0,1494.0,680.0,,122.0,6.7,100.0,91.0,11.3,63.9,0.8554
2004-03-24 16:00:00,1390.0,1028.0,829.0,1730.0,1002.0,2.7,230.0,11.4,197.0,126.0,9.6,81.1,0.972
2004-03-24 17:00:00,1353.0,1096.0,774.0,1783.0,1159.0,2.8,320.0,13.4,195.0,130.0,11.7,69.1,0.9497
2004-03-24 18:00:00,1260.0,1050.0,828.0,1722.0,979.0,2.7,263.0,12.0,156.0,111.0,10.7,68.5,0.8794
2004-03-24 19:00:00,1501.0,1302.0,681.0,2008.0,1311.0,4.5,556.0,20.2,247.0,134.0,10.7,67.3,0.8643
2004-03-24 20:00:00,1273.0,1130.0,795.0,1744.0,1071.0,3.5,458.0,14.4,190.0,136.0,10.8,65.7,0.8486
2004-03-24 21:00:00,1179.0,955.0,928.0,1571.0,899.0,2.6,214.0,9.4,169.0,125.0,10.3,66.3,0.8336
2004-03-24 22:00:00,1047.0,809.0,1064.0,1435.0,766.0,1.7,97.0,5.9,118.0,108.0,10.1,66.9,0.8248
2004-03-24 23:00:00,973.0,739.0,1186.0,1354.0,589.0,1.3,79.0,4.5,81.0,87.0,10.4,61.1,0.7717
2004-03-25 00:00:00,997.0,737.0,1168.0,1341.0,631.0,1.3,81.0,4.5,80.0,89.0,10.3,59.9,0.7516
2004-03-25 01:00:00,970.0,621.0,1400.0,1249.0,479.0,1.0,52.0,2.5,42.0,58.0,11.0,58.4,0.7686
2004-03-25 02:00:00,902.0,568.0,1450.0,1253.0,479.0,0.7,38.0,1.8,38.0,54.0,9.1,68.1,0.789
2004-03-25 03:00:00,921.0,538.0,1564.0,1224.0,417.0,0.7,35.0,1.4,,,9.5,68.2,0.8091
2004-03-25 04:00:00,858.0,490.0,1707.0,1212.0,378.0,0.5,29.0,0.9,18.0,28.0,9.3,72.3,0.8496
2004-03-25 05:00:00,878.0,457.0,1935.0,1158.0,344.0,0.5,21.0,0.6,12.0,20.0,9.9,66.8,0.8152
2004-03-25 06:00:00,893.0,540.0,1604.0,1268.0,413.0,0.6,46.0,1.4,43.0,51.0,7.6,83.2,0.8695
2004-03-25 07:00:00,1038.0,697.0,1260.0,1383.0,605.0,1.1,55.0,3.8,84.0,82.0,8.1,79.0,0.8544
2004-03-25 08:00:00,1320.0,1035.0,902.0,1721.0,991.0,2.7,271.0,11.6,184.0,112.0,8.7,74.6,0.8429
2004-03-25 09:00:00,1353.0,1235.0,740.0,1937.0,1175.0,3.5,434.0,17.8,202.0,119.0,8.6,75.1,0.8415
2004-03-25 10:00:00,1133.0,933.0,969.0,1552.0,923.0,2.3,300.0,8.8,133.0,99.0,9.7,69.7,0.8389
2004-03-25 11:00:00,1066.0,849.0,1039.0,1468.0,829.0,1.6,116.0,6.8,130.0,98.0,11.0,64.4,0.8447
2004-03-25 12:00:00,1027.0,809.0,1081.0,1442.0,733.0,1.3,95.0,5.9,106.0,88.0,13.6,53.0,0.8209
2004-03-25 13:00:00,1106.0,935.0,958.0,1570.0,819.0,2.0,211.0,8.9,132.0,96.0,14.2,48.4,0.778
2004-03-25 14:00:00,1038.0,907.0,976.0,1492.0,723.0,1.9,168.0,8.2,106.0,81.0,14.2,46.3,0.7438
2004-03-25 15:00:00,1084.0,924.0,986.0,1501.0,786.0,1.9,154.0,8.6,125.0,92.0,16.0,41.3,0.7462
2004-03-25 16:00:00,1105.0,982.0,939.0,1545.0,850.0,2.2,267.0,10.1,138.0,105.0,17.7,35.4,0.7094
2004-03-25 17:00:00,1102.0,957.0,968.0,1527.0,820.0,2.0,143.0,9.4,120.0,88.0,17.1,37.4,0.7225
2004-03-25 18:00:00,1240.0,1137.0,836.0,1748.0,991.0,2.9,374.0,14.6,158.0,103.0,14.9,40.5,0.6835
2004-03-25 19:00:00,1443.0,1418.0,666.0,2060.0,1454.0,5.2,797.0,24.6,253.0,141.0,13.4,47.8,0.7293
2004-03-25 20:00:00,1389.0,1341.0,692.0,1982.0,1488.0,4.6,698.0,21.6,231.0,133.0,12.6,52.5,0.7642
2004-03-25 21:00:00,1183.0,989.0,904.0,1539.0,1205.0,2.5,234.0,10.3,150.0,119.0,12.2,53.2,0.7555
2004-03-25 22:00:00,1014.0,798.0,1083.0,1376.0,909.0,1.5,104.0,5.7,99.0,106.0,10.6,56.1,0.714
2004-03-25 23:00:00,979.0,736.0,1154.0,1324.0,769.0,1.2,67.0,4.5,75.0,92.0,9.9,59.5,0.7276
2004-03-26 00:00:00,1048.0,787.0,1098.0,1373.0,835.0,1.7,88.0,5.5,93.0,97.0,9.6,61.1,0.7323
2004-03-26 01:00:00,1024.0,753.0,1131.0,1357.0,793.0,1.4,79.0,4.8,79.0,91.0,9.7,61.6,0.7425
2004-03-26 02:00:00,974.0,690.0,1208.0,1313.0,733.0,1.2,61.0,3.6,67.0,83.0,9.4,62.6,0.7398
2004-03-26 03:00:00,862.0,561.0,1449.0,1219.0,502.0,0.6,43.0,1.7,,,8.2,68.5,0.7455
2004-03-26 04:00:00,925.0,602.0,1398.0,1263.0,562.0,0.7,40.0,2.2,45.0,59.0,8.0,69.4,0.7459
2004-03-26 05:00:00,952.0,654.0,1210.0,1312.0,832.0,0.8,52.0,3.0,72.0,73.0,7.7,72.4,0.7655
2004-03-26 06:00:00,1005.0,713.0,1130.0,1363.0,924.0,0.9,64.0,4.0,103.0,78.0,8.0,71.8,0.7711
2004-03-26 07:00:00,1122.0,842.0,1015.0,1438.0,974.0,1.6,88.0,6.7,132.0,90.0,8.5,66.3,0.7375
2004-03-26 08:00:00,1351.0,1201.0,783.0,1828.0,1307.0,3.4,375.0,16.7,239.0,110.0,9.8,59.6,0.7214
2004-03-26 09:00:00,1408.0,1278.0,682.0,1928.0,1481.0,3.8,592.0,19.3,275.0,114.0,11.2,57.0,0.7544
2004-03-26 10:00:00,1304.0,1142.0,772.0,1747.0,1405.0,3.1,357.0,14.8,232.0,119.0,14.8,44.1,0.7407
2004-03-26 11:00:00,1207.0,1098.0,826.0,1664.0,1195.0,2.7,296.0,13.4,180.0,121.0,16.8,35.3,0.6729
2004-03-26 12:00:00,1099.0,1014.0,948.0,1503.0,868.0,2.0,181.0,11.0,112.0,97.0,19.2,27.1,0.5976
2004-03-26 13:00:00,1106.0,1068.0,915.0,1535.0,874.0,2.3,211.0,12.5,116.0,99.0,19.1,26.2,0.5741
2004-03-26 14:00:00,1009.0,916.0,1015.0,1391.0,738.0,1.9,199.0,8.4,103.0,85.0,16.3,30.8,0.5683
2004-03-26 15:00:00,962.0,776.0,1152.0,1279.0,550.0,1.3,81.0,5.3,89.0,75.0,14.2,36.8,0.5922
2004-03-26 16:00:00,1093.0,933.0,976.0,1454.0,777.0,1.9,143.0,8.8,112.0,87.0,13.4,41.0,0.6292
2004-03-26 17:00:00,1180.0,1023.0,886.0,1588.0,966.0,2.3,247.0,11.2,127.0,102.0,14.2,43.3,0.6982
2004-03-26 18:00:00,1168.0,1037.0,868.0,1580.0,990.0,2.4,239.0,11.6,125.0,105.0,12.1,45.6,0.6403
2004-03-26 19:00:00,1168.0,1063.0,876.0,1540.0,944.0,2.7,267.0,12.4,120.0,98.0,10.4,48.0,0.6046
2004-03-26 20:00:00,1140.0,1000.0,916.0,1490.0,962.0,2.6,261.0,10.6,120.0,93.0,10.0,51.1,0.628
2004-03-26 21:00:00,1001.0,811.0,1097.0,1308.0,778.0,1.5,97.0,6.0,99.0,91.0,9.8,50.8,0.6172
2004-03-26 22:00:00,953.0,743.0,1185.0,1252.0,690.0,1.2,66.0,4.6,79.0,85.0,9.7,50.4,0.6063
2004-03-26 23:00:00,972.0,715.0,1237.0,1258.0,644.0,1.1,60.0,4.1,66.0,74.0,9.9,50.2,0.6103
2004-03-27 00:00:00,1021.0,776.0,1144.0,1307.0,753.0,1.5,77.0,5.2,94.0,87.0,9.4,53.4,0.63
2004-03-27 01:00:00,940.0,664.0,1290.0,1232.0,646.0,1.0,57.0,3.2,70.0,79.0,8.6,57.8,0.6488
2004-03-27 02:00:00,1046.0,736.0,1142.0,1312.0,838.0,1.2,65.0,4.5,75.0,78.0,8.1,62.1,0.6746
2004-03-27 03:00:00,1026.0,699.0,1191.0,1292.0,851.0,1.1,59.0,3.8,,,7.9,63.5,0.6777
2004-03-27 04:00:00,983.0,698.0,1209.0,1296.0,801.0,,48.0,3.8,57.0,63.0,7.4,64.8,0.6683
2004-03-27 05:00:00,915.0,578.0,1417.0,1212.0,665.0,0.8,27.0,1.9,32.0,48.0,8.2,58.9,0.6444
2004-03-27 06:00:00,935.0,615.0,1373.0,1250.0,717.0,0.9,25.0,2.4,54.0,59.0,6.3,66.6,0.641
2004-03-27 07:00:00,976.0,669.0,1270.0,1266.0,795.0,1.1,42.0,3.3,68.0,65.0,7.2,62.9,0.6396
2004-03-27 08:00:00,1124.0,842.0,1050.0,1418.0,936.0,1.5,78.0,6.7,98.0,71.0,7.2,63.9,0.65
2004-03-27 09:00:00,1163.0,919.0,922.0,1530.0,1076.0,1.8,128.0,8.5,128.0,84.0,11.1,50.5,0.6654
2004-03-27 10:00:00,1167.0,966.0,942.0,1520.0,1016.0,2.1,184.0,9.7,129.0,93.0,15.5,36.1,0.6313
2004-03-27 11:00:00,1121.0,955.0,992.0,1451.0,834.0,2.1,156.0,9.4,130.0,99.0,17.8,29.2,0.592
2004-03-27 12:00:00,1071.0,940.0,994.0,1449.0,756.0,1.9,176.0,9.0,111.0,93.0,17.6,30.1,0.6013
2004-03-27 13:00:00,1065.0,979.0,950.0,1467.0,766.0,2.1,232.0,10.0,106.0,96.0,19.1,26.8,0.5861
2004-03-27 14:00:00,1157.0,1072.0,888.0,1596.0,905.0,2.5,305.0,12.6,137.0,114.0,17.7,28.6,0.5735
2004-03-27 15:00:00,1046.0,883.0,1051.0,1357.0,765.0,1.9,150.0,7.6,113.0,101.0,17.8,28.4,0.5737
2004-03-27 16:00:00,1147.0,1042.0,934.0,1538.0,830.0,2.2,188.0,11.8,122.0,108.0,18.7,26.0,0.5555
2004-03-27 17:00:00,1119.0,1022.0,916.0,1508.0,853.0,2.3,221.0,11.2,137.0,117.0,17.1,31.3,0.6038
2004-03-27 18:00:00,1210.0,1062.0,886.0,1586.0,981.0,2.7,219.0,12.4,165.0,125.0,15.8,36.1,0.644
2004-03-27 19:00:00,1306.0,1079.0,827.0,1621.0,1286.0,3.0,306.0,12.9,196.0,133.0,14.7,40.1,0.6657
2004-03-27 20:00:00,1258.0,1057.0,841.0,1633.0,1244.0,2.8,270.0,12.2,174.0,119.0,13.6,44.9,0.6991
2004-03-27 21:00:00,1148.0,930.0,948.0,1475.0,1056.0,2.2,231.0,8.8,140.0,107.0,12.5,48.1,0.6946
2004-03-27 22:00:00,1108.0,848.0,1023.0,1421.0,1003.0,1.6,125.0,6.8,102.0,96.0,11.8,50.8,0.7042
2004-03-27 23:00:00,1231.0,924.0,906.0,1483.0,1245.0,2.1,122.0,8.6,130.0,105.0,10.9,56.1,0.7326
2004-03-28 00:00:00,1293.0,937.0,930.0,1464.0,1200.0,2.3,161.0,8.9,121.0,102.0,10.9,55.9,0.7277
2004-03-28 01:00:00,1274.0,912.0,939.0,1451.0,1188.0,2.3,101.0,8.3,111.0,97.0,10.3,58.1,0.7278
2004-03-28 02:00:00,1135.0,827.0,1013.0,1395.0,1070.0,1.7,95.0,6.3,87.0,79.0,9.3,62.2,0.7294
2004-03-28 03:00:00,1151.0,911.0,935.0,1501.0,1075.0,2.2,129.0,8.3,,,8.2,66.7,0.7276
2004-03-28 04:00:00,1010.0,769.0,1110.0,1396.0,895.0,1.3,96.0,5.1,77.0,69.0,8.3,64.9,0.7124
2004-03-28 05:00:00,870.0,626.0,1325.0,1284.0,755.0,0.8,54.0,2.6,39.0,52.0,9.6,58.5,0.7
2004-03-28 06:00:00,983.0,688.0,1251.0,1342.0,806.0,1.1,63.0,3.6,77.0,62.0,7.7,66.4,0.699
2004-03-28 07:00:00,995.0,691.0,1219.0,1321.0,836.0,1.4,72.0,3.6,91.0,69.0,7.4,68.0,0.7043
2004-03-28 08:00:00,1024.0,747.0,1136.0,1382.0,897.0,1.3,91.0,4.7,105.0,75.0,9.7,58.6,0.7035
2004-03-28 09:00:00,1163.0,880.0,959.0,1486.0,1073.0,1.9,127.0,7.5,133.0,83.0,12.5,50.1,0.7242
2004-03-28 10:00:00,1218.0,938.0,918.0,1501.0,1088.0,2.3,193.0,9.0,128.0,94.0,16.8,36.9,0.7018
2004-03-28 11:00:00,1210.0,958.0,933.0,1514.0,1036.0,2.3,188.0,9.5,126.0,96.0,19.2,31.3,0.6887
2004-03-28 12:00:00,1114.0,887.0,1020.0,1438.0,768.0,1.8,151.0,7.7,92.0,86.0,21.3,26.4,0.6607
2004-03-28 13:00:00,995.0,796.0,1159.0,1287.0,587.0,1.4,103.0,5.7,66.0,72.0,21.2,23.1,0.5768
2004-03-28 14:00:00,927.0,700.0,1285.0,1189.0,452.0,1.0,55.0,3.8,50.0,53.0,18.6,25.0,0.5319
2004-03-28 15:00:00,1002.0,754.0,1189.0,1260.0,470.0,1.4,104.0,4.8,70.0,65.0,18.0,27.3,0.5594
2004-03-28 16:00:00,987.0,727.0,1213.0,1244.0,502.0,1.3,116.0,4.3,73.0,70.0,18.2,28.3,0.5848
2004-03-28 17:00:00,993.0,714.0,1217.0,1238.0,516.0,1.3,93.0,4.1,77.0,75.0,17.0,31.4,0.6048
2004-03-28 18:00:00,1012.0,746.0,1174.0,1301.0,555.0,1.4,93.0,4.7,86.0,86.0,15.6,35.0,0.617
2004-03-28 19:00:00,1114.0,823.0,1068.0,1357.0,671.0,1.9,155.0,6.2,93.0,94.0,14.1,40.2,0.6438
2004-03-28 20:00:00,1093.0,789.0,1102.0,1329.0,788.0,1.8,115.0,5.5,105.0,103.0,13.4,43.2,0.6623
2004-03-28 21:00:00,968.0,669.0,1261.0,1246.0,538.0,1.1,75.0,3.3,67.0,81.0,12.3,46.8,0.6686
2004-03-28 22:00:00,960.0,666.0,1266.0,1224.0,544.0,1.1,65.0,3.2,63.0,80.0,11.9,46.5,0.6449
2004-03-28 23:00:00,942.0,648.0,1300.0,1204.0,500.0,1.1,57.0,2.9,63.0,77.0,11.5,46.6,0.6319
2004-03-29 00:00:00,888.0,598.0,1396.0,1156.0,417.0,0.9,40.0,2.2,46.0,58.0,10.6,48.0,0.6135
2004-03-29 01:00:00,818.0,524.0,1588.0,1071.0,341.0,0.6,27.0,1.3,21.0,31.0,10.7,45.8,0.5895
2004-03-29 02:00:00,840.0,509.0,1643.0,1076.0,352.0,0.5,23.0,1.1,22.0,38.0,10.4,46.6,0.5901
2004-03-29 03:00:00,894.0,524.0,1557.0,1095.0,397.0,0.7,28.0,1.3,,,10.1,47.8,0.5913
2004-03-29 04:00:00,864.0,516.0,1496.0,1153.0,502.0,0.6,21.0,1.2,39.0,59.0,11.3,46.9,0.628
2004-03-29 05:00:00,898.0,559.0,1441.0,1180.0,648.0,0.7,33.0,1.7,55.0,70.0,10.1,51.2,0.6341
2004-03-29 06:00:00,946.0,643.0,1309.0,1232.0,760.0,0.9,40.0,2.9,76.0,75.0,9.9,50.7,0.6167
2004-03-29 07:00:00,1309.0,1125.0,844.0,1687.0,1183.0,2.9,279.0,14.3,181.0,103.0,8.1,56.8,0.615
2004-03-29 08:00:00,1326.0,1289.0,714.0,1806.0,1431.0,4.1,743.0,19.7,259.0,134.0,10.9,44.1,0.5748
2004-03-29 09:00:00,966.0,786.0,1111.0,1258.0,705.0,1.5,147.0,5.5,118.0,98.0,11.8,37.6,0.5184
2004-03-29 10:00:00,975.0,793.0,1133.0,1254.0,637.0,1.5,97.0,5.6,119.0,97.0,13.9,33.2,0.5222
2004-03-29 11:00:00,988.0,803.0,1105.0,1293.0,658.0,1.5,118.0,5.8,123.0,98.0,15.6,30.1,0.5285
2004-03-29 12:00:00,971.0,786.0,1129.0,1272.0,546.0,1.4,91.0,5.5,92.0,78.0,16.5,29.0,0.5406
2004-03-29 13:00:00,1010.0,833.0,1070.0,1332.0,561.0,1.6,146.0,6.5,91.0,83.0,17.5,27.9,0.5517
2004-03-29 14:00:00,984.0,790.0,1131.0,1268.0,532.0,1.5,139.0,5.5,103.0,92.0,17.9,26.8,0.5446
2004-03-29 15:00:00,962.0,776.0,1131.0,1247.0,535.0,1.4,155.0,5.2,102.0,81.0,18.2,26.1,0.5387
2004-03-29 16:00:00,1012.0,801.0,1098.0,1289.0,525.0,1.5,128.0,5.8,94.0,90.0,18.0,27.1,0.5522
2004-03-29 17:00:00,1058.0,896.0,996.0,1358.0,603.0,1.9,166.0,7.9,98.0,95.0,17.0,28.9,0.5558
2004-03-29 18:00:00,1173.0,985.0,905.0,1477.0,802.0,2.5,299.0,10.2,126.0,114.0,16.1,31.3,0.568
2004-03-29 19:00:00,1127.0,907.0,957.0,1404.0,796.0,2.1,163.0,8.2,108.0,106.0,14.5,35.4,0.5839
2004-03-29 20:00:00,1020.0,797.0,1066.0,1302.0,689.0,1.6,154.0,5.7,95.0,99.0,13.2,37.9,0.5733
2004-03-29 21:00:00,949.0,700.0,1221.0,1178.0,553.0,1.2,80.0,3.8,78.0,90.0,13.1,34.4,0.517
2004-03-29 22:00:00,930.0,710.0,1278.0,1137.0,509.0,1.1,58.0,4.0,61.0,82.0,13.5,28.5,0.4405
2004-03-29 23:00:00,900.0,643.0,1339.0,1089.0,455.0,1.0,55.0,2.8,55.0,74.0,12.4,31.9,0.4583
2004-03-30 00:00:00,899.0,630.0,1418.0,1050.0,425.0,1.0,33.0,2.6,57.0,76.0,13.1,26.8,0.4023
2004-03-30 01:00:00,866.0,569.0,1468.0,1055.0,436.0,0.7,33.0,1.8,41.0,66.0,11.6,33.6,0.4595
2004-03-30 02:00:00,900.0,563.0,1402.0,1130.0,618.0,0.7,32.0,1.7,46.0,73.0,10.5,42.9,0.5442
2004-03-30 03:00:00,949.0,540.0,1457.0,1104.0,747.0,0.8,25.0,1.4,,,11.7,38.7,0.5298
2004-03-30 04:00:00,897.0,529.0,1462.0,1101.0,693.0,,29.0,1.3,41.0,69.0,12.2,37.2,0.5277
2004-03-30 05:00:00,956.0,605.0,1341.0,1117.0,691.0,0.7,26.0,2.3,52.0,71.0,12.9,33.9,0.5037
2004-03-30 06:00:00,1054.0,779.0,1080.0,1266.0,1013.0,1.1,86.0,5.3,111.0,98.0,11.3,40.3,0.5376
2004-03-30 07:00:00,1343.0,1096.0,839.0,1587.0,1311.0,2.6,294.0,13.4,191.0,115.0,11.9,38.4,0.5341
2004-03-30 08:00:00,1584.0,1399.0,642.0,1947.0,1675.0,4.0,664.0,23.8,244.0,130.0,13.3,35.6,0.5416
2004-03-30 09:00:00,1556.0,1337.0,674.0,1852.0,1689.0,4.2,695.0,21.5,283.0,150.0,16.3,28.8,0.5305
2004-03-30 10:00:00,1565.0,1324.0,695.0,1872.0,1688.0,4.7,735.0,21.0,320.0,159.0,17.9,28.2,0.5741
2004-03-30 11:00:00,1429.0,1251.0,734.0,1754.0,1548.0,3.9,649.0,18.4,249.0,146.0,18.3,26.6,0.5529
2004-03-30 12:00:00,1419.0,1267.0,742.0,1763.0,1490.0,3.7,586.0,18.9,219.0,138.0,20.8,22.5,0.5463
2004-03-30 13:00:00,1373.0,1213.0,791.0,1711.0,1354.0,3.4,546.0,17.1,200.0,128.0,22.4,20.0,0.5352
2004-03-30 14:00:00,1185.0,992.0,942.0,1448.0,1014.0,2.2,245.0,10.4,138.0,97.0,20.9,21.7,0.5295
2004-03-30 15:00:00,1122.0,897.0,991.0,1372.0,831.0,1.9,178.0,8.0,118.0,91.0,19.1,26.5,0.579
2004-03-30 16:00:00,1085.0,820.0,1060.0,1325.0,699.0,1.6,130.0,6.2,99.0,81.0,18.1,30.6,0.6295
2004-03-30 17:00:00,1249.0,968.0,874.0,1527.0,926.0,2.1,151.0,9.7,112.0,99.0,17.3,34.7,0.6788
2004-03-30 18:00:00,1236.0,962.0,853.0,1532.0,928.0,2.2,272.0,9.6,117.0,101.0,15.8,40.4,0.7228
2004-03-30 19:00:00,1334.0,1047.0,815.0,1638.0,1038.0,2.7,301.0,11.9,129.0,106.0,15.9,42.0,0.7541
2004-03-30 20:00:00,1264.0,928.0,884.0,1534.0,1035.0,2.4,237.0,8.7,132.0,102.0,15.9,43.5,0.779
2004-03-30 21:00:00,1073.0,746.0,1072.0,1360.0,789.0,1.3,95.0,4.7,73.0,84.0,15.0,46.1,0.7833
2004-03-30 22:00:00,1053.0,701.0,1147.0,1323.0,692.0,1.2,68.0,3.8,68.0,81.0,15.1,44.6,0.7574
2004-03-30 23:00:00,1098.0,747.0,1094.0,1360.0,764.0,1.5,101.0,4.7,80.0,91.0,14.9,43.5,0.7302
2004-03-31 00:00:00,1029.0,702.0,1180.0,1287.0,639.0,1.3,81.0,3.8,68.0,82.0,14.8,41.0,0.685
2004-03-31 01:00:00,973.0,631.0,1287.0,1240.0,541.0,1.0,50.0,2.7,44.0,64.0,14.8,40.8,0.6814
2004-03-31 02:00:00,972.0,639.0,1222.0,1256.0,678.0,0.9,66.0,2.8,47.0,70.0,14.8,40.8,0.6834
2004-03-31 03:00:00,832.0,496.0,1613.0,1066.0,381.0,0.5,22.0,1.0,,,14.2,36.1,0.5823
2004-03-31 04:00:00,851.0,477.0,1699.0,1064.0,343.0,0.5,18.0,0.8,15.0,26.0,14.5,36.1,0.5928
2004-03-31 05:00:00,909.0,545.0,1473.0,1131.0,436.0,0.6,31.0,1.5,44.0,58.0,14.6,36.0,0.5947
2004-03-31 06:00:00,1038.0,684.0,1220.0,1279.0,688.0,1.0,57.0,3.5,85.0,93.0,14.4,38.5,0.6291
2004-03-31 07:00:00,1636.0,1168.0,721.0,1926.0,1438.0,3.1,342.0,15.6,207.0,110.0,13.8,58.2,0.9129
2004-03-31 08:00:00,1580.0,1295.0,639.0,1957.0,1489.0,4.1,644.0,19.9,230.0,115.0,13.2,61.1,0.9256
2004-03-31 09:00:00,1262.0,924.0,872.0,1576.0,1093.0,2.2,216.0,8.6,181.0,125.0,10.4,74.4,0.9384
2004-03-31 10:00:00,1197.0,837.0,957.0,1498.0,965.0,1.7,117.0,6.5,144.0,118.0,11.5,71.0,0.9582
2004-03-31 11:00:00,1277.0,886.0,902.0,1579.0,1004.0,1.9,156.0,7.7,140.0,109.0,12.2,70.0,0.9924
2004-03-31 12:00:00,1430.0,1025.0,779.0,1772.0,1166.0,2.9,332.0,11.3,204.0,123.0,12.3,73.3,1.0442
2004-03-31 13:00:00,1242.0,944.0,846.0,1638.0,991.0,2.2,232.0,9.1,149.0,114.0,11.3,78.1,1.0411
2004-03-31 14:00:00,1349.0,1023.0,804.0,1748.0,1054.0,2.6,295.0,11.2,171.0,114.0,13.6,69.2,1.0746
2004-03-31 15:00:00,1390.0,1100.0,755.0,1799.0,1192.0,3.1,386.0,13.5,195.0,119.0,14.9,59.3,0.9974
2004-03-31 16:00:00,1224.0,980.0,850.0,1637.0,1055.0,2.3,278.0,10.1,152.0,111.0,15.7,50.9,0.8997
2004-03-31 17:00:00,1253.0,1026.0,810.0,1681.0,1048.0,2.4,263.0,11.3,128.0,103.0,15.2,52.9,0.9087
2004-03-31 18:00:00,1312.0,1041.0,821.0,1712.0,1073.0,2.8,322.0,11.8,121.0,103.0,15.5,50.8,0.8881
2004-03-31 19:00:00,1254.0,1033.0,819.0,1669.0,1068.0,2.7,226.0,11.5,142.0,107.0,14.3,52.9,0.8581
2004-03-31 20:00:00,1198.0,953.0,882.0,1588.0,1019.0,2.3,221.0,9.3,131.0,105.0,13.2,56.0,0.8446
2004-03-31 21:00:00,1060.0,787.0,1044.0,1418.0,833.0,1.5,109.0,5.5,81.0,91.0,12.6,57.0,0.8315
2004-03-31 22:00:00,1050.0,769.0,1078.0,1409.0,759.0,1.4,105.0,5.1,60.0,79.0,12.3,57.8,0.8224
2004-03-31 23:00:00,1029.0,754.0,1098.0,1395.0,749.0,1.2,84.0,4.8,57.0,79.0,12.0,58.4,0.8164
2004-04-01 00:00:00,1143.0,825.0,986.0,1477.0,978.0,1.6,106.0,6.3,96.0,86.0,12.0,61.6,0.8593
2004-04-01 01:00:00,1044.0,770.0,1031.0,1425.0,944.0,1.2,100.0,5.1,85.0,70.0,11.5,63.9,0.8652
2004-04-01 02:00:00,1034.0,716.0,1085.0,1405.0,891.0,1.1,71.0,4.1,50.0,55.0,10.7,67.2,0.863
2004-04-01 03:00:00,956.0,713.0,1099.0,1422.0,849.0,0.9,72.0,4.0,,,9.0,73.1,0.8394
2004-04-01 04:00:00,909.0,615.0,1237.0,1322.0,790.0,0.7,44.0,2.4,57.0,49.0,10.2,66.6,0.8299
2004-04-01 05:00:00,996.0,648.0,1176.0,1340.0,852.0,0.9,45.0,2.9,64.0,50.0,11.0,63.7,0.8325
2004-04-01 06:00:00,1154.0,876.0,1002.0,1561.0,987.0,1.7,134.0,7.4,153.0,67.0,9.6,68.8,0.8243
2004-04-01 07:00:00,1510.0,1291.0,675.0,1949.0,1435.0,4.2,505.0,19.8,342.0,94.0,9.5,69.6,0.8273
2004-04-01 08:00:00,1722.0,1595.0,539.0,2439.0,1798.0,6.2,1042.0,31.9,378.0,119.0,11.9,60.9,0.8455
2004-04-01 09:00:00,1512.0,1323.0,631.0,2001.0,1677.0,4.6,737.0,21.0,304.0,139.0,16.2,48.6,0.8892
2004-04-01 10:00:00,1258.0,1040.0,800.0,1701.0,1282.0,2.8,375.0,11.7,192.0,113.0,19.2,39.6,0.8693
2004-04-01 11:00:00,1094.0,850.0,970.0,1489.0,871.0,1.6,124.0,6.8,130.0,88.0,19.7,38.4,0.8743
2004-04-01 12:00:00,1129.0,875.0,974.0,1524.0,759.0,1.7,137.0,7.4,106.0,73.0,20.6,36.7,0.8797
2004-04-01 13:00:00,1125.0,924.0,937.0,1542.0,790.0,1.7,179.0,8.6,102.0,73.0,21.8,33.9,0.8771
2004-04-01 14:00:00,,,,,,1.7,222.0,,99.0,72.0,,,
2004-04-01 15:00:00,,,,,,1.9,197.0,,108.0,81.0,,,
2004-04-01 16:00:00,,,,,,2.3,319.0,,131.0,93.0,,,
2004-04-01 17:00:00,1308.0,1193.0,793.0,1193.0,1187.0,3.3,388.0,16.4,163.0,106.0,23.6,27.5,0.7913
2004-04-01 18:00:00,1529.0,1331.0,700.0,2028.0,1399.0,4.2,589.0,21.2,211.0,132.0,22.8,32.1,0.8814
2004-04-01 19:00:00,1592.0,1429.0,624.0,2089.0,1644.0,5.5,840.0,25.0,267.0,164.0,20.8,36.7,0.8878
2004-04-01 20:00:00,1536.0,1302.0,666.0,1922.0,1599.0,4.9,655.0,20.2,269.0,161.0,18.3,40.9,0.8493
2004-04-01 21:00:00,1192.0,1007.0,827.0,1604.0,1223.0,2.5,254.0,10.8,154.0,124.0,16.8,44.0,0.8341
2004-04-01 22:00:00,1186.0,976.0,844.0,1570.0,1200.0,2.0,188.0,9.9,127.0,113.0,15.8,48.0,0.8569
2004-04-01 23:00:00,1203.0,920.0,898.0,1529.0,1118.0,2.0,120.0,8.5,122.0,103.0,14.9,52.0,0.8757
2004-04-02 00:00:00,1139.0,899.0,921.0,1514.0,1067.0,2.0,157.0,8.0,126.0,104.0,14.1,54.4,0.8701
2004-04-02 01:00:00,1072.0,795.0,986.0,1442.0,1048.0,1.3,88.0,5.6,84.0,93.0,13.3,58.8,0.8922
2004-04-02 02:00:00,954.0,667.0,1180.0,1350.0,718.0,1.0,68.0,3.2,58.0,60.0,13.3,60.9,0.9229
2004-04-02 03:00:00,951.0,673.0,1137.0,1381.0,797.0,0.9,57.0,3.3,,,11.8,64.3,0.8869
2004-04-02 04:00:00,926.0,638.0,1195.0,1342.0,749.0,,36.0,2.8,37.0,52.0,11.2,65.9,0.8775
2004-04-02 05:00:00,968.0,628.0,1197.0,1372.0,737.0,0.7,51.0,2.6,56.0,66.0,11.3,72.9,0.9738
2004-04-02 06:00:00,1067.0,727.0,1055.0,1448.0,903.0,1.1,93.0,4.3,91.0,82.0,11.4,71.8,0.9671
2004-04-02 07:00:00,1386.0,1083.0,798.0,1833.0,1159.0,2.6,284.0,13.0,159.0,109.0,11.9,73.7,1.0254
2004-04-02 08:00:00,1474.0,1306.0,634.0,2060.0,1365.0,3.9,486.0,20.3,190.0,114.0,12.6,70.2,1.0221
2004-04-02 09:00:00,1569.0,1316.0,634.0,2054.0,1510.0,5.0,798.0,20.7,249.0,139.0,13.6,65.3,1.0136
2004-04-02 10:00:00,1375.0,1177.0,706.0,1898.0,1386.0,3.3,524.0,15.9,196.0,127.0,16.9,52.3,1.0013
2004-04-02 11:00:00,1328.0,1123.0,738.0,1821.0,1368.0,2.9,468.0,14.2,180.0,127.0,19.4,44.1,0.9855
2004-04-02 12:00:00,1341.0,1176.0,748.0,1825.0,1347.0,3.1,454.0,15.9,167.0,135.0,22.9,33.8,0.9322
2004-04-02 13:00:00,1297.0,1183.0,765.0,1773.0,1242.0,3.0,461.0,16.1,159.0,130.0,23.6,31.3,0.9001
2004-04-02 14:00:00,1303.0,1139.0,790.0,1761.0,1138.0,2.7,391.0,14.7,152.0,126.0,24.7,30.5,0.9371
2004-04-02 15:00:00,1281.0,1116.0,809.0,1703.0,1080.0,2.7,337.0,14.0,149.0,121.0,26.1,27.3,0.9101
2004-04-02 16:00:00,1248.0,1103.0,872.0,1632.0,1002.0,2.6,297.0,13.6,143.0,122.0,27.6,22.8,0.8288
2004-04-02 17:00:00,1382.0,1288.0,778.0,1799.0,1212.0,3.7,588.0,19.7,185.0,138.0,26.9,22.3,0.7792
2004-04-02 18:00:00,1491.0,1385.0,685.0,1915.0,1486.0,4.5,721.0,23.3,223.0,165.0,24.3,30.1,0.9012
2004-04-02 19:00:00,1620.0,1407.0,641.0,2052.0,1567.0,4.7,710.0,24.1,215.0,154.0,21.2,40.1,0.9978
2004-04-02 20:00:00,1693.0,1439.0,618.0,2083.0,1723.0,5.5,787.0,25.4,271.0,168.0,19.4,42.5,0.9483
2004-04-02 21:00:00,1374.0,1121.0,771.0,1685.0,1399.0,3.0,415.0,14.1,180.0,146.0,18.5,43.0,0.9074
2004-04-02 22:00:00,1287.0,982.0,841.0,1582.0,1291.0,1.9,245.0,10.1,115.0,124.0,17.8,47.0,0.9467
2004-04-02 23:00:00,1408.0,1052.0,761.0,1684.0,1443.0,2.3,294.0,12.1,149.0,124.0,16.8,53.2,1.01
2004-04-03 00:00:00,1254.0,941.0,828.0,1566.0,1270.0,1.6,139.0,9.0,98.0,106.0,17.1,51.8,0.999
2004-04-03 01:00:00,1141.0,827.0,936.0,1488.0,1110.0,1.3,98.0,6.3,73.0,88.0,16.2,54.2,0.9933
2004-04-03 02:00:00,1141.0,777.0,986.0,1455.0,1060.0,1.2,88.0,5.3,69.0,83.0,15.1,58.2,0.9886
2004-04-03 03:00:00,1042.0,697.0,1056.0,1410.0,965.0,0.9,66.0,3.8,,,15.1,57.6,0.9796
2004-04-03 04:00:00,986.0,651.0,1145.0,1380.0,891.0,0.8,57.0,3.0,60.0,74.0,14.5,58.0,0.9488
2004-04-03 05:00:00,1005.0,673.0,1103.0,1387.0,905.0,0.8,57.0,3.3,56.0,64.0,13.7,61.6,0.9631
2004-04-03 06:00:00,1041.0,683.0,1112.0,1398.0,899.0,0.9,60.0,3.5,73.0,69.0,13.9,59.6,0.9408
2004-04-03 07:00:00,1272.0,959.0,846.0,1660.0,1136.0,2.0,200.0,9.5,159.0,91.0,13.3,61.7,0.9399
2004-04-03 08:00:00,1436.0,1154.0,704.0,1872.0,1391.0,3.0,451.0,15.2,203.0,96.0,15.1,55.8,0.9486
2004-04-03 09:00:00,1472.0,1126.0,720.0,1816.0,1460.0,3.1,422.0,14.3,211.0,106.0,17.0,50.5,0.9684
2004-04-03 10:00:00,1418.0,1023.0,785.0,1720.0,1410.0,,,11.2,,,19.7,43.3,0.9837
2004-04-03 11:00:00,1410.0,1030.0,781.0,1743.0,1372.0,,,11.4,,,20.7,41.7,1.0092
2004-04-03 12:00:00,1438.0,1096.0,781.0,1779.0,1266.0,,,13.4,,,23.3,35.8,1.0098
2004-04-03 13:00:00,1278.0,1000.0,866.0,1621.0,1014.0,,,10.6,,,23.8,30.5,0.8897
2004-04-03 14:00:00,1257.0,1006.0,915.0,1573.0,870.0,,,10.8,,,24.8,27.0,0.8325
2004-04-03 15:00:00,1331.0,1046.0,882.0,1635.0,905.0,,,11.9,,,25.0,27.5,0.8575
2004-04-03 16:00:00,1361.0,1102.0,834.0,1704.0,991.0,,,13.5,,,25.8,26.5,0.8675
2004-04-03 17:00:00,1398.0,1156.0,812.0,1722.0,1076.0,,,15.2,,,25.1,27.1,0.8496
2004-04-03 18:00:00,1483.0,1213.0,764.0,1798.0,1249.0,,,17.1,,,23.7,28.6,0.8273
2004-04-03 19:00:00,1697.0,1471.0,625.0,2153.0,1548.0,,,26.7,,,22.1,36.8,0.9681
2004-04-03 20:00:00,1459.0,1124.0,736.0,1823.0,1300.0,,,14.2,,,19.9,47.5,1.0912
2004-04-03 21:00:00,1268.0,918.0,873.0,1602.0,1029.0,,,8.5,,,18.7,50.4,1.0772
2004-04-03 22:00:00,1469.0,1128.0,762.0,1870.0,1207.0,,,14.3,,,18.1,51.3,1.0587
2004-04-03 23:00:00,1316.0,952.0,847.0,1644.0,1047.0,,,9.3,,,17.5,53.8,1.0648
2004-04-04 00:00:00,1224.0,892.0,884.0,1580.0,923.0,,,7.8,,,16.7,56.5,1.0634
2004-04-04 01:00:00,1215.0,843.0,929.0,1551.0,862.0,,,6.7,,,15.9,59.2,1.0635
2004-04-04 02:00:00,1115.0,782.0,980.0,1500.0,752.0,,,5.4,,,15.2,62.4,1.0726
2004-04-04 03:00:00,1124.0,793.0,965.0,1521.0,791.0,,,5.6,,,14.7,65.0,1.0766
2004-04-04 04:00:00,1028.0,682.0,1090.0,1448.0,697.0,,,3.5,,,14.3,65.3,1.0594
2004-04-04 05:00:00,1010.0,650.0,1171.0,1434.0,664.0,,,3.0,,,13.7,66.5,1.0393
2004-04-04 06:00:00,1074.0,731.0,1020.0,1488.0,891.0,,,4.4,,,12.9,69.1,1.0264
2004-04-04 07:00:00,1034.0,684.0,1110.0,1423.0,813.0,,,3.5,,,13.7,64.8,1.0135
2004-04-04 08:00:00,1130.0,720.0,1063.0,1461.0,828.0,,,4.2,,,15.3,59.0,1.0181
2004-04-04 09:00:00,1275.0,900.0,868.0,1634.0,1057.0,,,8.0,,,18.1,49.8,1.0272
2004-04-04 10:00:00,1324.0,939.0,846.0,1658.0,1011.0,,,9.0,,,21.5,40.7,1.0301
2004-04-04 11:00:00,1268.0,902.0,906.0,1589.0,932.0,,,8.1,,,23.3,37.1,1.0457
2004-04-04 12:00:00,1272.0,924.0,895.0,1603.0,881.0,,,8.6,,,25.1,33.8,1.0594
2004-04-04 13:00:00,1160.0,860.0,969.0,1531.0,646.0,,,7.1,,,25.6,32.1,1.0393
2004-04-04 14:00:00,1136.0,792.0,1057.0,1476.0,536.0,,,5.6,,,25.8,31.1,1.0143
2004-04-04 15:00:00,1296.0,977.0,863.0,1642.0,746.0,,,10.0,,,26.1,30.8,1.0253
2004-04-04 16:00:00,1345.0,996.0,841.0,1678.0,833.0,,,10.5,,,24.4,36.0,1.085
2004-04-04 17:00:00,1296.0,983.0,845.0,1626.0,802.0,,,10.1,,,23.0,36.2,1.0053
2004-04-04 18:00:00,1258.0,977.0,838.0,1636.0,838.0,,,10.0,,,22.1,39.3,1.0336
2004-04-04 19:00:00,1420.0,1085.0,755.0,1756.0,1051.0,,,13.0,,,19.8,44.6,1.0208
2004-04-04 20:00:00,1366.0,997.0,830.0,1673.0,1041.0,,,10.5,,,18.5,48.9,1.0323
2004-04-04 21:00:00,1113.0,772.0,989.0,1493.0,646.0,,,5.2,,,16.6,56.1,1.0481
2004-04-04 22:00:00,1196.0,853.0,909.0,1556.0,769.0,,,6.9,,,15.8,58.8,1.0464
2004-04-04 23:00:00,1188.0,829.0,930.0,1540.0,785.0,,,6.4,,,15.3,60.8,1.0501
2004-04-05 00:00:00,1102.0,750.0,1007.0,1470.0,613.0,,,4.7,,,14.7,64.4,1.0717
2004-04-05 01:00:00,969.0,611.0,1239.0,1330.0,430.0,,,2.4,,,14.8,63.3,1.0584
2004-04-05 02:00:00,983.0,600.0,1233.0,1375.0,485.0,,,2.2,,,15.0,61.5,1.0418
2004-04-05 03:00:00,876.0,505.0,1456.0,1294.0,467.0,,,1.1,,,15.5,56.9,0.9961
2004-04-05 04:00:00,884.0,489.0,1536.0,1278.0,436.0,,,0.9,,,16.0,54.0,0.9742
2004-04-05 05:00:00,1024.0,658.0,1175.0,1417.0,682.0,,,3.1,,,13.5,63.9,0.9809
2004-04-05 06:00:00,1126.0,822.0,945.0,1541.0,927.0,,,6.2,,,12.9,65.3,0.9688
2004-04-05 07:00:00,1415.0,1089.0,767.0,1795.0,1192.0,,,13.2,,,13.4,62.5,0.9582
2004-04-05 08:00:00,1631.0,1449.0,570.0,2299.0,1615.0,,,25.8,,,14.5,58.8,0.963
2004-04-05 09:00:00,1499.0,1247.0,647.0,1972.0,1505.0,,,18.2,,,15.3,56.7,0.9773
2004-04-05 10:00:00,1461.0,1127.0,703.0,1836.0,1451.0,3.1,424.0,14.3,236.0,124.0,15.6,57.4,1.0075
2004-04-05 11:00:00,1430.0,1107.0,713.0,1853.0,1409.0,3.0,339.0,13.7,228.0,121.0,16.6,55.2,1.0382
2004-04-05 12:00:00,1498.0,1171.0,684.0,1942.0,1434.0,3.2,445.0,15.7,206.0,114.0,17.0,54.3,1.0434
2004-04-05 13:00:00,1454.0,1162.0,682.0,1915.0,1457.0,3.1,535.0,15.4,188.0,114.0,18.0,51.5,1.0552
2004-04-05 14:00:00,1402.0,1069.0,733.0,1793.0,1325.0,2.5,278.0,12.6,158.0,106.0,19.5,47.5,1.0653
2004-04-05 15:00:00,1327.0,971.0,803.0,1705.0,1120.0,2.1,256.0,9.8,124.0,89.0,21.6,41.7,1.0606
2004-04-05 16:00:00,1273.0,963.0,832.0,1662.0,931.0,2.0,245.0,9.6,98.0,82.0,22.2,38.3,1.0106
2004-04-05 17:00:00,1457.0,1190.0,678.0,1877.0,1212.0,3.2,458.0,16.3,160.0,111.0,20.3,42.8,1.0053
2004-04-05 18:00:00,1543.0,1290.0,631.0,2011.0,1353.0,4.1,710.0,19.8,194.0,132.0,19.7,45.4,1.0312
2004-04-05 19:00:00,1499.0,1239.0,651.0,1957.0,1359.0,3.9,678.0,18.0,174.0,121.0,18.8,47.5,1.0199
2004-04-05 20:00:00,1378.0,1102.0,742.0,1796.0,1273.0,3.1,436.0,13.6,157.0,116.0,17.9,49.4,1.0064
2004-04-05 21:00:00,1243.0,928.0,852.0,1622.0,1079.0,2.0,178.0,8.7,109.0,100.0,17.5,50.9,1.009
2004-04-05 22:00:00,1196.0,885.0,884.0,1589.0,973.0,1.7,160.0,7.7,85.0,89.0,17.4,51.8,1.023
2004-04-05 23:00:00,1137.0,869.0,890.0,1554.0,951.0,1.6,177.0,7.3,90.0,92.0,17.0,53.9,1.0363
2004-04-06 00:00:00,1015.0,718.0,1065.0,1428.0,714.0,1.0,101.0,4.1,61.0,71.0,16.6,55.4,1.0408
2004-04-06 01:00:00,978.0,635.0,1188.0,1382.0,579.0,0.8,66.0,2.7,36.0,51.0,15.9,57.0,1.0224
2004-04-06 02:00:00,933.0,547.0,1357.0,1336.0,542.0,0.5,40.0,1.5,25.0,39.0,15.0,59.2,1.0059
2004-04-06 03:00:00,927.0,579.0,1267.0,1370.0,562.0,0.5,54.0,1.9,,,14.5,61.4,1.0041
2004-04-06 04:00:00,908.0,569.0,1303.0,1360.0,526.0,0.5,39.0,1.8,24.0,35.0,14.1,61.6,0.9883
2004-04-06 05:00:00,980.0,677.0,1141.0,1435.0,659.0,0.8,62.0,3.4,73.0,64.0,14.6,58.8,0.9711
2004-04-06 06:00:00,1236.0,920.0,880.0,1641.0,1012.0,1.7,120.0,8.5,164.0,94.0,14.4,58.9,0.9594
2004-04-06 07:00:00,1664.0,1407.0,594.0,2198.0,1564.0,4.5,599.0,24.1,329.0,134.0,15.3,55.2,0.9538
2004-04-06 08:00:00,1757.0,1636.0,494.0,2560.0,1806.0,6.2,1084.0,33.7,302.0,129.0,16.2,52.5,0.9576
2004-04-06 09:00:00,1524.0,1350.0,588.0,2096.0,1604.0,4.4,776.0,22.0,256.0,125.0,18.4,46.3,0.9734
2004-04-06 10:00:00,1329.0,1119.0,707.0,1823.0,1288.0,2.9,470.0,14.1,182.0,107.0,19.6,41.8,0.9407
2004-04-06 11:00:00,1167.0,884.0,881.0,1580.0,931.0,1.6,169.0,7.6,105.0,78.0,20.2,40.1,0.937
2004-04-06 12:00:00,1369.0,1132.0,715.0,1818.0,1162.0,2.6,304.0,14.5,136.0,91.0,20.9,36.6,0.8939
2004-04-06 13:00:00,1284.0,1103.0,755.0,1704.0,1064.0,2.9,405.0,13.6,167.0,116.0,20.4,34.7,0.8229
2004-04-06 14:00:00,1221.0,1032.0,811.0,1630.0,913.0,2.5,297.0,11.5,166.0,131.0,19.3,35.4,0.7813
2004-04-06 15:00:00,1096.0,947.0,872.0,1519.0,684.0,1.9,220.0,9.2,115.0,113.0,18.6,36.9,0.7829
2004-04-06 16:00:00,1143.0,988.0,849.0,1590.0,710.0,1.9,226.0,10.3,109.0,98.0,18.8,36.8,0.7883
2004-04-06 17:00:00,1251.0,1116.0,760.0,1716.0,923.0,2.7,456.0,14.0,143.0,116.0,17.5,40.6,0.8068
2004-04-06 18:00:00,1268.0,1148.0,728.0,1776.0,1006.0,3.0,470.0,15.0,159.0,120.0,16.8,44.3,0.8428
2004-04-06 19:00:00,1314.0,1150.0,726.0,1784.0,1083.0,3.3,503.0,15.1,181.0,126.0,16.3,47.7,0.8746
2004-04-06 20:00:00,1315.0,1142.0,724.0,1807.0,1161.0,3.2,459.0,14.8,178.0,126.0,15.6,50.7,0.8947
2004-04-06 21:00:00,1095.0,918.0,896.0,1527.0,800.0,1.8,227.0,8.5,91.0,90.0,15.7,49.4,0.8768
2004-04-06 22:00:00,1027.0,808.0,996.0,1458.0,647.0,1.3,152.0,5.9,76.0,81.0,15.8,48.6,0.8653
2004-04-06 23:00:00,1012.0,752.0,1053.0,1393.0,649.0,1.1,94.0,4.8,66.0,74.0,15.7,47.0,0.8325
2004-04-07 00:00:00,948.0,710.0,1127.0,1352.0,575.0,0.9,93.0,4.0,56.0,67.0,15.7,45.9,0.8121
2004-04-07 01:00:00,889.0,603.0,1308.0,1271.0,455.0,0.7,49.0,2.3,35.0,46.0,15.6,44.9,0.792
2004-04-07 02:00:00,830.0,538.0,1475.0,1214.0,392.0,0.4,30.0,1.4,21.0,30.0,15.6,44.4,0.7827
2004-04-07 03:00:00,801.0,464.0,1749.0,1154.0,340.0,0.3,30.0,0.7,,,16.1,42.4,0.7718
2004-04-07 04:00:00,804.0,468.0,1826.0,1166.0,320.0,0.3,30.0,0.7,12.0,19.0,15.7,45.4,0.8063
2004-04-07 05:00:00,824.0,478.0,1705.0,1200.0,331.0,0.3,32.0,0.8,22.0,32.0,15.3,50.1,0.8617
2004-04-07 06:00:00,1000.0,688.0,1257.0,1398.0,426.0,0.8,59.0,3.6,55.0,61.0,14.2,58.6,0.9443
2004-04-07 07:00:00,1307.0,1082.0,777.0,1769.0,830.0,2.8,277.0,12.9,152.0,111.0,14.3,58.2,0.9431
2004-04-07 08:00:00,1286.0,1171.0,716.0,1821.0,1006.0,3.1,454.0,15.7,153.0,102.0,15.0,52.0,0.8817
2004-04-07 09:00:00,1150.0,925.0,865.0,1576.0,820.0,2.3,211.0,8.6,152.0,116.0,13.6,61.4,0.9519
2004-04-07 10:00:00,1087.0,876.0,911.0,1554.0,737.0,1.6,196.0,7.4,112.0,96.0,16.1,53.1,0.9675
2004-04-07 11:00:00,1016.0,839.0,991.0,1448.0,790.0,1.5,110.0,6.6,119.0,97.0,16.6,44.3,0.8294
2004-04-07 12:00:00,1029.0,892.0,937.0,1474.0,760.0,1.6,164.0,7.8,122.0,110.0,17.4,40.3,0.7922
2004-04-07 13:00:00,1109.0,943.0,883.0,1604.0,767.0,1.8,151.0,9.1,115.0,103.0,18.1,42.2,0.8679
2004-04-07 14:00:00,997.0,817.0,1030.0,1426.0,626.0,1.4,112.0,6.1,84.0,79.0,14.4,51.8,0.8433
2004-04-07 15:00:00,1177.0,880.0,927.0,1552.0,776.0,1.9,117.0,7.5,146.0,104.0,10.9,76.4,0.9953
2004-04-07 16:00:00,1045.0,808.0,1038.0,1421.0,589.0,1.2,120.0,5.9,65.0,69.0,16.4,47.7,0.8819
2004-04-07 17:00:00,1171.0,1073.0,847.0,1623.0,872.0,2.3,251.0,12.7,120.0,96.0,18.0,37.1,0.7598
2004-04-07 18:00:00,1221.0,1101.0,799.0,1700.0,996.0,3.3,435.0,13.5,185.0,121.0,14.7,48.7,0.8089
2004-04-07 19:00:00,1262.0,1133.0,774.0,1748.0,1033.0,3.1,345.0,14.5,157.0,129.0,11.3,71.3,0.9514
2004-04-07 20:00:00,1207.0,1013.0,876.0,1632.0,982.0,3.3,343.0,11.0,174.0,116.0,10.0,74.0,0.9087
2004-04-07 21:00:00,956.0,666.0,1235.0,1282.0,518.0,1.2,62.0,3.2,62.0,71.0,9.8,71.8,0.8702
2004-04-07 22:00:00,1020.0,727.0,1153.0,1391.0,631.0,1.3,70.0,4.3,81.0,85.0,9.3,75.2,0.8796
2004-04-07 23:00:00,1107.0,861.0,957.0,1510.0,879.0,1.9,114.0,7.1,118.0,101.0,9.6,76.0,0.9088
2004-04-08 00:00:00,1020.0,752.0,1074.0,1398.0,839.0,1.4,88.0,4.8,95.0,97.0,9.3,75.0,0.8799
2004-04-08 01:00:00,1051.0,798.0,1016.0,1455.0,876.0,1.5,95.0,5.7,84.0,89.0,9.0,76.7,0.8825
2004-04-08 02:00:00,965.0,716.0,1087.0,1383.0,827.0,1.1,83.0,4.1,56.0,72.0,8.2,79.6,0.8672
2004-04-08 03:00:00,890.0,672.0,1183.0,1338.0,781.0,0.8,63.0,3.3,,,7.6,80.6,0.8437
2004-04-08 04:00:00,823.0,568.0,1366.0,1263.0,699.0,,38.0,1.8,43.0,57.0,8.3,75.6,0.8302
2004-04-08 05:00:00,869.0,642.0,1291.0,1288.0,723.0,0.8,68.0,2.8,69.0,62.0,8.1,72.1,0.7798
2004-04-08 06:00:00,939.0,754.0,1169.0,1384.0,797.0,1.1,59.0,4.8,74.0,64.0,8.1,70.4,0.7609
2004-04-08 07:00:00,1274.0,1109.0,820.0,1723.0,1138.0,2.6,226.0,13.8,161.0,80.0,8.1,70.5,0.7627
2004-04-08 08:00:00,1512.0,1482.0,596.0,2189.0,1605.0,5.1,802.0,27.1,308.0,118.0,9.9,64.3,0.7859
2004-04-08 09:00:00,1435.0,1271.0,676.0,1885.0,1569.0,4.2,585.0,19.1,300.0,130.0,13.0,54.2,0.809
2004-04-08 10:00:00,1207.0,1041.0,813.0,1620.0,1319.0,2.6,324.0,11.7,189.0,113.0,16.5,42.6,0.7912
2004-04-08 11:00:00,1223.0,1075.0,818.0,1678.0,1198.0,2.4,308.0,12.7,164.0,112.0,19.3,34.2,0.7566
2004-04-08 12:00:00,1121.0,1026.0,865.0,1541.0,958.0,2.1,238.0,11.3,122.0,96.0,21.5,27.4,0.6941
2004-04-08 13:00:00,1176.0,1123.0,816.0,1609.0,1068.0,2.6,301.0,14.2,166.0,125.0,20.4,26.7,0.6323
2004-04-08 14:00:00,1144.0,1114.0,845.0,1551.0,1010.0,2.8,294.0,13.9,181.0,128.0,20.6,22.6,0.5432
2004-04-08 15:00:00,1136.0,1089.0,856.0,1552.0,928.0,2.5,353.0,13.2,127.0,101.0,20.6,24.8,0.5931
2004-04-08 16:00:00,1085.0,1004.0,888.0,1454.0,816.0,1.9,209.0,10.7,106.0,95.0,21.0,25.4,0.6264
2004-04-08 17:00:00,1297.0,1287.0,723.0,1798.0,1216.0,3.6,538.0,19.7,192.0,138.0,21.5,24.5,0.6203
2004-04-08 18:00:00,1408.0,1404.0,646.0,1972.0,1463.0,4.6,808.0,24.0,241.0,154.0,19.3,28.6,0.6357
2004-04-08 19:00:00,1618.0,1530.0,579.0,2167.0,1791.0,6.3,974.0,29.1,326.0,171.0,18.0,32.9,0.6737
2004-04-08 20:00:00,1319.0,1172.0,746.0,1699.0,1425.0,4.3,544.0,15.8,232.0,136.0,15.8,39.8,0.7096
2004-04-08 21:00:00,1045.0,857.0,968.0,1410.0,922.0,1.6,138.0,7.0,92.0,93.0,15.3,41.5,0.7194
2004-04-08 22:00:00,1058.0,824.0,993.0,1411.0,971.0,1.4,92.0,6.3,95.0,99.0,14.1,46.0,0.7363
2004-04-08 23:00:00,,,,,,2.0,137.0,,129.0,106.0,,,
2004-04-09 00:00:00,,,,,,2.4,189.0,,154.0,109.0,,,
2004-04-09 01:00:00,,,,,,1.8,159.0,,118.0,97.0,,,
2004-04-09 02:00:00,,,,,,1.0,80.0,,69.0,83.0,,,
2004-04-09 03:00:00,,,,,,1.0,66.0,,,,,,
2004-04-09 04:00:00,,,,,,1.0,87.0,,97.0,79.0,,,
2004-04-09 05:00:00,,,,,,0.9,79.0,,145.0,84.0,,,
2004-04-09 06:00:00,,,,,,1.5,150.0,,169.0,86.0,,,
2004-04-09 07:00:00,,,,,,2.6,196.0,,250.0,111.0,,,
2004-04-09 08:00:00,,,,,,2.9,299.0,,215.0,117.0,,,
2004-04-09 09:00:00,,,,,,2.7,254.0,,237.0,122.0,,,
2004-04-09 10:00:00,,,,,,2.4,226.0,,190.0,119.0,,,
2004-04-09 11:00:00,,,,,,2.6,262.0,,219.0,121.0,,,
2004-04-09 12:00:00,,,,,,4.1,505.0,,294.0,127.0,,,
2004-04-09 13:00:00,,,,,,4.3,512.0,,253.0,135.0,,,
2004-04-09 14:00:00,,,,,,2.2,159.0,,176.0,119.0,,,
2004-04-09 15:00:00,,,,,,3.4,337.0,,243.0,137.0,,,
2004-04-09 16:00:00,,,,,,3.6,357.0,,214.0,139.0,,,
2004-04-09 17:00:00,,,,,,2.5,194.0,,141.0,117.0,,,
2004-04-09 18:00:00,,,,,,2.8,278.0,,166.0,127.0,,,
2004-04-09 19:00:00,,,,,,3.4,303.0,,197.0,137.0,,,
2004-04-09 20:00:00,,,,,,3.0,234.0,,191.0,127.0,,,
2004-04-09 21:00:00,,,,,,2.1,128.0,,159.0,107.0,,,
2004-04-09 22:00:00,,,,,,2.4,160.0,,175.0,102.0,,,
2004-04-09 23:00:00,1176.0,917.0,866.0,1560.0,1151.0,2.3,169.0,8.4,157.0,95.0,12.0,67.9,0.9523
2004-04-10 00:00:00,1047.0,783.0,1014.0,1449.0,975.0,1.3,77.0,5.4,83.0,79.0,12.0,66.9,0.9336
2004-04-10 01:00:00,1116.0,854.0,929.0,1533.0,1034.0,1.7,98.0,6.9,118.0,78.0,11.5,70.1,0.9503
2004-04-10 02:00:00,1074.0,832.0,951.0,1507.0,980.0,1.7,102.0,6.4,101.0,75.0,11.4,69.8,0.939
2004-04-10 03:00:00,922.0,687.0,1142.0,1390.0,825.0,1.0,65.0,3.6,,,11.1,69.3,0.9128
2004-04-10 04:00:00,898.0,669.0,1163.0,1386.0,807.0,0.8,69.0,3.3,46.0,52.0,10.8,70.3,0.9092
2004-04-10 05:00:00,970.0,708.0,1121.0,1435.0,842.0,1.0,89.0,4.0,81.0,55.0,10.2,73.4,0.9129
2004-04-10 06:00:00,1073.0,812.0,988.0,1500.0,950.0,1.4,134.0,6.0,112.0,65.0,10.8,70.5,0.9142
2004-04-10 07:00:00,1081.0,906.0,895.0,1591.0,1024.0,1.7,157.0,8.2,150.0,72.0,11.0,71.0,0.9279
2004-04-10 08:00:00,1159.0,976.0,837.0,1663.0,1098.0,2.0,167.0,9.9,138.0,76.0,12.4,64.0,0.9206
2004-04-10 09:00:00,1112.0,931.0,869.0,1588.0,1011.0,2.0,157.0,8.8,124.0,84.0,15.0,53.1,0.8993
2004-04-10 10:00:00,1112.0,917.0,897.0,1542.0,931.0,1.9,172.0,8.4,124.0,90.0,16.6,44.4,0.8313
2004-04-10 11:00:00,1063.0,877.0,971.0,1481.0,811.0,2.1,114.0,7.5,115.0,89.0,18.0,38.4,0.7862
2004-04-10 12:00:00,1032.0,892.0,973.0,1457.0,756.0,1.8,166.0,7.8,101.0,87.0,20.6,30.0,0.7213
2004-04-10 13:00:00,936.0,829.0,1054.0,1336.0,607.0,1.5,94.0,6.4,90.0,88.0,19.9,26.7,0.6137
2004-04-10 14:00:00,883.0,766.0,1152.0,1238.0,498.0,1.3,108.0,5.1,90.0,81.0,19.8,23.1,0.5283
2004-04-10 15:00:00,942.0,852.0,1055.0,1318.0,540.0,1.4,98.0,6.9,89.0,89.0,21.4,22.7,0.5722
2004-04-10 16:00:00,943.0,850.0,1084.0,1296.0,544.0,1.5,132.0,6.8,92.0,91.0,22.1,21.3,0.5605
2004-04-10 17:00:00,1007.0,875.0,1027.0,1357.0,620.0,1.7,144.0,7.4,103.0,104.0,21.1,24.5,0.604
2004-04-10 18:00:00,1037.0,927.0,949.0,1426.0,740.0,2.0,165.0,8.7,122.0,111.0,18.3,31.6,0.6562
2004-04-10 19:00:00,1127.0,1022.0,871.0,1534.0,921.0,2.5,210.0,11.2,159.0,129.0,16.1,35.0,0.6372
2004-04-10 20:00:00,1123.0,996.0,861.0,1551.0,1033.0,2.4,277.0,10.5,172.0,133.0,14.8,41.5,0.6929
2004-04-10 21:00:00,1110.0,909.0,916.0,1487.0,984.0,2.0,168.0,8.2,125.0,115.0,13.2,50.3,0.7577
2004-04-10 22:00:00,1247.0,1037.0,812.0,1618.0,1193.0,2.9,248.0,11.6,187.0,125.0,12.3,55.5,0.7916
2004-04-10 23:00:00,1220.0,967.0,844.0,1545.0,1219.0,2.5,235.0,9.7,174.0,117.0,11.8,56.6,0.7833
2004-04-11 00:00:00,1028.0,770.0,1047.0,1326.0,913.0,1.4,84.0,5.1,75.0,84.0,11.2,56.2,0.7469
2004-04-11 01:00:00,978.0,711.0,1144.0,1304.0,750.0,1.2,75.0,4.0,48.0,63.0,11.0,56.6,0.7418
2004-04-11 02:00:00,949.0,694.0,1160.0,1310.0,772.0,1.0,62.0,3.7,61.0,68.0,9.3,64.3,0.7531
2004-04-11 03:00:00,910.0,709.0,1162.0,1329.0,712.0,1.0,66.0,4.0,,,8.8,66.0,0.7501
2004-04-11 04:00:00,863.0,651.0,1224.0,1286.0,712.0,,49.0,3.0,38.0,52.0,7.8,70.4,0.7463
2004-04-11 05:00:00,836.0,643.0,1244.0,1306.0,727.0,0.7,38.0,2.9,38.0,49.0,7.7,70.7,0.7463
2004-04-11 06:00:00,856.0,644.0,1259.0,1301.0,746.0,0.8,44.0,2.9,41.0,49.0,7.4,71.0,0.7346
2004-04-11 07:00:00,888.0,651.0,1240.0,1298.0,733.0,0.9,60.0,3.0,51.0,52.0,8.2,66.6,0.7283
2004-04-11 08:00:00,912.0,694.0,1196.0,1343.0,727.0,1.1,88.0,3.7,61.0,58.0,8.7,64.3,0.7267
2004-04-11 09:00:00,938.0,706.0,1177.0,1320.0,642.0,1.0,70.0,3.9,47.0,51.0,13.0,47.9,0.7116
2004-04-11 10:00:00,1053.0,823.0,1040.0,1386.0,810.0,1.6,94.0,6.2,87.0,77.0,17.4,35.4,0.699
2004-04-11 11:00:00,1087.0,870.0,1014.0,1412.0,851.0,1.8,126.0,7.3,107.0,90.0,20.2,29.2,0.683
2004-04-11 12:00:00,1153.0,945.0,969.0,1425.0,911.0,2.6,181.0,9.2,161.0,118.0,22.7,22.9,0.6224
2004-04-11 13:00:00,894.0,710.0,1209.0,1200.0,611.0,1.1,66.0,4.0,61.0,70.0,22.3,22.4,0.5955
2004-04-11 14:00:00,797.0,606.0,1452.0,1076.0,368.0,0.6,54.0,2.3,26.0,35.0,22.2,18.9,0.4993
2004-04-11 15:00:00,854.0,658.0,1409.0,1108.0,369.0,0.9,48.0,3.1,42.0,46.0,22.0,19.0,0.4969
2004-04-11 16:00:00,892.0,665.0,1348.0,1150.0,394.0,1.0,66.0,3.2,55.0,58.0,21.0,23.6,0.5788
2004-04-11 17:00:00,935.0,672.0,1299.0,1183.0,415.0,1.2,65.0,3.3,65.0,61.0,19.6,27.4,0.6162
2004-04-11 18:00:00,989.0,709.0,1225.0,1233.0,469.0,1.4,68.0,4.0,75.0,80.0,17.9,30.8,0.6258
2004-04-11 19:00:00,1063.0,797.0,1079.0,1285.0,607.0,2.0,118.0,5.7,93.0,93.0,16.4,35.3,0.6532
2004-04-11 20:00:00,922.0,674.0,1220.0,1205.0,498.0,1.1,65.0,3.4,63.0,78.0,15.6,37.5,0.6575
2004-04-11 21:00:00,925.0,680.0,1223.0,1217.0,481.0,1.1,63.0,3.5,60.0,76.0,15.5,36.7,0.6438
2004-04-11 22:00:00,924.0,648.0,1272.0,1186.0,465.0,1.1,61.0,2.9,63.0,74.0,14.5,39.0,0.6428
2004-04-11 23:00:00,914.0,661.0,1256.0,1187.0,478.0,1.1,63.0,3.1,66.0,81.0,14.2,38.2,0.6163
2004-04-12 00:00:00,840.0,556.0,1474.0,1094.0,366.0,0.7,31.0,1.6,41.0,58.0,13.7,38.3,0.5957
2004-04-12 01:00:00,799.0,514.0,1615.0,1036.0,332.0,0.6,29.0,1.1,42.0,59.0,14.1,34.0,0.5442
2004-04-12 02:00:00,856.0,581.0,1448.0,1111.0,346.0,0.7,34.0,2.0,36.0,54.0,14.6,34.0,0.5605
2004-04-12 03:00:00,830.0,560.0,1452.0,1066.0,350.0,0.6,34.0,1.7,,,14.4,32.8,0.5364
2004-04-12 04:00:00,753.0,462.0,1822.0,955.0,274.0,0.3,9.0,0.7,16.0,25.0,13.9,30.9,0.4868
2004-04-12 05:00:00,785.0,448.0,1923.0,1003.0,263.0,0.3,14.0,0.5,16.0,26.0,13.5,37.9,0.5852
2004-04-12 06:00:00,835.0,472.0,1756.0,1117.0,314.0,0.4,23.0,0.7,33.0,49.0,13.9,43.6,0.6871
2004-04-12 07:00:00,865.0,494.0,1613.0,1185.0,367.0,0.5,36.0,0.9,39.0,53.0,13.5,50.1,0.7706
2004-04-12 08:00:00,922.0,541.0,1453.0,1246.0,432.0,0.6,39.0,1.5,45.0,57.0,13.3,53.6,0.8169
2004-04-12 09:00:00,975.0,598.0,1268.0,1293.0,536.0,0.8,38.0,2.2,63.0,73.0,13.4,56.0,0.8576
2004-04-12 10:00:00,1040.0,646.0,1210.0,1325.0,555.0,1.0,55.0,2.9,71.0,78.0,13.0,59.6,0.886
2004-04-12 11:00:00,1115.0,707.0,1105.0,1384.0,677.0,1.3,75.0,3.9,104.0,93.0,12.7,62.7,0.9173
2004-04-12 12:00:00,1004.0,641.0,1201.0,1305.0,557.0,1.1,64.0,2.8,85.0,71.0,12.1,60.5,0.8505
2004-04-12 13:00:00,895.0,536.0,1415.0,1229.0,421.0,0.6,39.0,1.4,53.0,56.0,11.2,64.4,0.8537
2004-04-12 14:00:00,917.0,563.0,1415.0,1257.0,423.0,0.7,42.0,1.7,58.0,60.0,10.7,67.6,0.8703
2004-04-12 15:00:00,1025.0,689.0,1189.0,1325.0,519.0,1.2,78.0,3.6,89.0,77.0,11.4,61.2,0.8236
2004-04-12 16:00:00,1035.0,660.0,1222.0,1301.0,533.0,1.4,69.0,3.1,96.0,82.0,9.9,70.5,0.8581
2004-04-12 17:00:00,1025.0,682.0,1197.0,1313.0,537.0,1.2,67.0,3.5,88.0,77.0,10.3,65.2,0.8151
2004-04-12 18:00:00,1040.0,705.0,1149.0,1324.0,612.0,1.3,83.0,3.9,100.0,91.0,11.0,58.9,0.7714
2004-04-12 19:00:00,1070.0,776.0,1065.0,1369.0,697.0,1.8,79.0,5.2,127.0,93.0,10.6,59.5,0.7595
2004-04-12 20:00:00,964.0,692.0,1176.0,1292.0,573.0,1.2,68.0,3.7,88.0,82.0,10.6,57.7,0.7362
2004-04-12 21:00:00,904.0,635.0,1269.0,1233.0,489.0,0.8,56.0,2.7,66.0,74.0,10.6,56.1,0.7149
2004-04-12 22:00:00,913.0,626.0,1271.0,1234.0,474.0,0.8,49.0,2.6,61.0,68.0,10.3,58.0,0.7239
2004-04-12 23:00:00,914.0,610.0,1322.0,1230.0,455.0,0.8,56.0,2.4,54.0,65.0,10.4,58.4,0.7352
2004-04-13 00:00:00,893.0,587.0,1368.0,1219.0,433.0,0.7,48.0,2.0,46.0,58.0,10.7,58.2,0.7459
2004-04-13 01:00:00,844.0,532.0,1499.0,1176.0,376.0,0.5,27.0,1.3,25.0,36.0,10.5,59.9,0.7624
2004-04-13 02:00:00,837.0,518.0,1581.0,1182.0,360.0,0.3,29.0,1.2,18.0,29.0,10.5,60.8,0.7704
2004-04-13 03:00:00,868.0,530.0,1482.0,1215.0,384.0,0.4,32.0,1.3,,,10.6,63.1,0.8068
2004-04-13 04:00:00,825.0,489.0,1565.0,1171.0,363.0,0.3,47.0,0.9,21.0,28.0,11.1,60.1,0.7925
2004-04-13 05:00:00,956.0,656.0,1251.0,1356.0,525.0,0.7,66.0,3.1,76.0,68.0,10.1,68.4,0.8443
2004-04-13 06:00:00,1124.0,853.0,960.0,1531.0,873.0,1.6,163.0,6.9,149.0,99.0,10.0,68.7,0.8456
2004-04-13 07:00:00,1496.0,1272.0,667.0,2011.0,1399.0,3.9,524.0,19.1,328.0,130.0,11.0,64.2,0.8398
2004-04-13 08:00:00,1452.0,1354.0,620.0,2057.0,1501.0,4.5,657.0,22.1,282.0,128.0,12.0,58.1,0.8138
2004-04-13 09:00:00,1172.0,1042.0,797.0,1641.0,1186.0,2.7,324.0,11.8,206.0,120.0,12.8,52.0,0.7643
2004-04-13 10:00:00,1020.0,871.0,956.0,1426.0,911.0,1.6,144.0,7.3,133.0,93.0,12.6,50.8,0.7387
2004-04-13 11:00:00,1044.0,900.0,934.0,1471.0,919.0,1.6,135.0,8.0,137.0,96.0,13.8,47.4,0.7435
2004-04-13 12:00:00,1020.0,866.0,972.0,1429.0,791.0,1.6,140.0,7.2,116.0,84.0,15.1,42.7,0.7294
2004-04-13 13:00:00,1009.0,885.0,994.0,1439.0,751.0,1.5,141.0,7.7,112.0,87.0,16.3,38.1,0.7006
2004-04-13 14:00:00,1073.0,966.0,935.0,1537.0,805.0,1.8,181.0,9.7,128.0,87.0,16.6,36.7,0.6867
2004-04-13 15:00:00,1098.0,971.0,877.0,1527.0,966.0,2.1,227.0,9.8,145.0,103.0,15.8,40.5,0.7241
2004-04-13 16:00:00,1061.0,887.0,920.0,1462.0,869.0,1.7,149.0,7.7,110.0,88.0,16.3,41.8,0.7712
2004-04-13 17:00:00,1289.0,1158.0,755.0,1791.0,1196.0,3.0,425.0,15.3,184.0,118.0,16.1,42.8,0.7783
2004-04-13 18:00:00,1442.0,1337.0,630.0,2004.0,1523.0,4.6,669.0,21.5,243.0,134.0,15.3,46.8,0.8074
2004-04-13 19:00:00,1479.0,1343.0,631.0,1995.0,1579.0,5.0,680.0,21.7,259.0,144.0,14.7,47.0,0.7815
2004-04-13 20:00:00,1266.0,1138.0,726.0,1747.0,1370.0,3.5,446.0,14.6,205.0,129.0,14.1,49.6,0.7931
2004-04-13 21:00:00,1149.0,952.0,845.0,1577.0,1204.0,2.1,205.0,9.3,144.0,108.0,13.5,54.1,0.8351
2004-04-13 22:00:00,1168.0,954.0,843.0,1586.0,1201.0,2.1,194.0,9.4,152.0,104.0,12.3,59.2,0.8461
2004-04-13 23:00:00,1079.0,847.0,925.0,1463.0,1122.0,1.5,115.0,6.8,108.0,90.0,11.6,62.2,0.851
2004-04-14 00:00:00,1047.0,760.0,1032.0,1379.0,1003.0,1.1,74.0,4.9,64.0,74.0,11.5,61.4,0.8303
2004-04-14 01:00:00,936.0,705.0,1086.0,1364.0,918.0,0.9,85.0,3.9,73.0,73.0,10.9,64.6,0.8395
2004-04-14 02:00:00,900.0,635.0,1207.0,1307.0,836.0,0.7,66.0,2.7,47.0,60.0,11.1,63.2,0.8331
2004-04-14 03:00:00,839.0,576.0,1325.0,1285.0,759.0,0.4,60.0,1.9,,,10.7,64.4,0.8284
2004-04-14 04:00:00,840.0,563.0,1349.0,1275.0,755.0,,40.0,1.7,45.0,57.0,10.7,63.8,0.8174
2004-04-14 05:00:00,905.0,670.0,1191.0,1346.0,820.0,0.9,47.0,3.3,79.0,62.0,10.2,65.8,0.8196
2004-04-14 06:00:00,1079.0,875.0,947.0,1535.0,998.0,1.6,116.0,7.4,113.0,71.0,10.3,65.6,0.8225
2004-04-14 07:00:00,1417.0,1246.0,669.0,1921.0,1403.0,3.9,478.0,18.2,263.0,94.0,10.8,64.0,0.8307
2004-04-14 08:00:00,1529.0,1497.0,569.0,2278.0,1641.0,5.0,836.0,27.7,275.0,99.0,13.3,55.6,0.8453
2004-04-14 09:00:00,1397.0,1248.0,659.0,1906.0,1534.0,4.3,655.0,18.3,263.0,119.0,15.8,46.8,0.8328
2004-04-14 10:00:00,1214.0,1061.0,780.0,1662.0,1257.0,2.7,312.0,12.3,183.0,103.0,19.5,34.4,0.7738
2004-04-14 11:00:00,1109.0,935.0,882.0,1518.0,1026.0,2.1,195.0,8.9,147.0,95.0,21.1,30.2,0.745
2004-04-14 12:00:00,1122.0,993.0,859.0,1571.0,993.0,2.1,238.0,10.4,132.0,95.0,18.4,34.2,0.7185
2004-04-14 13:00:00,1094.0,966.0,877.0,1519.0,919.0,,,9.7,,,21.0,30.6,0.7538
2004-04-14 14:00:00,1164.0,1076.0,788.0,1653.0,1032.0,,,12.8,,,21.4,28.7,0.7231
2004-04-14 15:00:00,1188.0,1082.0,790.0,1653.0,1077.0,,,12.9,,,21.3,27.3,0.6856
2004-04-14 16:00:00,1098.0,934.0,895.0,1497.0,883.0,,,8.9,,,20.4,30.4,0.7193
2004-04-14 17:00:00,1180.0,1014.0,826.0,1595.0,1036.0,,,11.0,,,18.7,34.8,0.7436
2004-04-14 18:00:00,1195.0,1072.0,799.0,1609.0,1144.0,,,12.6,,,18.6,34.7,0.7369
2004-04-14 19:00:00,1234.0,1095.0,789.0,1638.0,1212.0,,,13.3,,,17.9,35.8,0.7276
2004-04-14 20:00:00,1425.0,1242.0,675.0,1858.0,1486.0,,,18.1,,,16.5,42.1,0.7856
2004-04-14 21:00:00,1320.0,1085.0,730.0,1689.0,1440.0,,,13.0,,,14.8,49.7,0.8321
2004-04-14 22:00:00,1158.0,892.0,870.0,1494.0,1242.0,,,7.8,,,13.4,54.3,0.8291
2004-04-14 23:00:00,1060.0,805.0,964.0,1418.0,1089.0,,,5.8,,,13.4,54.2,0.8319
2004-04-15 00:00:00,1036.0,746.0,1034.0,1364.0,993.0,,,4.7,,,12.3,57.6,0.8223
2004-04-15 01:00:00,943.0,660.0,1163.0,1297.0,862.0,,,3.1,,,11.6,58.8,0.7996
2004-04-15 02:00:00,899.0,591.0,1243.0,1259.0,815.0,,,2.1,,,10.7,62.3,0.7988
2004-04-15 03:00:00,889.0,559.0,1331.0,1241.0,714.0,,,1.7,,,10.2,63.2,0.7865
2004-04-15 04:00:00,847.0,527.0,1416.0,1216.0,682.0,,,1.3,,,10.5,61.3,0.7761
2004-04-15 05:00:00,918.0,625.0,1255.0,1298.0,744.0,,,2.6,,,9.3,65.8,0.7722
2004-04-15 06:00:00,1105.0,897.0,906.0,1510.0,1050.0,,,7.9,,,9.1,67.4,0.7814
2004-04-15 07:00:00,1491.0,1335.0,625.0,2001.0,1522.0,,,21.4,,,10.2,62.9,0.7831
2004-04-15 08:00:00,1508.0,1355.0,609.0,2034.0,1623.0,,,22.1,,,11.6,58.7,0.7999
2004-04-15 09:00:00,1489.0,1270.0,633.0,1889.0,1638.0,3.9,536.0,19.1,309.0,114.0,13.5,53.4,0.8196
2004-04-15 10:00:00,1451.0,1219.0,661.0,1804.0,1633.0,3.8,481.0,17.3,327.0,127.0,15.0,49.3,0.8364
2004-04-15 11:00:00,1454.0,1225.0,661.0,1809.0,1654.0,3.8,460.0,17.5,299.0,135.0,17.1,42.1,0.812
2004-04-15 12:00:00,1392.0,1210.0,689.0,1792.0,1559.0,3.9,597.0,17.0,257.0,135.0,18.4,36.9,0.7758
2004-04-15 13:00:00,1351.0,1210.0,709.0,1783.0,1374.0,3.5,465.0,17.0,195.0,120.0,19.3,35.4,0.7824
2004-04-15 14:00:00,1418.0,1282.0,681.0,1890.0,1418.0,4.0,542.0,19.5,231.0,129.0,19.2,35.7,0.7826
2004-04-15 15:00:00,1303.0,1143.0,748.0,1734.0,1228.0,3.0,437.0,14.8,170.0,114.0,21.5,30.4,0.7677
2004-04-15 16:00:00,1292.0,1116.0,746.0,1676.0,1293.0,3.1,383.0,14.0,192.0,129.0,19.6,34.6,0.7807
2004-04-15 17:00:00,1560.0,1413.0,594.0,2046.0,1642.0,5.2,778.0,24.4,251.0,149.0,19.6,35.5,0.8017
2004-04-15 18:00:00,1765.0,1507.0,533.0,2271.0,1895.0,5.9,926.0,28.1,289.0,149.0,18.3,44.1,0.9183
2004-04-15 19:00:00,1875.0,1637.0,482.0,2446.0,2086.0,7.3,1189.0,33.7,351.0,158.0,17.4,47.8,0.9392
2004-04-15 20:00:00,1746.0,1409.0,553.0,2119.0,1898.0,6.1,824.0,24.2,319.0,148.0,16.8,49.8,0.9446
2004-04-15 21:00:00,1607.0,1290.0,587.0,1960.0,1758.0,4.6,660.0,19.8,264.0,134.0,16.2,53.2,0.9723
2004-04-15 22:00:00,1277.0,952.0,802.0,1607.0,1284.0,2.5,203.0,9.3,144.0,111.0,14.9,59.1,0.9928
2004-04-15 23:00:00,1207.0,868.0,877.0,1532.0,1075.0,2.2,136.0,7.3,119.0,106.0,13.9,64.0,1.013
2004-04-16 00:00:00,1209.0,863.0,882.0,1547.0,1084.0,2.0,114.0,7.1,120.0,108.0,13.7,66.8,1.041
2004-04-16 01:00:00,1189.0,844.0,887.0,1566.0,1049.0,1.9,110.0,6.7,96.0,93.0,13.4,69.6,1.0688
2004-04-16 02:00:00,1132.0,810.0,899.0,1532.0,1021.0,1.6,127.0,6.0,77.0,83.0,12.8,71.9,1.0632
2004-04-16 03:00:00,974.0,635.0,1159.0,1387.0,778.0,1.0,68.0,2.7,,,12.9,68.5,1.0155
2004-04-16 04:00:00,1033.0,686.0,1030.0,1420.0,948.0,1.0,70.0,3.6,63.0,69.0,11.9,74.8,1.038
2004-04-16 05:00:00,1075.0,782.0,941.0,1505.0,988.0,1.2,93.0,5.4,97.0,77.0,11.6,76.4,1.0415
2004-04-16 06:00:00,1242.0,978.0,778.0,1686.0,1184.0,2.0,179.0,10.0,180.0,87.0,11.7,75.3,1.0325
2004-04-16 07:00:00,1657.0,1384.0,579.0,2176.0,1600.0,4.5,523.0,23.2,352.0,109.0,12.8,71.0,1.0428
2004-04-16 08:00:00,1406.0,1258.0,636.0,1890.0,1495.0,4.1,546.0,18.7,279.0,116.0,13.8,61.1,0.9595
2004-04-16 09:00:00,1150.0,973.0,827.0,1590.0,1188.0,2.6,251.0,9.9,186.0,105.0,15.3,51.4,0.8886
2004-04-16 10:00:00,1184.0,983.0,823.0,1604.0,1166.0,2.3,222.0,10.2,169.0,106.0,16.6,48.7,0.9146
2004-04-16 11:00:00,1223.0,1014.0,781.0,1666.0,1219.0,2.6,212.0,11.0,172.0,108.0,17.6,46.7,0.9324
2004-04-16 12:00:00,1196.0,997.0,802.0,1644.0,1128.0,2.4,263.0,10.5,127.0,100.0,19.2,42.7,0.9425
2004-04-16 13:00:00,1559.0,1267.0,653.0,2047.0,1373.0,4.3,535.0,18.9,230.0,149.0,15.7,62.5,1.1092
2004-04-16 14:00:00,1544.0,1266.0,613.0,2066.0,1415.0,4.6,609.0,18.9,280.0,148.0,14.5,75.7,1.2425
2004-04-16 15:00:00,1485.0,1223.0,650.0,1980.0,1302.0,4.0,449.0,17.5,242.0,126.0,14.4,77.4,1.2654
2004-04-16 16:00:00,1498.0,1230.0,649.0,1963.0,1308.0,4.7,536.0,17.7,250.0,140.0,14.6,74.9,1.2391
2004-04-16 17:00:00,1593.0,1378.0,582.0,2159.0,1449.0,5.7,743.0,23.0,309.0,142.0,14.6,76.0,1.2573
2004-04-16 18:00:00,1529.0,1309.0,627.0,2083.0,1385.0,5.2,575.0,20.4,270.0,141.0,14.0,76.3,1.2166
2004-04-16 19:00:00,1689.0,1474.0,560.0,2298.0,1492.0,6.4,783.0,26.8,323.0,149.0,13.9,78.0,1.2303
2004-04-16 20:00:00,1535.0,1295.0,627.0,2039.0,1380.0,6.0,706.0,19.9,307.0,140.0,13.8,78.0,1.2229
2004-04-16 21:00:00,1304.0,1067.0,737.0,1811.0,1167.0,3.4,299.0,12.5,224.0,117.0,13.5,79.4,1.2224
2004-04-16 22:00:00,1235.0,963.0,803.0,1680.0,1095.0,2.7,159.0,9.6,166.0,103.0,13.1,80.1,1.2016
2004-04-16 23:00:00,1281.0,977.0,794.0,1695.0,1105.0,3.1,171.0,10.0,171.0,99.0,12.8,81.0,1.1915
2004-04-17 00:00:00,1167.0,904.0,846.0,1627.0,1051.0,2.6,162.0,8.1,169.0,100.0,12.7,80.6,1.1819
2004-04-17 01:00:00,1134.0,863.0,869.0,1599.0,1009.0,2.2,111.0,7.1,120.0,88.0,12.5,81.8,1.1838
2004-04-17 02:00:00,1100.0,829.0,887.0,1565.0,972.0,1.9,134.0,6.4,103.0,83.0,12.7,81.2,1.1849
2004-04-17 03:00:00,1057.0,768.0,958.0,1527.0,884.0,,,5.1,,,12.4,82.4,1.1848
2004-04-17 04:00:00,902.0,652.0,1158.0,1437.0,661.0,,,3.0,,,12.6,79.9,1.1619
2004-04-17 05:00:00,982.0,724.0,1055.0,1508.0,774.0,,,4.2,,,12.8,80.0,1.1761
2004-04-17 06:00:00,997.0,769.0,1002.0,1524.0,868.0,,,5.1,,,12.6,79.9,1.1596
2004-04-17 07:00:00,1141.0,902.0,905.0,1672.0,965.0,,,8.1,,,12.5,79.6,1.1538
2004-04-17 08:00:00,1163.0,930.0,849.0,1691.0,985.0,,,8.8,,,12.8,80.8,1.1863
2004-04-17 09:00:00,1107.0,864.0,911.0,1604.0,963.0,,,7.2,,,13.5,78.1,1.1997
2004-04-17 10:00:00,1228.0,949.0,838.0,1706.0,1069.0,,,9.2,,,14.6,74.9,1.2348
2004-04-17 11:00:00,1033.0,810.0,969.0,1526.0,864.0,,,6.0,,,16.8,61.0,1.1599
2004-04-17 12:00:00,984.0,763.0,1054.0,1472.0,641.0,,,5.0,,,18.8,50.1,1.0769
2004-04-17 13:00:00,1066.0,879.0,939.0,1536.0,740.0,,,7.5,,,19.3,47.1,1.0445
2004-04-17 14:00:00,926.0,707.0,1130.0,1429.0,532.0,,,3.9,,,19.3,46.6,1.0298
2004-04-17 15:00:00,979.0,764.0,1054.0,1462.0,572.0,,,5.0,,,19.7,44.4,1.0081
2004-04-17 16:00:00,993.0,783.0,1033.0,1482.0,630.0,,,5.4,,,19.3,45.7,1.0161
2004-04-17 17:00:00,970.0,763.0,1043.0,1462.0,608.0,,,5.0,,,17.9,49.9,1.0135
2004-04-17 18:00:00,997.0,788.0,1014.0,1482.0,644.0,,,5.5,,,16.9,53.2,1.0179
2004-04-17 19:00:00,1097.0,892.0,909.0,1594.0,833.0,,,7.8,,,16.1,56.0,1.0151
2004-04-17 20:00:00,1105.0,908.0,900.0,1566.0,923.0,,,8.2,,,16.5,52.8,0.986
2004-04-17 21:00:00,993.0,777.0,1022.0,1482.0,790.0,,,5.3,,,16.9,51.1,0.9743
2004-04-17 22:00:00,1136.0,896.0,919.0,1623.0,961.0,,,7.9,,,17.0,50.8,0.9751
2004-04-17 23:00:00,1297.0,1003.0,798.0,1700.0,1177.0,,,10.7,,,16.9,54.8,1.0455
2004-04-18 00:00:00,1110.0,855.0,897.0,1568.0,943.0,,,6.9,,,16.3,57.2,1.0492
2004-04-18 01:00:00,1027.0,827.0,942.0,1529.0,742.0,,,6.3,,,16.0,56.2,1.0164
2004-04-18 02:00:00,1024.0,795.0,982.0,1501.0,705.0,,,5.6,,,15.6,60.2,1.0617
2004-04-18 03:00:00,992.0,783.0,988.0,1527.0,663.0,,,5.4,,,14.6,68.2,1.1282
2004-04-18 04:00:00,929.0,664.0,1144.0,1449.0,536.0,,,3.2,,,14.3,69.6,1.1257
2004-04-18 05:00:00,892.0,579.0,1309.0,1396.0,441.0,,,1.9,,,13.8,71.9,1.1312
2004-04-18 06:00:00,895.0,609.0,1268.0,1410.0,477.0,,,2.3,,,13.8,72.7,1.1402
2004-04-18 07:00:00,915.0,612.0,1266.0,1411.0,506.0,,,2.4,,,14.2,72.3,1.1632
2004-04-18 08:00:00,947.0,649.0,1154.0,1459.0,608.0,,,2.9,,,14.5,72.9,1.195
2004-04-18 09:00:00,1032.0,721.0,1052.0,1546.0,663.0,,,4.2,,,14.2,75.6,1.2201
2004-04-18 10:00:00,1219.0,849.0,901.0,1664.0,912.0,,,6.8,,,14.5,77.2,1.2695
2004-04-18 11:00:00,1217.0,869.0,873.0,1660.0,963.0,,,7.3,,,14.9,74.5,1.253
2004-04-18 12:00:00,1097.0,779.0,980.0,1565.0,803.0,,,5.3,,,15.5,67.4,1.178
2004-04-18 13:00:00,938.0,674.0,1136.0,1433.0,564.0,,,3.4,,,16.7,56.0,1.0544
2004-04-18 14:00:00,944.0,677.0,1140.0,1436.0,501.0,,,3.4,,,17.1,55.5,1.0724
2004-04-18 15:00:00,1139.0,847.0,929.0,1604.0,701.0,,,6.8,,,16.2,62.4,1.1423
2004-04-18 16:00:00,1163.0,859.0,921.0,1603.0,783.0,,,7.0,,,17.4,58.9,1.1567
2004-04-18 17:00:00,1157.0,885.0,916.0,1590.0,784.0,,,7.7,,,17.5,54.6,1.08
2004-04-18 18:00:00,1154.0,919.0,876.0,1623.0,861.0,,,8.5,,,17.5,54.2,1.0722
2004-04-18 19:00:00,1342.0,1102.0,744.0,1824.0,1156.0,,,13.5,,,17.0,55.1,1.0621
2004-04-18 20:00:00,1178.0,949.0,847.0,1653.0,1047.0,,,9.2,,,16.4,57.8,1.0669
2004-04-18 21:00:00,1152.0,926.0,854.0,1669.0,1034.0,,,8.7,,,15.8,60.4,1.0744
2004-04-18 22:00:00,1078.0,841.0,920.0,1595.0,962.0,,,6.6,,,15.5,63.3,1.1071
2004-04-18 23:00:00,1167.0,945.0,826.0,1702.0,1100.0,,,9.1,,,15.0,65.2,1.1045
2004-04-19 00:00:00,1111.0,890.0,871.0,1658.0,1047.0,,,7.8,,,14.5,67.3,1.1054
2004-04-19 01:00:00,988.0,722.0,1029.0,1500.0,874.0,,,4.2,,,14.1,70.1,1.1224
2004-04-19 02:00:00,917.0,677.0,1103.0,1494.0,747.0,,,3.4,,,13.8,73.3,1.1518
2004-04-19 03:00:00,850.0,562.0,1275.0,1407.0,589.0,,,1.7,,,13.1,78.3,1.1716
2004-04-19 04:00:00,885.0,589.0,1238.0,1443.0,635.0,,,2.1,,,13.0,78.2,1.1664
2004-04-19 05:00:00,888.0,597.0,1242.0,1428.0,671.0,,,2.2,,,14.3,70.1,1.1328
2004-04-19 06:00:00,1101.0,852.0,913.0,1655.0,992.0,,,6.9,,,14.0,70.9,1.1306
2004-04-19 07:00:00,1399.0,1195.0,680.0,1976.0,1308.0,,,16.5,,,15.4,64.2,1.1123
2004-04-19 08:00:00,1325.0,1260.0,652.0,1969.0,1303.0,,,18.7,,,16.5,57.9,1.0826
2004-04-19 09:00:00,1058.0,921.0,876.0,1594.0,893.0,,,8.5,,,18.8,48.0,1.0323
2004-04-19 10:00:00,990.0,846.0,947.0,1503.0,715.0,,,6.8,,,19.5,43.3,0.9706
2004-04-19 11:00:00,1018.0,879.0,950.0,1574.0,685.0,,,7.5,,,18.5,45.5,0.9606
2004-04-19 12:00:00,1105.0,1010.0,811.0,1709.0,947.0,,,10.9,,,18.0,46.7,0.9569
2004-04-19 13:00:00,1194.0,1097.0,743.0,1847.0,1049.0,,,13.4,,,16.5,58.2,1.0813
2004-04-19 14:00:00,1088.0,893.0,892.0,1565.0,741.0,,,7.9,,,12.1,75.6,1.0662
2004-04-19 15:00:00,1084.0,933.0,872.0,1602.0,801.0,,,8.8,,,11.1,75.6,0.9974
2004-04-19 16:00:00,1207.0,1032.0,797.0,1701.0,969.0,,,11.5,,,10.5,79.0,1.0016
2004-04-19 17:00:00,1186.0,1042.0,808.0,1684.0,1038.0,,,11.8,,,10.0,80.5,0.9853
2004-04-19 18:00:00,1053.0,911.0,916.0,1528.0,889.0,,,8.3,,,11.3,70.5,0.9389
2004-04-19 19:00:00,1032.0,895.0,921.0,1508.0,879.0,,,7.9,,,10.7,71.5,0.9197
2004-04-19 20:00:00,989.0,846.0,960.0,1476.0,846.0,,,6.7,,,9.9,74.0,0.9009
2004-04-19 21:00:00,930.0,745.0,1085.0,1391.0,712.0,,,4.6,,,10.8,68.2,0.8806
2004-04-19 22:00:00,951.0,766.0,1056.0,1431.0,747.0,,,5.0,,,10.2,74.0,0.9176
2004-04-19 23:00:00,985.0,780.0,1017.0,1444.0,791.0,,,5.3,,,10.1,77.5,0.9579
2004-04-20 00:00:00,937.0,703.0,1136.0,1377.0,637.0,,,3.9,,,9.9,77.7,0.9497
2004-04-20 01:00:00,887.0,648.0,1222.0,1357.0,553.0,,,2.9,,,9.5,80.2,0.9533
2004-04-20 02:00:00,806.0,544.0,1429.0,1290.0,449.0,,,1.5,,,9.5,79.7,0.9489
2004-04-20 03:00:00,771.0,483.0,1587.0,1277.0,485.0,,,0.8,,,9.7,78.9,0.9487
2004-04-20 04:00:00,802.0,519.0,1523.0,1315.0,540.0,,,1.2,,,9.8,80.0,0.967
2004-04-20 05:00:00,878.0,644.0,1260.0,1410.0,685.0,,,2.9,,,10.0,79.6,0.98
2004-04-20 06:00:00,1070.0,883.0,942.0,1625.0,925.0,,,7.6,,,10.3,79.4,0.9927
2004-04-20 07:00:00,1430.0,1316.0,638.0,2069.0,1382.0,,,20.7,,,11.0,77.4,1.0135
2004-04-20 08:00:00,1565.0,1549.0,540.0,2396.0,1645.0,,,29.9,,,12.3,69.2,0.9906
2004-04-20 09:00:00,1365.0,1299.0,637.0,1999.0,1514.0,,,20.1,,,14.5,60.4,0.9936
2004-04-20 10:00:00,1348.0,1214.0,678.0,1874.0,1509.0,,,17.1,,,16.0,56.3,1.0185
2004-04-20 11:00:00,1311.0,1279.0,648.0,1991.0,1520.0,,,19.4,,,18.1,51.1,1.0551
2004-04-20 12:00:00,1302.0,1260.0,658.0,1970.0,1471.0,,,18.7,,,23.0,37.5,1.0389
2004-04-20 13:00:00,1250.0,1173.0,720.0,1870.0,1282.0,,,15.8,,,21.8,39.6,1.0209
2004-04-20 14:00:00,1083.0,988.0,859.0,1643.0,1004.0,,,10.3,,,21.9,37.2,0.9683
2004-04-20 15:00:00,1005.0,894.0,956.0,1530.0,714.0,,,7.9,,,23.8,31.4,0.9132
2004-04-20 16:00:00,1129.0,1107.0,844.0,1742.0,940.0,,,13.7,,,25.9,26.9,0.8845
2004-04-20 17:00:00,1327.0,1289.0,712.0,1938.0,1272.0,,,19.7,,,25.8,29.9,0.9808
2004-04-20 18:00:00,1428.0,1437.0,599.0,2156.0,1526.0,,,25.3,,,22.6,39.5,1.0679
2004-04-20 19:00:00,1426.0,1400.0,612.0,2102.0,1488.0,,,23.9,,,19.9,45.0,1.0364
2004-04-20 20:00:00,1310.0,1313.0,663.0,1958.0,1475.0,,,20.6,,,17.9,47.4,0.9657
2004-04-20 21:00:00,1114.0,1059.0,792.0,1704.0,1182.0,,,12.3,,,16.8,50.4,0.9545
2004-04-20 22:00:00,991.0,889.0,932.0,1550.0,933.0,,,7.7,,,16.0,52.0,0.9375
2004-04-20 23:00:00,1089.0,940.0,866.0,1589.0,1001.0,,,9.0,,,14.2,59.1,0.952
2004-04-21 00:00:00,911.0,740.0,1071.0,1412.0,756.0,,,4.5,,,14.2,56.7,0.9111
2004-04-21 01:00:00,1005.0,802.0,976.0,1474.0,952.0,,,5.8,,,12.2,67.7,0.9625
2004-04-21 02:00:00,863.0,664.0,1172.0,1381.0,808.0,,,3.2,,,13.2,61.7,0.9328
2004-04-21 03:00:00,857.0,653.0,1197.0,1375.0,779.0,,,3.0,,,10.9,71.0,0.9249
2004-04-21 04:00:00,804.0,585.0,1301.0,1319.0,717.0,,,2.0,,,11.3,67.6,0.9038
2004-04-21 05:00:00,871.0,694.0,1160.0,1421.0,779.0,,,3.7,,,10.1,71.8,0.888
2004-04-21 06:00:00,1035.0,929.0,887.0,1599.0,1009.0,,,8.7,,,10.2,70.9,0.8841
2004-04-21 07:00:00,1513.0,1480.0,572.0,2249.0,1595.0,,,27.0,,,11.8,66.0,0.9085
2004-04-21 08:00:00,1726.0,1776.0,478.0,2684.0,1940.0,,,40.3,,,14.0,58.2,0.9271
2004-04-21 09:00:00,1396.0,1296.0,619.0,1991.0,1628.0,,,20.0,,,17.0,50.2,0.9646
2004-04-21 10:00:00,1333.0,1212.0,668.0,1854.0,1573.0,,,17.1,,,22.3,36.9,0.9838
2004-04-21 11:00:00,1161.0,1016.0,849.0,1642.0,1187.0,,,11.0,,,24.4,30.9,0.934
2004-04-21 12:00:00,1081.0,1000.0,900.0,1561.0,900.0,,,10.6,,,25.9,26.7,0.8771
2004-04-21 13:00:00,1075.0,998.0,914.0,1574.0,800.0,,,10.5,,,25.8,26.1,0.854
2004-04-21 14:00:00,1055.0,964.0,953.0,1513.0,770.0,,,9.6,,,26.3,24.8,0.8393
2004-04-21 15:00:00,1053.0,953.0,988.0,1483.0,758.0,,,9.3,,,27.0,22.2,0.7805
2004-04-21 16:00:00,1087.0,1075.0,944.0,1558.0,886.0,,,12.7,,,27.3,20.5,0.7308
2004-04-21 17:00:00,1304.0,1291.0,765.0,1838.0,1219.0,,,19.8,,,25.8,24.1,0.7912
2004-04-21 18:00:00,1625.0,1608.0,601.0,2271.0,1725.0,,,32.5,,,25.3,28.9,0.9151
2004-04-21 19:00:00,1649.0,1633.0,584.0,2328.0,1745.0,,,33.6,,,23.8,33.7,0.9786
2004-04-21 20:00:00,1443.0,1455.0,635.0,2073.0,1600.0,,,26.0,,,21.4,36.0,0.9059
2004-04-21 21:00:00,1209.0,1193.0,753.0,1737.0,1310.0,,,16.4,,,19.8,39.5,0.9016
2004-04-21 22:00:00,1105.0,1000.0,847.0,1573.0,1208.0,,,10.6,,,19.2,42.1,0.9273
2004-04-21 23:00:00,1020.0,863.0,933.0,1492.0,1074.0,,,7.1,,,18.8,45.8,0.9855
2004-04-22 00:00:00,991.0,828.0,973.0,1469.0,993.0,,,6.4,,,17.1,50.8,0.9828
2004-04-22 01:00:00,937.0,741.0,1058.0,1420.0,923.0,,,4.6,,,16.2,53.4,0.9775
2004-04-22 02:00:00,882.0,654.0,1141.0,1377.0,819.0,,,3.0,,,16.0,53.5,0.9691
2004-04-22 03:00:00,843.0,597.0,1242.0,1341.0,727.0,,,2.2,,,14.3,59.2,0.9601
2004-04-22 04:00:00,819.0,565.0,1295.0,1316.0,694.0,,,1.7,,,13.3,62.6,0.9498
2004-04-22 05:00:00,834.0,596.0,1276.0,1335.0,727.0,,,2.2,,,13.4,59.5,0.9097
2004-04-22 06:00:00,977.0,800.0,990.0,1474.0,926.0,,,5.7,,,12.2,64.1,0.9062
2004-04-22 07:00:00,1234.0,1109.0,767.0,1729.0,1194.0,,,13.8,,,13.9,57.2,0.9029
2004-04-22 08:00:00,1403.0,1340.0,623.0,2003.0,1502.0,,,21.6,,,15.2,53.2,0.9107
2004-04-22 09:00:00,1538.0,1458.0,593.0,2186.0,1743.0,,,26.1,,,19.2,41.6,0.9154
2004-04-22 10:00:00,1343.0,1299.0,694.0,1945.0,1542.0,,,20.1,,,23.7,30.6,0.8854
2004-04-22 11:00:00,1243.0,1162.0,766.0,1731.0,1354.0,,,15.4,,,26.1,26.8,0.8921
2004-04-22 12:00:00,1201.0,1102.0,814.0,1682.0,1175.0,,,13.6,,,28.1,24.4,0.9138
2004-04-22 13:00:00,1121.0,1020.0,893.0,1585.0,916.0,,,11.1,,,28.3,23.9,0.906
2004-04-22 14:00:00,1087.0,1055.0,908.0,1562.0,818.0,,,12.2,,,28.0,21.0,0.7814
2004-04-22 15:00:00,1165.0,1225.0,824.0,1676.0,1028.0,,,17.5,,,30.8,16.4,0.7167
2004-04-22 16:00:00,1224.0,1270.0,806.0,1739.0,1113.0,,,19.1,,,31.3,16.2,0.7262
2004-04-22 17:00:00,1431.0,1482.0,679.0,2025.0,1431.0,,,27.1,,,29.4,20.5,0.8262
2004-04-22 18:00:00,1433.0,1510.0,661.0,2038.0,1503.0,,,28.3,,,25.8,24.3,0.794
2004-04-22 19:00:00,1527.0,1664.0,587.0,2238.0,1775.0,,,35.0,,,23.8,29.5,0.8559
2004-04-22 20:00:00,1387.0,1361.0,701.0,1932.0,1505.0,,,22.4,,,22.0,34.8,0.908
2004-04-22 21:00:00,1158.0,1100.0,835.0,1659.0,1211.0,,,13.5,,,20.2,37.4,0.8748
2004-04-22 22:00:00,1009.0,907.0,982.0,1466.0,872.0,,,8.2,,,19.3,38.8,0.8559
2004-04-22 23:00:00,1026.0,890.0,976.0,1467.0,855.0,,,7.8,,,17.9,43.7,0.8856
2004-04-23 00:00:00,1119.0,979.0,873.0,1593.0,1170.0,,,10.0,,,17.2,47.9,0.9334
2004-04-23 01:00:00,1000.0,839.0,958.0,1467.0,1024.0,,,6.6,,,16.3,49.7,0.916
2004-04-23 02:00:00,866.0,675.0,1155.0,1337.0,841.0,,,3.4,,,16.7,46.5,0.8755
2004-04-23 03:00:00,848.0,642.0,1202.0,1325.0,760.0,,,2.8,,,14.6,53.0,0.8775
2004-04-23 04:00:00,844.0,608.0,1213.0,1314.0,803.0,,,2.3,,,14.1,53.9,0.8633
2004-04-23 05:00:00,852.0,646.0,1186.0,1321.0,793.0,0.6,46.0,2.9,59.0,59.0,14.2,52.2,0.8413
2004-04-23 06:00:00,923.0,757.0,1041.0,1418.0,906.0,0.8,56.0,4.9,72.0,67.0,14.3,55.4,0.9003
2004-04-23 07:00:00,1490.0,1368.0,627.0,2119.0,1541.0,4.0,452.0,22.6,244.0,95.0,14.0,58.0,0.9202
2004-04-23 08:00:00,1662.0,1576.0,523.0,2417.0,1861.0,5.6,880.0,31.1,351.0,123.0,15.4,53.3,0.9289
2004-04-23 09:00:00,1553.0,1354.0,621.0,2030.0,1895.0,5.0,759.0,22.1,358.0,142.0,19.1,42.1,0.9233
2004-04-23 10:00:00,1423.0,1247.0,706.0,1887.0,1684.0,3.2,394.0,18.3,245.0,142.0,23.7,31.0,0.8968
2004-04-23 11:00:00,1458.0,1350.0,677.0,1947.0,1731.0,3.8,639.0,22.0,240.0,169.0,26.9,25.7,0.8942
2004-04-23 12:00:00,1349.0,1299.0,728.0,1838.0,1402.0,3.3,541.0,20.1,179.0,142.0,29.7,20.6,0.8478
2004-04-23 13:00:00,1326.0,1265.0,757.0,1835.0,1246.0,3.0,468.0,18.9,160.0,136.0,29.2,21.5,0.8573
2004-04-23 14:00:00,1356.0,1312.0,729.0,1865.0,1342.0,3.2,483.0,20.6,174.0,147.0,29.6,20.1,0.8181
2004-04-23 15:00:00,1460.0,1438.0,680.0,1953.0,1489.0,4.4,682.0,25.3,260.0,196.0,30.0,19.4,0.81
2004-04-23 16:00:00,1497.0,1449.0,679.0,1985.0,1532.0,4.6,698.0,25.8,281.0,186.0,29.5,20.1,0.8136
2004-04-23 17:00:00,1645.0,1566.0,599.0,2228.0,1909.0,5.2,832.0,30.6,284.0,177.0,27.0,26.8,0.9403
2004-04-23 18:00:00,1557.0,1483.0,615.0,2087.0,1757.0,4.8,872.0,27.1,250.0,164.0,24.9,30.8,0.954
2004-04-23 19:00:00,1747.0,1608.0,557.0,2335.0,1983.0,5.6,899.0,32.5,281.0,161.0,23.1,36.7,1.0244
2004-04-23 20:00:00,1482.0,1319.0,660.0,1975.0,1703.0,4.6,692.0,20.8,230.0,146.0,21.5,40.8,1.0333
2004-04-23 21:00:00,1211.0,1010.0,816.0,1619.0,1246.0,1.8,145.0,10.9,98.0,98.0,20.5,41.5,0.9864
2004-04-23 22:00:00,1294.0,1083.0,770.0,1687.0,1321.0,2.2,208.0,13.0,121.0,108.0,19.2,44.9,0.9875
2004-04-23 23:00:00,1300.0,1043.0,777.0,1659.0,1375.0,2.0,204.0,11.8,110.0,107.0,18.8,47.7,1.0221
2004-04-24 00:00:00,1402.0,1098.0,736.0,1729.0,1456.0,2.8,240.0,13.4,161.0,113.0,18.2,49.7,1.0284
2004-04-24 01:00:00,1349.0,1097.0,707.0,1763.0,1442.0,2.6,251.0,13.4,148.0,100.0,16.1,57.4,1.0451
2004-04-24 02:00:00,1161.0,938.0,827.0,1597.0,1243.0,1.8,173.0,9.0,109.0,87.0,16.3,55.3,1.0178
2004-04-24 03:00:00,1022.0,802.0,916.0,1481.0,1078.0,1.1,113.0,5.8,,,15.7,53.6,0.9483
2004-04-24 04:00:00,948.0,700.0,1045.0,1430.0,939.0,,55.0,3.8,45.0,60.0,16.9,49.8,0.9514
2004-04-24 05:00:00,933.0,697.0,1045.0,1403.0,937.0,0.7,65.0,3.7,71.0,65.0,14.8,57.7,0.9644
2004-04-24 06:00:00,1021.0,800.0,931.0,1483.0,1019.0,0.9,119.0,5.7,75.0,64.0,14.0,59.7,0.9499
2004-04-24 07:00:00,1134.0,979.0,794.0,1639.0,1140.0,1.5,151.0,10.0,106.0,73.0,14.6,56.8,0.9385
2004-04-24 08:00:00,1311.0,1147.0,681.0,1838.0,1351.0,2.5,305.0,15.0,166.0,86.0,16.7,51.9,0.9788
2004-04-24 09:00:00,1409.0,1169.0,685.0,1874.0,1459.0,3.0,415.0,15.6,188.0,105.0,20.0,45.0,1.039
2004-04-24 10:00:00,1301.0,1059.0,787.0,1727.0,1297.0,2.6,321.0,12.3,161.0,107.0,23.9,33.7,0.9837
2004-04-24 11:00:00,1354.0,1130.0,765.0,1808.0,1291.0,2.6,358.0,14.4,139.0,114.0,26.8,29.5,1.0209
2004-04-24 12:00:00,1391.0,1136.0,738.0,1840.0,1296.0,2.6,350.0,14.6,134.0,105.0,27.2,32.4,1.1493
2004-04-24 13:00:00,1200.0,929.0,879.0,1623.0,972.0,1.9,238.0,8.7,84.0,74.0,26.9,32.1,1.1217
2004-04-24 14:00:00,1338.0,1016.0,798.0,1766.0,1194.0,2.0,215.0,11.0,98.0,95.0,24.3,41.8,1.2561
2004-04-24 15:00:00,1223.0,938.0,884.0,1610.0,880.0,1.7,192.0,9.0,91.0,89.0,25.6,36.0,1.1629
2004-04-24 16:00:00,1278.0,1003.0,845.0,1691.0,909.0,1.9,205.0,10.7,99.0,95.0,27.0,31.8,1.1176
2004-04-24 17:00:00,1257.0,973.0,860.0,1634.0,839.0,1.8,165.0,9.9,90.0,93.0,27.5,31.6,1.1417
2004-04-24 18:00:00,1497.0,1171.0,725.0,1899.0,1248.0,2.8,283.0,15.7,147.0,123.0,24.9,38.1,1.1838
2004-04-24 19:00:00,1567.0,1280.0,661.0,1970.0,1476.0,3.5,467.0,19.4,177.0,134.0,23.4,39.7,1.1276
2004-04-24 20:00:00,1503.0,1203.0,651.0,1863.0,1502.0,3.4,485.0,16.8,162.0,126.0,21.2,50.8,1.2631
2004-04-24 21:00:00,1169.0,850.0,906.0,1584.0,873.0,2.0,202.0,6.8,88.0,79.0,15.6,73.5,1.2953
2004-04-24 22:00:00,1007.0,650.0,1157.0,1404.0,528.0,1.1,64.0,3.0,53.0,54.0,12.9,79.7,1.1774
2004-04-24 23:00:00,1004.0,667.0,1157.0,1365.0,492.0,1.3,71.0,3.2,68.0,69.0,11.5,76.9,1.0436
2004-04-25 00:00:00,967.0,661.0,1181.0,1321.0,463.0,1.2,84.0,3.1,61.0,67.0,12.2,66.8,0.9455
2004-04-25 01:00:00,984.0,707.0,1131.0,1359.0,494.0,1.3,70.0,3.9,71.0,73.0,12.4,64.1,0.9209
2004-04-25 02:00:00,931.0,689.0,1161.0,1317.0,503.0,1.0,61.0,3.6,63.0,73.0,12.7,58.7,0.8605
2004-04-25 03:00:00,966.0,737.0,1083.0,1363.0,581.0,1.3,92.0,4.5,,,12.6,58.6,0.8529
2004-04-25 04:00:00,777.0,521.0,1535.0,1121.0,350.0,,40.0,1.2,23.0,33.0,12.5,51.2,0.7374
2004-04-25 05:00:00,763.0,471.0,1783.0,1098.0,305.0,0.3,20.0,0.7,14.0,20.0,12.5,50.9,0.7346
2004-04-25 06:00:00,804.0,505.0,1718.0,1148.0,329.0,0.5,31.0,1.1,34.0,37.0,12.8,49.3,0.7285
2004-04-25 07:00:00,830.0,535.0,1496.0,1184.0,375.0,0.6,41.0,1.4,42.0,50.0,13.5,48.6,0.7487
2004-04-25 08:00:00,833.0,553.0,1476.0,1180.0,373.0,0.6,40.0,1.6,40.0,45.0,14.4,45.9,0.7476
2004-04-25 09:00:00,875.0,603.0,1370.0,1206.0,385.0,0.8,35.0,2.3,48.0,48.0,15.1,43.9,0.7487
2004-04-25 10:00:00,882.0,621.0,1346.0,1216.0,403.0,1.0,44.0,2.5,61.0,56.0,16.6,38.6,0.7236
2004-04-25 11:00:00,862.0,635.0,1320.0,1193.0,393.0,0.9,71.0,2.7,58.0,58.0,17.2,35.0,0.6789
2004-04-25 12:00:00,863.0,636.0,1290.0,1185.0,388.0,1.0,66.0,2.7,57.0,52.0,17.4,33.9,0.6683
2004-04-25 13:00:00,830.0,596.0,1389.0,1145.0,371.0,0.8,46.0,2.2,54.0,52.0,17.9,30.7,0.6234
2004-04-25 14:00:00,807.0,584.0,1488.0,1104.0,347.0,0.7,50.0,2.0,41.0,44.0,18.3,27.2,0.5675
2004-04-25 15:00:00,873.0,675.0,1343.0,1181.0,396.0,0.9,51.0,3.4,57.0,59.0,19.4,25.7,0.5738
2004-04-25 16:00:00,931.0,739.0,1274.0,1219.0,474.0,1.3,64.0,4.5,83.0,74.0,20.2,24.1,0.563
2004-04-25 17:00:00,918.0,748.0,1228.0,1219.0,505.0,1.4,138.0,4.7,81.0,76.0,19.6,24.9,0.5625
2004-04-25 18:00:00,1001.0,811.0,1122.0,1344.0,625.0,1.5,137.0,6.0,98.0,83.0,18.5,27.8,0.5843
2004-04-25 19:00:00,1169.0,1039.0,883.0,1550.0,941.0,2.7,303.0,11.7,124.0,100.0,17.8,30.3,0.6129
2004-04-25 20:00:00,1085.0,907.0,976.0,1419.0,893.0,2.5,204.0,8.2,133.0,101.0,16.6,34.0,0.6353
2004-04-25 21:00:00,940.0,769.0,1103.0,1310.0,731.0,1.4,95.0,5.1,100.0,90.0,15.5,37.0,0.6447
2004-04-25 22:00:00,1126.0,1083.0,875.0,1654.0,955.0,2.8,347.0,13.0,116.0,93.0,14.8,39.5,0.6595
2004-04-25 23:00:00,978.0,858.0,1013.0,1379.0,761.0,2.1,252.0,7.0,102.0,79.0,14.5,42.0,0.6896
2004-04-26 00:00:00,893.0,703.0,1192.0,1283.0,515.0,1.1,66.0,3.9,55.0,57.0,14.1,44.9,0.7206
2004-04-26 01:00:00,838.0,601.0,1361.0,1220.0,434.0,0.7,45.0,2.2,33.0,43.0,14.2,45.5,0.7333
2004-04-26 02:00:00,803.0,527.0,1513.0,1152.0,369.0,0.4,36.0,1.3,17.0,25.0,14.1,45.3,0.7247
2004-04-26 03:00:00,775.0,477.0,1722.0,1115.0,335.0,0.3,26.0,0.8,,,14.0,44.3,0.7038
2004-04-26 04:00:00,767.0,454.0,1826.0,1091.0,319.0,,17.0,0.6,10.0,17.0,14.1,43.0,0.689
2004-04-26 05:00:00,809.0,521.0,1575.0,1158.0,378.0,0.4,21.0,1.2,35.0,44.0,13.9,43.9,0.6923
2004-04-26 06:00:00,898.0,676.0,1271.0,1307.0,517.0,0.8,60.0,3.4,70.0,72.0,14.0,43.8,0.6959
2004-04-26 07:00:00,1053.0,880.0,982.0,1464.0,786.0,1.9,155.0,7.5,116.0,91.0,14.4,43.6,0.7113
2004-04-26 08:00:00,1033.0,934.0,917.0,1490.0,844.0,2.1,235.0,8.9,134.0,89.0,15.0,41.7,0.7093
2004-04-26 09:00:00,941.0,780.0,1080.0,1343.0,720.0,1.4,89.0,5.3,113.0,84.0,16.3,38.4,0.7052
2004-04-26 10:00:00,941.0,782.0,1102.0,1328.0,668.0,1.4,76.0,5.4,110.0,83.0,18.3,32.3,0.676
2004-04-26 11:00:00,917.0,772.0,1098.0,1311.0,605.0,1.3,101.0,5.2,98.0,78.0,18.8,31.7,0.6821
2004-04-26 12:00:00,977.0,837.0,1038.0,1413.0,646.0,1.5,109.0,6.6,96.0,80.0,19.6,30.9,0.6968
2004-04-26 13:00:00,994.0,851.0,1018.0,1436.0,640.0,1.6,143.0,6.9,95.0,75.0,20.2,30.7,0.7176
2004-04-26 14:00:00,942.0,785.0,1065.0,1365.0,571.0,1.3,104.0,5.4,86.0,77.0,19.7,32.5,0.7396
2004-04-26 15:00:00,981.0,810.0,1060.0,1395.0,605.0,1.4,107.0,6.0,86.0,77.0,20.7,31.6,0.7602
2004-04-26 16:00:00,984.0,832.0,1034.0,1410.0,636.0,1.5,133.0,6.4,91.0,81.0,20.0,32.7,0.7545
2004-04-26 17:00:00,1116.0,1003.0,864.0,1625.0,886.0,2.2,171.0,10.7,119.0,101.0,18.6,35.4,0.7535
2004-04-26 18:00:00,1181.0,1114.0,787.0,1685.0,1032.0,3.2,405.0,13.9,147.0,119.0,18.3,35.9,0.7501
2004-04-26 19:00:00,1163.0,1068.0,811.0,1616.0,977.0,3.0,334.0,12.5,135.0,111.0,17.8,37.5,0.7568
2004-04-26 20:00:00,1081.0,950.0,907.0,1496.0,924.0,2.6,236.0,9.3,124.0,109.0,17.3,38.8,0.7584
2004-04-26 21:00:00,1017.0,842.0,1000.0,1441.0,846.0,1.6,99.0,6.7,89.0,101.0,17.3,38.8,0.7596
2004-04-26 22:00:00,966.0,778.0,1057.0,1359.0,755.0,1.5,93.0,5.3,79.0,89.0,16.4,40.8,0.7542
2004-04-26 23:00:00,924.0,709.0,1158.0,1318.0,610.0,1.2,82.0,4.0,63.0,75.0,16.0,41.4,0.7487
2004-04-27 00:00:00,861.0,601.0,1351.0,1225.0,439.0,0.8,51.0,2.2,39.0,51.0,15.4,43.0,0.7482
2004-04-27 01:00:00,826.0,560.0,1424.0,1197.0,402.0,0.7,41.0,1.7,25.0,39.0,15.7,42.5,0.7539
2004-04-27 02:00:00,846.0,557.0,1385.0,1212.0,406.0,0.5,31.0,1.6,19.0,32.0,15.6,43.4,0.7651
2004-04-27 03:00:00,842.0,545.0,1423.0,1224.0,424.0,0.5,41.0,1.5,,,15.2,45.8,0.7864
2004-04-27 04:00:00,909.0,617.0,1236.0,1302.0,558.0,,41.0,2.5,34.0,49.0,14.7,49.9,0.828
2004-04-27 05:00:00,930.0,670.0,1143.0,1339.0,746.0,0.7,38.0,3.3,58.0,68.0,15.5,47.3,0.8282
2004-04-27 06:00:00,1120.0,935.0,843.0,1593.0,1126.0,1.4,111.0,8.9,112.0,76.0,14.4,53.1,0.8677
2004-04-27 07:00:00,1518.0,1389.0,589.0,2101.0,1703.0,4.1,584.0,23.4,314.0,122.0,15.9,48.5,0.8704
2004-04-27 08:00:00,1461.0,1398.0,630.0,2050.0,1628.0,4.6,633.0,23.8,240.0,129.0,18.1,40.3,0.8294
2004-04-27 09:00:00,1075.0,896.0,938.0,1487.0,936.0,1.9,145.0,7.9,128.0,94.0,19.6,35.9,0.81
2004-04-27 10:00:00,1061.0,908.0,968.0,1455.0,890.0,1.9,155.0,8.2,141.0,99.0,22.8,29.1,0.796
2004-04-27 11:00:00,1066.0,931.0,979.0,1474.0,757.0,1.7,128.0,8.8,118.0,81.0,24.8,25.3,0.7793
2004-04-27 12:00:00,1179.0,1137.0,829.0,1651.0,949.0,2.4,255.0,14.6,132.0,87.0,27.2,22.0,0.7785
2004-04-27 13:00:00,1251.0,1238.0,773.0,1779.0,1109.0,3.0,411.0,18.0,150.0,107.0,28.2,20.4,0.7677
2004-04-27 14:00:00,1120.0,1048.0,898.0,1560.0,870.0,2.0,173.0,12.0,121.0,95.0,25.4,24.2,0.7733
2004-04-27 15:00:00,1187.0,1142.0,840.0,1651.0,1011.0,2.7,277.0,14.8,149.0,110.0,25.7,23.8,0.7737
2004-04-27 16:00:00,1145.0,1066.0,903.0,1592.0,885.0,2.2,259.0,12.5,120.0,99.0,27.2,22.1,0.7811
2004-04-27 17:00:00,1215.0,1164.0,817.0,1689.0,1015.0,2.9,274.0,15.5,155.0,113.0,27.0,22.3,0.786
2004-04-27 18:00:00,1317.0,1231.0,766.0,1798.0,1155.0,3.4,377.0,17.7,172.0,127.0,24.5,27.8,0.8433
2004-04-27 19:00:00,1388.0,1341.0,702.0,1955.0,1315.0,3.9,457.0,21.6,177.0,131.0,23.7,30.2,0.8718
2004-04-27 20:00:00,1295.0,1266.0,716.0,1849.0,1359.0,3.6,555.0,18.9,181.0,137.0,21.5,34.5,0.8746
2004-04-27 21:00:00,1153.0,1066.0,811.0,1651.0,1194.0,2.5,279.0,12.5,135.0,122.0,19.9,37.8,0.8675
2004-04-27 22:00:00,1078.0,932.0,905.0,1511.0,951.0,1.8,137.0,8.8,99.0,100.0,18.9,40.6,0.8771
2004-04-27 23:00:00,1133.0,1012.0,806.0,1608.0,1054.0,2.0,203.0,10.9,111.0,108.0,17.9,43.5,0.884
2004-04-28 00:00:00,1055.0,899.0,880.0,1504.0,980.0,1.3,101.0,8.0,72.0,83.0,17.4,46.3,0.9112
2004-04-28 01:00:00,953.0,735.0,999.0,1396.0,898.0,1.0,86.0,4.4,54.0,74.0,18.1,44.7,0.9186
2004-04-28 02:00:00,892.0,639.0,1139.0,1359.0,803.0,0.6,51.0,2.8,41.0,64.0,16.5,50.1,0.9331
2004-04-28 03:00:00,895.0,632.0,1167.0,1347.0,684.0,0.6,47.0,2.7,,,14.2,56.9,0.9141
2004-04-28 04:00:00,859.0,602.0,1209.0,1321.0,644.0,,35.0,2.2,24.0,40.0,14.7,56.2,0.9341
2004-04-28 05:00:00,856.0,619.0,1191.0,1345.0,677.0,0.5,33.0,2.5,29.0,39.0,16.3,52.8,0.9722
2004-04-28 06:00:00,1030.0,880.0,892.0,1539.0,996.0,1.1,95.0,7.5,76.0,69.0,13.9,60.7,0.9597
2004-04-28 07:00:00,1689.0,1560.0,529.0,2396.0,1736.0,5.5,754.0,30.4,321.0,104.0,15.0,58.3,0.9876
2004-04-28 08:00:00,1486.0,1351.0,571.0,2112.0,1692.0,4.2,588.0,22.0,274.0,100.0,16.1,54.8,0.996
2004-04-28 09:00:00,1592.0,1423.0,577.0,2155.0,2108.0,4.6,658.0,24.7,322.0,146.0,19.3,46.4,1.0248
2004-04-28 10:00:00,1469.0,1252.0,692.0,1903.0,1807.0,3.4,372.0,18.4,255.0,155.0,24.2,33.8,1.0097
2004-04-28 11:00:00,1364.0,1205.0,723.0,1850.0,1566.0,2.8,386.0,16.8,196.0,139.0,26.7,28.7,0.9895
2004-04-28 12:00:00,1285.0,1123.0,755.0,1741.0,1293.0,2.5,333.0,14.2,136.0,121.0,27.4,28.2,1.0098
2004-04-28 13:00:00,1311.0,1170.0,748.0,1787.0,1219.0,2.4,293.0,15.7,119.0,108.0,28.1,26.9,1.0094
2004-04-28 14:00:00,1416.0,1348.0,684.0,1969.0,1330.0,3.2,511.0,21.9,169.0,126.0,27.7,26.5,0.9693
2004-04-28 15:00:00,1387.0,1318.0,701.0,1890.0,1299.0,3.5,559.0,20.8,197.0,145.0,28.4,23.4,0.8935
2004-04-28 16:00:00,1329.0,1185.0,768.0,1750.0,1111.0,2.9,375.0,16.2,140.0,121.0,28.4,26.0,0.9922
2004-04-28 17:00:00,1496.0,1292.0,680.0,1878.0,1300.0,3.6,509.0,19.8,178.0,145.0,27.3,30.0,1.0752
2004-04-28 18:00:00,1676.0,1525.0,567.0,2226.0,1653.0,4.8,790.0,28.9,223.0,160.0,24.3,37.3,1.1199
2004-04-28 19:00:00,1724.0,1510.0,562.0,2252.0,1716.0,5.4,816.0,28.3,222.0,155.0,23.1,42.2,1.1746
2004-04-28 20:00:00,1642.0,1426.0,597.0,2117.0,1720.0,5.3,804.0,24.9,265.0,162.0,21.8,43.6,1.1226
2004-04-28 21:00:00,1267.0,1088.0,764.0,1740.0,1339.0,2.7,332.0,13.1,151.0,129.0,19.8,46.8,1.0702
2004-04-28 22:00:00,1146.0,923.0,845.0,1575.0,1166.0,1.4,156.0,8.6,79.0,96.0,19.6,49.8,1.1221
2004-04-28 23:00:00,1216.0,960.0,788.0,1662.0,1256.0,1.6,143.0,9.5,87.0,92.0,17.9,56.2,1.142
2004-04-29 00:00:00,1128.0,891.0,838.0,1574.0,1125.0,1.5,117.0,7.8,88.0,89.0,17.4,55.6,1.0963
2004-04-29 01:00:00,1042.0,772.0,923.0,1495.0,968.0,1.0,84.0,5.2,51.0,61.0,16.8,59.5,1.1269
2004-04-29 02:00:00,926.0,639.0,1115.0,1409.0,814.0,0.6,60.0,2.8,34.0,54.0,15.9,60.1,1.0806
2004-04-29 03:00:00,898.0,608.0,1154.0,1386.0,743.0,0.4,76.0,2.3,,,15.6,61.2,1.0784
2004-04-29 04:00:00,889.0,617.0,1168.0,1382.0,758.0,,40.0,2.5,31.0,44.0,14.6,63.4,1.0446
2004-04-29 05:00:00,959.0,734.0,1038.0,1470.0,861.0,0.8,64.0,4.4,76.0,57.0,13.3,67.0,1.0203
2004-04-29 06:00:00,1097.0,956.0,827.0,1620.0,1047.0,1.5,148.0,9.4,139.0,68.0,12.9,66.5,0.9846
2004-04-29 07:00:00,1674.0,1547.0,539.0,2405.0,1665.0,4.9,635.0,29.8,293.0,95.0,14.8,61.3,1.0237
2004-04-29 08:00:00,1771.0,1690.0,461.0,2572.0,1982.0,7.2,1129.0,36.2,368.0,125.0,16.1,56.5,1.0274
2004-04-29 09:00:00,1408.0,1241.0,648.0,1886.0,1711.0,3.5,475.0,18.0,250.0,135.0,18.6,47.8,1.0143
2004-04-29 10:00:00,1156.0,1009.0,875.0,1583.0,1204.0,2.1,220.0,10.9,145.0,118.0,23.8,30.2,0.8771
2004-04-29 11:00:00,1042.0,941.0,971.0,1491.0,871.0,1.5,105.0,9.0,110.0,91.0,25.4,25.0,0.7966
2004-04-29 12:00:00,1167.0,1128.0,829.0,1716.0,1040.0,2.0,190.0,14.4,104.0,89.0,25.6,25.5,0.8234
2004-04-29 13:00:00,1398.0,1360.0,656.0,2037.0,1439.0,3.8,516.0,22.3,205.0,129.0,24.9,29.9,0.9325
2004-04-29 14:00:00,1458.0,1321.0,654.0,2023.0,1516.0,3.4,346.0,20.9,201.0,122.0,22.4,37.9,1.016
2004-04-29 15:00:00,1554.0,1379.0,614.0,2151.0,1693.0,4.4,565.0,23.1,266.0,138.0,21.7,44.0,1.1242
2004-04-29 16:00:00,1495.0,1331.0,615.0,2069.0,1635.0,3.9,483.0,21.2,246.0,136.0,21.4,44.4,1.1176
2004-04-29 17:00:00,1560.0,1424.0,579.0,2176.0,1688.0,4.9,651.0,24.8,247.0,143.0,20.8,45.3,1.1016
2004-04-29 18:00:00,1664.0,1519.0,553.0,2312.0,1820.0,5.4,657.0,28.6,271.0,145.0,20.2,48.6,1.1354
2004-04-29 19:00:00,1761.0,1610.0,502.0,2488.0,2006.0,6.5,830.0,32.6,332.0,146.0,20.2,50.8,1.1924
2004-04-29 20:00:00,1524.0,1275.0,608.0,2046.0,1740.0,4.3,435.0,19.2,245.0,122.0,18.6,57.6,1.2233
2004-04-29 21:00:00,1398.0,1189.0,646.0,1931.0,1577.0,2.9,209.0,16.3,180.0,112.0,18.2,58.8,1.2173
2004-04-29 22:00:00,1342.0,1106.0,694.0,1856.0,1443.0,2.7,202.0,13.7,156.0,102.0,17.8,61.0,1.2352
2004-04-29 23:00:00,1433.0,1104.0,681.0,1876.0,1411.0,2.8,174.0,13.6,172.0,97.0,17.0,70.7,1.3554
2004-04-30 00:00:00,1297.0,1019.0,733.0,1823.0,1217.0,2.3,170.0,11.1,137.0,85.0,16.2,76.9,1.4051
2004-04-30 01:00:00,1179.0,884.0,830.0,1696.0,1086.0,1.7,116.0,7.6,91.0,76.0,15.7,78.6,1.3943
2004-04-30 02:00:00,1097.0,809.0,897.0,1628.0,1050.0,1.2,91.0,5.9,80.0,74.0,15.7,78.4,1.3917
2004-04-30 03:00:00,1054.0,761.0,963.0,1598.0,965.0,1.0,71.0,5.0,,,15.7,77.4,1.3683
2004-04-30 04:00:00,1017.0,711.0,1009.0,1554.0,906.0,,59.0,4.0,46.0,56.0,15.4,78.5,1.3635
2004-04-30 05:00:00,1005.0,738.0,1005.0,1563.0,917.0,0.8,48.0,4.5,68.0,66.0,15.7,74.7,1.3194
2004-04-30 06:00:00,1206.0,949.0,818.0,1771.0,1116.0,1.7,111.0,9.3,162.0,90.0,15.9,73.1,1.3136
2004-04-30 07:00:00,1458.0,1249.0,662.0,2033.0,1380.0,3.0,345.0,18.3,213.0,111.0,16.6,68.2,1.2737
2004-04-30 08:00:00,1405.0,1295.0,638.0,2065.0,1378.0,3.4,332.0,19.9,161.0,103.0,18.7,57.6,1.2323
2004-04-30 09:00:00,1381.0,1199.0,685.0,1970.0,1365.0,3.3,344.0,16.6,209.0,117.0,17.6,65.0,1.2945
2004-04-30 10:00:00,1315.0,1072.0,736.0,1833.0,1273.0,2.7,212.0,12.6,191.0,116.0,16.3,73.2,1.3458
2004-04-30 11:00:00,1332.0,1082.0,707.0,1889.0,1242.0,2.6,166.0,12.9,215.0,109.0,16.0,78.5,1.4209
2004-04-30 12:00:00,1362.0,1145.0,673.0,1973.0,1294.0,3.2,214.0,14.9,212.0,116.0,17.3,72.4,1.4125
2004-04-30 13:00:00,1399.0,1222.0,643.0,2061.0,1413.0,3.4,377.0,17.4,202.0,115.0,19.4,60.9,1.3545
2004-04-30 14:00:00,1310.0,1160.0,695.0,1939.0,1224.0,2.6,210.0,15.4,153.0,94.0,21.4,50.9,1.2823
2004-04-30 15:00:00,1399.0,1201.0,699.0,1971.0,1318.0,3.4,265.0,16.7,185.0,121.0,22.7,45.8,1.2465
2004-04-30 16:00:00,1524.0,1239.0,644.0,2139.0,1404.0,4.0,365.0,18.0,210.0,114.0,20.9,60.8,1.4852
2004-04-30 17:00:00,1487.0,1274.0,641.0,2133.0,1471.0,4.5,454.0,19.2,215.0,110.0,21.0,54.3,1.3353
2004-04-30 18:00:00,1480.0,1324.0,622.0,2162.0,1623.0,4.2,460.0,21.0,215.0,122.0,20.8,54.4,1.3194
2004-04-30 19:00:00,1626.0,1476.0,555.0,2356.0,1786.0,5.7,642.0,26.9,281.0,135.0,19.8,58.6,1.3392
2004-04-30 20:00:00,1449.0,1282.0,625.0,2100.0,1569.0,4.4,501.0,19.5,254.0,133.0,19.1,61.1,1.3345
2004-04-30 21:00:00,1363.0,1152.0,684.0,1951.0,1495.0,3.1,234.0,15.1,189.0,110.0,18.2,65.4,1.3529
2004-04-30 22:00:00,1371.0,1136.0,689.0,1927.0,1471.0,3.0,212.0,14.6,174.0,102.0,18.1,66.1,1.3579
2004-04-30 23:00:00,1406.0,1107.0,718.0,1872.0,1384.0,3.1,275.0,13.7,167.0,108.0,17.7,66.9,1.3422
2004-05-01 00:00:00,1425.0,1155.0,709.0,1936.0,1789.0,3.5,275.0,15.2,185.0,110.0,17.8,66.8,1.346
2004-05-01 01:00:00,1179.0,951.0,826.0,1724.0,1323.0,2.4,,9.3,129.0,84.0,17.3,68.3,1.3346
2004-05-01 02:00:00,1047.0,833.0,939.0,1647.0,1081.0,1.6,,6.5,85.0,71.0,16.5,70.2,1.3099
2004-05-01 03:00:00,1009.0,825.0,950.0,1629.0,938.0,1.3,,6.3,,,15.7,73.1,1.2902
2004-05-01 04:00:00,882.0,685.0,1134.0,1492.0,673.0,,,3.5,35.0,42.0,16.2,69.9,1.2756
2004-05-01 05:00:00,858.0,624.0,1205.0,1434.0,543.0,0.6,,2.6,24.0,32.0,16.7,67.1,1.2619
2004-05-01 06:00:00,875.0,659.0,1180.0,1452.0,561.0,0.7,,3.1,30.0,35.0,16.7,66.9,1.2631
2004-05-01 07:00:00,1012.0,833.0,916.0,1632.0,862.0,1.2,,6.5,75.0,67.0,16.9,66.5,1.2688
2004-05-01 08:00:00,1049.0,836.0,926.0,1615.0,901.0,1.5,,6.5,79.0,73.0,17.7,62.0,1.2458
2004-05-01 09:00:00,1131.0,932.0,854.0,1693.0,1048.0,1.8,,8.8,104.0,86.0,19.4,54.6,1.2184
2004-05-01 10:00:00,1120.0,931.0,886.0,1652.0,971.0,2.1,,8.8,118.0,89.0,21.6,46.1,1.1725
2004-05-01 11:00:00,1117.0,946.0,909.0,1657.0,915.0,1.9,,9.2,105.0,86.0,24.6,36.7,1.1202
2004-05-01 12:00:00,1110.0,948.0,901.0,1632.0,891.0,2.0,,9.2,101.0,86.0,26.0,31.9,1.0566
2004-05-01 13:00:00,962.0,816.0,1044.0,1489.0,628.0,1.3,,6.1,65.0,66.0,25.6,31.5,1.0184
2004-05-01 14:00:00,963.0,835.0,1029.0,1495.0,556.0,1.3,,6.5,59.0,68.0,24.8,34.8,1.0716
2004-05-01 15:00:00,1050.0,948.0,928.0,1584.0,652.0,1.8,,9.2,80.0,82.0,26.1,30.3,1.0101
2004-05-01 16:00:00,1053.0,911.0,949.0,1603.0,683.0,2.0,,8.3,98.0,91.0,25.5,33.5,1.0767
2004-05-01 17:00:00,1045.0,910.0,948.0,1598.0,624.0,1.8,,8.3,89.0,95.0,23.7,37.2,1.0746
2004-05-01 18:00:00,1124.0,1013.0,849.0,1676.0,733.0,2.4,,11.0,114.0,104.0,22.3,38.9,1.0324
2004-05-01 19:00:00,1330.0,1140.0,759.0,1780.0,1062.0,4.0,,14.7,195.0,131.0,20.7,42.8,1.0298
2004-05-01 20:00:00,1171.0,1006.0,835.0,1674.0,988.0,2.8,,10.8,156.0,112.0,19.0,51.7,1.1222
2004-05-01 21:00:00,1085.0,954.0,866.0,1656.0,871.0,2.0,,9.4,109.0,100.0,17.8,55.5,1.1174
2004-05-01 22:00:00,1358.0,1144.0,727.0,1851.0,1243.0,3.6,,14.8,184.0,115.0,17.4,57.6,1.1342
2004-05-01 23:00:00,1385.0,1094.0,765.0,1769.0,1175.0,3.7,,13.3,190.0,129.0,17.6,58.5,1.1645
2004-05-02 00:00:00,1167.0,914.0,876.0,1599.0,1126.0,2.3,,8.4,105.0,99.0,17.2,59.3,1.1551
2004-05-02 01:00:00,1072.0,894.0,893.0,1646.0,1118.0,1.8,,7.9,76.0,74.0,17.1,60.4,1.1633
2004-05-02 02:00:00,938.0,789.0,989.0,1536.0,864.0,0.9,,5.5,38.0,55.0,16.4,62.2,1.1507
2004-05-02 03:00:00,1000.0,838.0,910.0,1580.0,942.0,1.6,,6.6,,,14.8,67.6,1.1352
2004-05-02 04:00:00,854.0,670.0,1141.0,1460.0,684.0,,,3.3,26.0,35.0,14.8,65.8,1.1028
2004-05-02 05:00:00,815.0,628.0,1212.0,1426.0,689.0,0.6,,2.6,33.0,37.0,14.7,65.2,1.0811
2004-05-02 06:00:00,866.0,689.0,1138.0,1456.0,767.0,0.7,,3.6,57.0,45.0,13.1,70.2,1.0554
2004-05-02 07:00:00,911.0,751.0,1036.0,1518.0,817.0,0.8,,4.8,48.0,46.0,14.3,66.2,1.0728
2004-05-02 08:00:00,988.0,806.0,951.0,1568.0,940.0,1.2,,5.9,87.0,68.0,16.0,61.6,1.1083
2004-05-02 09:00:00,1046.0,851.0,920.0,1595.0,908.0,1.4,,6.9,94.0,77.0,17.7,56.4,1.1342
2004-05-02 10:00:00,1085.0,918.0,890.0,1639.0,871.0,1.6,,8.5,89.0,79.0,21.3,44.7,1.1157
2004-05-02 11:00:00,1008.0,816.0,1015.0,1531.0,689.0,1.3,,6.1,78.0,72.0,23.6,36.4,1.0431
2004-05-02 12:00:00,1004.0,821.0,1031.0,1510.0,629.0,1.3,,6.2,72.0,68.0,24.3,34.0,1.0149
2004-05-02 13:00:00,948.0,754.0,1086.0,1436.0,602.0,1.1,,4.8,64.0,64.0,24.4,32.7,0.9863
2004-05-02 14:00:00,1026.0,847.0,1010.0,1519.0,617.0,1.2,,6.8,70.0,73.0,24.6,31.7,0.9647
2004-05-02 15:00:00,1047.0,859.0,948.0,1538.0,677.0,1.5,,7.0,92.0,84.0,23.9,34.3,1.002
2004-05-02 16:00:00,1018.0,790.0,1047.0,1443.0,580.0,1.1,,5.5,69.0,67.0,25.9,28.1,0.9258
2004-05-02 17:00:00,1160.0,957.0,884.0,1637.0,861.0,1.9,,9.5,131.0,106.0,24.5,32.3,0.9815
2004-05-02 18:00:00,1269.0,1047.0,809.0,1721.0,1080.0,2.3,,11.9,144.0,114.0,22.6,39.3,1.06
2004-05-02 19:00:00,1394.0,1111.0,736.0,1853.0,1288.0,3.3,,13.8,209.0,123.0,21.2,47.5,1.1828
2004-05-02 20:00:00,1292.0,1003.0,789.0,1753.0,1163.0,2.6,,10.7,170.0,108.0,19.9,54.9,1.2632
2004-05-02 21:00:00,1212.0,966.0,840.0,1691.0,1043.0,2.2,,9.7,152.0,100.0,19.4,52.1,1.1642
2004-05-02 22:00:00,1137.0,985.0,858.0,1607.0,1045.0,2.3,,10.2,171.0,118.0,19.4,42.6,0.9485
2004-05-02 23:00:00,1080.0,910.0,923.0,1548.0,929.0,2.0,,8.3,153.0,121.0,19.1,44.1,0.966
2004-05-03 00:00:00,1031.0,861.0,903.0,1534.0,825.0,1.6,,7.1,97.0,94.0,18.0,49.3,1.0086
2004-05-03 01:00:00,917.0,654.0,1169.0,1414.0,545.0,0.8,,3.0,37.0,52.0,17.6,54.6,1.0918
2004-05-03 02:00:00,888.0,598.0,1228.0,1397.0,500.0,0.6,,2.2,26.0,39.0,16.4,62.1,1.1493
2004-05-03 03:00:00,872.0,564.0,1284.0,1385.0,494.0,0.4,,1.7,,,15.6,65.3,1.1484
2004-05-03 04:00:00,876.0,547.0,1256.0,1351.0,505.0,,,1.5,25.0,33.0,16.0,61.4,1.1043
2004-05-03 05:00:00,964.0,697.0,1067.0,1516.0,717.0,0.7,,3.7,61.0,57.0,15.8,64.3,1.1416
2004-05-03 06:00:00,1147.0,906.0,815.0,1687.0,1126.0,1.3,,8.2,152.0,80.0,16.0,65.8,1.1844
2004-05-03 07:00:00,1493.0,1328.0,577.0,2193.0,1597.0,3.4,,21.1,283.0,101.0,16.8,62.5,1.1869
2004-05-03 08:00:00,1597.0,1466.0,518.0,2400.0,1687.0,4.7,,26.5,320.0,109.0,16.9,66.1,1.2613
2004-05-03 09:00:00,1483.0,1222.0,597.0,2054.0,1529.0,3.4,,17.4,318.0,109.0,17.4,68.9,1.3557
2004-05-03 10:00:00,1222.0,1080.0,742.0,1755.0,1366.0,2.5,,12.9,201.0,111.0,21.4,45.0,1.1291
2004-05-03 11:00:00,1060.0,1010.0,858.0,1623.0,1074.0,2.0,,10.9,135.0,102.0,23.9,30.7,0.9002
2004-05-03 12:00:00,1048.0,1013.0,886.0,1584.0,940.0,1.9,,11.0,127.0,96.0,26.8,25.2,0.8721
2004-05-03 13:00:00,1051.0,1008.0,911.0,1561.0,921.0,1.7,,10.8,102.0,90.0,28.4,23.6,0.8983
2004-05-03 14:00:00,998.0,977.0,947.0,1496.0,695.0,1.4,,10.0,74.0,69.0,30.3,20.1,0.8539
2004-05-03 15:00:00,1058.0,1023.0,896.0,1580.0,795.0,1.5,,11.2,81.0,74.0,30.9,19.7,0.8649
2004-05-03 16:00:00,1203.0,1204.0,790.0,1744.0,1079.0,2.4,,16.8,129.0,102.0,30.2,20.5,0.8672
2004-05-03 17:00:00,1491.0,1392.0,630.0,2149.0,1473.0,3.9,,23.6,190.0,128.0,26.4,34.6,1.1724
2004-05-03 18:00:00,1467.0,1385.0,623.0,2084.0,1493.0,4.2,,23.3,192.0,130.0,24.9,39.4,1.2268
2004-05-03 19:00:00,1407.0,1279.0,660.0,2009.0,1308.0,3.7,,19.4,163.0,120.0,23.5,43.7,1.2484
2004-05-03 20:00:00,1324.0,1086.0,692.0,1903.0,1189.0,3.2,,13.1,149.0,113.0,19.3,63.1,1.4028
2004-05-03 21:00:00,1214.0,970.0,777.0,1771.0,1076.0,2.0,,9.8,119.0,100.0,18.7,64.6,1.3836
2004-05-03 22:00:00,1016.0,780.0,967.0,1566.0,806.0,1.1,,5.3,61.0,70.0,19.5,57.1,1.2806
2004-05-03 23:00:00,1135.0,842.0,872.0,1653.0,973.0,1.5,,6.7,84.0,83.0,18.9,62.5,1.3521
2004-05-04 00:00:00,1065.0,789.0,936.0,1620.0,929.0,1.3,,5.5,79.0,81.0,18.4,65.8,1.3802
2004-05-04 01:00:00,999.0,692.0,1038.0,1588.0,778.0,1.0,,3.7,58.0,69.0,16.4,79.2,1.4681
2004-05-04 02:00:00,911.0,599.0,1189.0,1517.0,633.0,0.6,,2.2,32.0,48.0,16.1,80.0,1.4562
2004-05-04 03:00:00,873.0,545.0,1308.0,1471.0,497.0,0.4,,1.5,,,15.6,81.0,1.4302
2004-05-04 04:00:00,881.0,546.0,1335.0,1465.0,458.0,,,1.5,21.0,28.0,15.6,81.0,1.4216
2004-05-04 05:00:00,967.0,646.0,1117.0,1552.0,579.0,0.6,,2.9,49.0,47.0,15.7,80.5,1.4236
2004-05-04 06:00:00,1280.0,976.0,780.0,1912.0,1003.0,1.9,,9.9,180.0,88.0,16.0,80.8,1.4602
2004-05-04 07:00:00,1564.0,1379.0,552.0,2306.0,1393.0,4.5,,23.0,302.0,109.0,16.6,78.0,1.4572
2004-05-04 08:00:00,1505.0,1358.0,556.0,2248.0,1406.0,4.3,,22.3,258.0,113.0,16.1,79.2,1.4398
2004-05-04 09:00:00,1309.0,1186.0,649.0,1973.0,1308.0,3.2,,16.2,192.0,104.0,17.7,70.8,1.4171
2004-05-04 10:00:00,1035.0,895.0,898.0,1657.0,863.0,1.3,,7.9,84.0,65.0,20.3,54.8,1.2867
2004-05-04 11:00:00,1148.0,1062.0,753.0,1825.0,1004.0,2.2,,12.4,128.0,87.0,21.2,49.3,1.2271
2004-05-04 12:00:00,1152.0,1104.0,725.0,1860.0,1023.0,2.6,,13.6,145.0,99.0,21.5,47.9,1.2178
2004-05-04 13:00:00,1131.0,1059.0,772.0,1784.0,978.0,2.3,,12.3,132.0,100.0,21.4,47.7,1.2047
2004-05-04 14:00:00,1142.0,1053.0,753.0,1814.0,979.0,2.4,,12.1,136.0,105.0,20.4,54.0,1.2757
2004-05-04 15:00:00,1197.0,1082.0,753.0,1851.0,971.0,2.6,,12.9,140.0,97.0,19.9,57.1,1.3158
2004-05-04 16:00:00,960.0,828.0,971.0,1565.0,617.0,1.2,,6.3,55.0,54.0,19.9,55.2,1.2701
2004-05-04 17:00:00,1077.0,1001.0,836.0,1764.0,717.0,1.6,,10.6,67.0,59.0,19.5,55.7,1.2512
2004-05-04 18:00:00,1377.0,1313.0,612.0,2120.0,1220.0,3.9,,20.6,191.0,109.0,18.3,62.8,1.3127
2004-05-04 19:00:00,1405.0,1353.0,602.0,2185.0,1296.0,4.7,,22.1,227.0,125.0,17.2,68.3,1.3289
2004-05-04 20:00:00,1484.0,1319.0,591.0,2166.0,1413.0,5.4,,20.8,264.0,132.0,16.1,75.2,1.3654
2004-05-04 21:00:00,1187.0,1042.0,766.0,1840.0,1093.0,3.0,,11.8,196.0,110.0,16.6,70.8,1.3253
2004-05-04 22:00:00,870.0,729.0,1096.0,1475.0,586.0,0.9,,4.3,43.0,53.0,18.5,56.0,1.181
2004-05-04 23:00:00,932.0,765.0,1054.0,1543.0,575.0,1.1,,5.0,58.0,61.0,17.3,59.5,1.1667
2004-05-05 00:00:00,830.0,608.0,1282.0,1370.0,441.0,0.7,,2.3,33.0,41.0,18.6,52.3,1.1121
2004-05-05 01:00:00,778.0,534.0,1480.0,1294.0,358.0,0.5,,1.4,14.0,22.0,19.0,49.8,1.0831
2004-05-05 02:00:00,820.0,541.0,1450.0,1360.0,377.0,0.5,,1.5,18.0,28.0,15.7,64.5,1.14
2004-05-05 03:00:00,842.0,565.0,1327.0,1399.0,437.0,0.5,,1.8,,,15.5,66.9,1.1691
2004-05-05 04:00:00,867.0,589.0,1267.0,1439.0,468.0,,,2.1,28.0,41.0,14.7,74.1,1.2302
2004-05-05 05:00:00,927.0,682.0,1109.0,1526.0,580.0,0.8,,3.5,56.0,54.0,14.6,77.1,1.2727
2004-05-05 06:00:00,1060.0,851.0,912.0,1673.0,805.0,1.3,,6.9,108.0,81.0,14.5,78.3,1.2851
2004-05-05 07:00:00,1440.0,1271.0,630.0,2163.0,1273.0,3.5,,19.1,251.0,107.0,15.1,76.8,1.3061
2004-05-05 08:00:00,1449.0,1350.0,571.0,2264.0,1452.0,,,22.0,,,16.4,70.8,1.3088
2004-05-05 09:00:00,1384.0,1265.0,620.0,2143.0,1307.0,3.9,,18.9,255.0,124.0,16.4,72.4,1.3379
2004-05-05 10:00:00,1172.0,1085.0,737.0,1876.0,1102.0,2.9,,13.0,214.0,123.0,16.3,68.6,1.2657
2004-05-05 11:00:00,1143.0,1083.0,735.0,1887.0,1083.0,2.6,,13.0,190.0,120.0,17.2,62.9,1.2228
2004-05-05 12:00:00,1167.0,1134.0,709.0,1920.0,1083.0,3.0,,14.5,182.0,113.0,17.4,61.1,1.206
2004-05-05 13:00:00,1303.0,1288.0,618.0,2116.0,1236.0,3.7,,19.7,202.0,114.0,16.8,66.8,1.2691
2004-05-05 14:00:00,1264.0,1279.0,631.0,2049.0,1223.0,3.9,,19.4,224.0,120.0,17.3,62.6,1.226
2004-05-05 15:00:00,1242.0,1193.0,684.0,1945.0,1175.0,3.5,,16.4,221.0,125.0,17.5,60.8,1.2029
2004-05-05 16:00:00,1070.0,1022.0,824.0,1740.0,933.0,2.4,,11.2,126.0,88.0,17.5,59.2,1.1725
2004-05-05 17:00:00,981.0,978.0,857.0,1682.0,835.0,1.6,,10.0,79.0,72.0,17.7,56.9,1.1392
2004-05-05 18:00:00,1198.0,1136.0,717.0,1870.0,1291.0,3.0,,14.6,137.0,103.0,17.1,61.5,1.1873
2004-05-05 19:00:00,1000.0,918.0,881.0,1661.0,802.0,1.6,,8.5,68.0,67.0,17.5,63.9,1.2667
2004-05-05 20:00:00,1110.0,949.0,850.0,1733.0,842.0,2.1,,9.2,96.0,79.0,15.9,70.7,1.2672
2004-05-05 21:00:00,1023.0,854.0,918.0,1637.0,744.0,1.8,,6.9,111.0,89.0,15.1,75.1,1.2799
2004-05-05 22:00:00,861.0,695.0,1130.0,1438.0,500.0,1.1,,3.7,56.0,67.0,13.9,72.5,1.1502
2004-05-05 23:00:00,969.0,760.0,1059.0,1518.0,560.0,1.5,,4.9,81.0,83.0,12.0,79.8,1.1175
2004-05-06 00:00:00,898.0,741.0,1085.0,1468.0,589.0,1.4,,4.6,79.0,76.0,12.5,75.8,1.0938
2004-05-06 01:00:00,835.0,674.0,1201.0,1416.0,488.0,0.9,,3.4,46.0,58.0,12.0,75.0,1.0499
2004-05-06 02:00:00,766.0,523.0,1534.0,1310.0,387.0,0.5,,1.2,19.0,30.0,12.6,72.2,1.0503
2004-05-06 03:00:00,743.0,502.0,1635.0,1292.0,355.0,0.4,,1.0,,,12.7,71.6,1.0486
2004-05-06 04:00:00,758.0,517.0,1625.0,1294.0,351.0,,,1.2,15.0,22.0,13.1,67.1,1.0079
2004-05-06 05:00:00,804.0,604.0,1366.0,1357.0,420.0,0.6,,2.3,48.0,50.0,13.2,64.6,0.9774
2004-05-06 06:00:00,948.0,817.0,1048.0,1546.0,695.0,1.3,,6.1,128.0,92.0,13.1,65.6,0.9815
2004-05-06 07:00:00,1204.0,1205.0,729.0,1984.0,1139.0,2.9,,16.8,193.0,101.0,14.7,58.5,0.9688
2004-05-06 08:00:00,1231.0,1304.0,652.0,2029.0,1315.0,3.6,,20.3,203.0,121.0,15.9,53.1,0.9529
2004-05-06 09:00:00,1176.0,1191.0,705.0,1836.0,1217.0,3.4,,16.4,220.0,130.0,17.9,46.1,0.9388
2004-05-06 10:00:00,1043.0,1066.0,789.0,1692.0,1014.0,2.5,,12.5,161.0,114.0,20.2,37.7,0.8833
2004-05-06 11:00:00,992.0,970.0,869.0,1624.0,884.0,2.1,,9.8,135.0,100.0,18.5,42.8,0.9026
2004-05-06 12:00:00,885.0,772.0,1035.0,1450.0,524.0,1.1,,5.2,57.0,56.0,13.0,64.3,0.9586
2004-05-06 13:00:00,991.0,937.0,874.0,1581.0,644.0,1.8,,8.9,91.0,75.0,15.1,54.5,0.9309
2004-05-06 14:00:00,1182.0,1119.0,733.0,1831.0,1032.0,3.0,,14.1,219.0,121.0,13.6,65.5,1.0184
2004-05-06 15:00:00,1191.0,1074.0,741.0,1816.0,1038.0,3.1,,12.7,239.0,128.0,12.3,78.3,1.1154
2004-05-06 16:00:00,1272.0,1136.0,730.0,1869.0,1077.0,3.6,,14.6,209.0,139.0,12.7,74.2,1.0863
2004-05-06 17:00:00,1138.0,1063.0,804.0,1728.0,983.0,3.3,,12.4,169.0,122.0,14.4,64.2,1.049
2004-05-06 18:00:00,1008.0,954.0,892.0,1626.0,834.0,1.8,,9.4,92.0,92.0,15.6,58.3,1.0266
2004-05-06 19:00:00,1075.0,1015.0,824.0,1722.0,949.0,2.1,,11.0,107.0,97.0,15.0,61.4,1.0385
2004-05-06 20:00:00,1034.0,935.0,870.0,1605.0,941.0,2.2,,8.9,122.0,98.0,13.7,65.8,1.0254
2004-05-06 21:00:00,934.0,841.0,973.0,1497.0,756.0,1.6,,6.6,100.0,93.0,12.3,66.4,0.944
2004-05-06 22:00:00,883.0,705.0,1133.0,1422.0,655.0,0.9,,3.9,51.0,65.0,15.4,58.8,1.0215
2004-05-06 23:00:00,1021.0,871.0,938.0,1586.0,805.0,1.8,,7.3,93.0,81.0,14.1,64.9,1.0405
2004-05-07 00:00:00,1059.0,907.0,879.0,1579.0,970.0,2.3,,8.2,145.0,102.0,13.8,64.7,1.0168
2004-05-07 01:00:00,1023.0,878.0,896.0,1568.0,969.0,2.0,,7.5,106.0,91.0,13.5,67.8,1.042
2004-05-07 02:00:00,855.0,669.0,1160.0,1427.0,671.0,0.9,,3.3,46.0,56.0,13.7,69.4,1.0794
2004-05-07 03:00:00,826.0,616.0,1227.0,1384.0,575.0,0.6,,2.4,,,13.9,67.7,1.0712
2004-05-07 04:00:00,831.0,602.0,1269.0,1386.0,535.0,,,2.2,32.0,41.0,14.0,67.8,1.0787
2004-05-07 05:00:00,817.0,639.0,1260.0,1364.0,489.0,0.7,,2.8,51.0,48.0,14.6,61.1,1.0075
2004-05-07 06:00:00,972.0,880.0,964.0,1590.0,689.0,1.5,,7.5,89.0,72.0,14.3,60.5,0.9847
2004-05-07 07:00:00,1200.0,1290.0,657.0,2014.0,1196.0,3.7,,19.8,214.0,106.0,14.9,56.9,0.9582
2004-05-07 08:00:00,1234.0,1355.0,621.0,2095.0,1266.0,4.2,,22.1,196.0,107.0,16.4,50.2,0.9286
2004-05-07 09:00:00,1164.0,1148.0,741.0,1824.0,1130.0,3.4,,15.0,224.0,127.0,16.0,50.9,0.9211
2004-05-07 10:00:00,976.0,952.0,878.0,1582.0,834.0,2.4,,9.3,174.0,114.0,18.6,42.8,0.9091
2004-05-07 11:00:00,844.0,825.0,1027.0,1405.0,536.0,1.3,,6.3,90.0,101.0,19.7,33.7,0.7646
2004-05-07 12:00:00,851.0,906.0,989.0,1418.0,545.0,1.5,,8.2,89.0,95.0,21.2,27.7,0.6864
2004-05-07 13:00:00,926.0,1010.0,904.0,1526.0,720.0,2.2,,10.9,132.0,110.0,19.7,28.5,0.6445
2004-05-07 14:00:00,890.0,950.0,940.0,1460.0,655.0,1.8,,9.3,114.0,101.0,19.8,29.7,0.678
2004-05-07 15:00:00,921.0,914.0,937.0,1481.0,614.0,1.9,,8.4,107.0,106.0,19.2,35.6,0.7856
2004-05-07 16:00:00,1052.0,956.0,869.0,1600.0,725.0,2.3,,9.4,140.0,116.0,14.2,60.5,0.9765
2004-05-07 17:00:00,1247.0,1238.0,691.0,1948.0,1036.0,3.6,,17.9,187.0,124.0,12.9,69.1,1.0249
2004-05-07 18:00:00,1205.0,1222.0,684.0,1911.0,1127.0,4.3,,17.4,222.0,133.0,12.7,70.4,1.0294
2004-05-07 19:00:00,1016.0,995.0,857.0,1642.0,854.0,2.2,,10.5,117.0,96.0,13.9,62.7,0.9905
2004-05-07 20:00:00,984.0,879.0,940.0,1527.0,792.0,1.5,,7.5,89.0,85.0,13.9,62.9,0.9948
2004-05-07 21:00:00,1041.0,898.0,922.0,1595.0,891.0,2.0,,8.0,130.0,97.0,13.4,65.2,0.9996
2004-05-07 22:00:00,1027.0,887.0,927.0,1568.0,876.0,2.0,,7.7,133.0,97.0,13.4,64.6,0.9864
2004-05-07 23:00:00,1025.0,869.0,954.0,1531.0,851.0,2.1,,7.3,144.0,101.0,13.3,63.6,0.9677
2004-05-08 00:00:00,984.0,829.0,1003.0,1516.0,787.0,1.5,,6.4,99.0,85.0,13.3,61.8,0.9433
2004-05-08 01:00:00,969.0,791.0,1084.0,1446.0,711.0,2.2,,5.6,102.0,80.0,13.6,59.7,0.9271
2004-05-08 02:00:00,758.0,546.0,1483.0,1252.0,396.0,0.5,,1.5,27.0,33.0,14.6,53.3,0.8807
2004-05-08 03:00:00,767.0,547.0,1482.0,1239.0,375.0,,,1.5,,,14.3,51.7,0.8412
2004-05-08 04:00:00,772.0,518.0,1544.0,1202.0,343.0,,,1.2,,,10.9,67.5,0.8785
2004-05-08 05:00:00,831.0,557.0,1480.0,1257.0,401.0,,,1.6,,,7.4,85.2,0.8808
2004-05-08 06:00:00,871.0,628.0,1243.0,1329.0,518.0,,,2.6,,,8.7,81.5,0.919
2004-05-08 07:00:00,995.0,808.0,1028.0,1479.0,685.0,,,5.9,,,10.3,75.6,0.9458
2004-05-08 08:00:00,1093.0,918.0,857.0,1589.0,939.0,,,8.5,,,11.0,75.0,0.9821
2004-05-08 09:00:00,1079.0,885.0,884.0,1588.0,974.0,,,7.7,,,13.6,66.1,1.0236
2004-05-08 10:00:00,1084.0,852.0,910.0,1575.0,959.0,,,6.9,,,14.7,63.1,1.0488
2004-05-08 11:00:00,1204.0,982.0,791.0,1739.0,1067.0,,,10.1,,,13.8,72.3,1.1361
2004-05-08 12:00:00,1213.0,1018.0,760.0,1778.0,1061.0,,,11.1,,,13.3,76.8,1.1703
2004-05-08 13:00:00,1124.0,949.0,827.0,1671.0,1008.0,,,9.2,,,16.2,60.0,1.0937
2004-05-08 14:00:00,945.0,726.0,1053.0,1432.0,637.0,,,4.3,,,16.3,55.3,1.0146
2004-05-08 15:00:00,964.0,833.0,1003.0,1489.0,647.0,,,6.5,,,20.0,40.4,0.9354
2004-05-08 16:00:00,903.0,786.0,1073.0,1375.0,523.0,,,5.4,,,19.8,35.4,0.8099
2004-05-08 17:00:00,918.0,863.0,992.0,1408.0,539.0,,,7.1,,,19.8,33.6,0.767
2004-05-08 18:00:00,1028.0,961.0,913.0,1502.0,649.0,,,9.5,,,17.8,38.5,0.7763
2004-05-08 19:00:00,1175.0,1209.0,720.0,1829.0,1071.0,,,17.0,,,16.7,44.6,0.8393
2004-05-08 20:00:00,1215.0,1161.0,714.0,1802.0,1237.0,,,15.4,,,15.1,51.8,0.8816
2004-05-08 21:00:00,1072.0,976.0,835.0,1603.0,1018.0,,,9.9,,,14.1,56.2,0.9028
2004-05-08 22:00:00,1070.0,952.0,858.0,1573.0,966.0,,,9.3,,,13.8,58.3,0.9147
2004-05-08 23:00:00,1021.0,853.0,979.0,1457.0,901.0,,,6.9,,,13.7,59.7,0.9285
2004-05-09 00:00:00,1063.0,859.0,952.0,1519.0,949.0,,,7.1,,,13.7,60.3,0.9405
2004-05-09 01:00:00,1068.0,938.0,862.0,1575.0,1057.0,,,9.0,,,12.7,64.9,0.9506
2004-05-09 02:00:00,993.0,913.0,879.0,1601.0,989.0,,,8.3,,,12.6,65.4,0.9529
2004-05-09 03:00:00,1034.0,928.0,848.0,1619.0,1005.0,,,8.7,,,12.1,68.6,0.964
2004-05-09 04:00:00,1025.0,914.0,856.0,1605.0,1003.0,,,8.4,,,12.3,68.0,0.9722
2004-05-09 05:00:00,1036.0,902.0,825.0,1558.0,1087.0,,,8.1,,,11.9,71.1,0.9899
2004-05-09 06:00:00,924.0,774.0,987.0,1460.0,909.0,,,5.2,,,11.3,73.8,0.9848
2004-05-09 07:00:00,922.0,737.0,1050.0,1414.0,882.0,,,4.5,,,13.1,62.6,0.9419
2004-05-09 08:00:00,830.0,625.0,1266.0,1303.0,568.0,,,2.6,,,16.8,46.8,0.8881
2004-05-09 09:00:00,947.0,752.0,1068.0,1434.0,620.0,,,4.8,,,17.9,44.8,0.9104
2004-05-09 10:00:00,977.0,737.0,1025.0,1450.0,686.0,,,4.5,,,17.8,49.5,0.9986
2004-05-09 11:00:00,1025.0,761.0,1008.0,1476.0,700.0,,,4.9,,,18.8,46.4,0.9968
2004-05-09 12:00:00,1040.0,804.0,940.0,1502.0,780.0,,,5.8,,,19.3,44.0,0.9783
2004-05-09 13:00:00,1013.0,718.0,1041.0,1492.0,558.0,,,4.1,,,14.7,68.4,1.1405
2004-05-09 14:00:00,1035.0,755.0,997.0,1521.0,608.0,,,4.8,,,15.6,65.8,1.1577
2004-05-09 15:00:00,1086.0,859.0,892.0,1595.0,754.0,,,7.0,,,17.7,54.0,1.0826
2004-05-09 16:00:00,967.0,753.0,1048.0,1420.0,544.0,,,4.8,,,17.8,46.7,0.9466
2004-05-09 17:00:00,968.0,785.0,1011.0,1446.0,550.0,,,5.4,,,17.8,44.4,0.8967
2004-05-09 18:00:00,1004.0,827.0,972.0,1465.0,627.0,,,6.3,,,17.8,44.3,0.8929
2004-05-09 19:00:00,1132.0,981.0,850.0,1614.0,877.0,,,10.1,,,16.4,47.8,0.8851
2004-05-09 20:00:00,1121.0,985.0,833.0,1625.0,981.0,,,10.2,,,15.6,51.6,0.9063
2004-05-09 21:00:00,1068.0,917.0,889.0,1570.0,832.0,,,8.4,,,14.9,55.0,0.9228
2004-05-09 22:00:00,1123.0,937.0,866.0,1606.0,941.0,,,8.9,,,13.8,59.8,0.9398
2004-05-09 23:00:00,1101.0,933.0,845.0,1600.0,1022.0,,,8.8,,,13.8,62.1,0.9721
2004-05-10 00:00:00,997.0,835.0,951.0,1501.0,888.0,,,6.5,,,13.9,61.1,0.9656
2004-05-10 01:00:00,875.0,654.0,1172.0,1375.0,683.0,,,3.0,,,14.9,57.6,0.9684
2004-05-10 02:00:00,815.0,569.0,1361.0,1344.0,534.0,,,1.8,,,14.4,60.1,0.9797
2004-05-10 03:00:00,803.0,531.0,1462.0,1318.0,489.0,,,1.3,,,13.8,63.2,0.9952
2004-05-10 04:00:00,829.0,570.0,1304.0,1357.0,562.0,,,1.8,,,14.2,62.9,1.0136
2004-05-10 05:00:00,867.0,625.0,1213.0,1385.0,652.0,,,2.6,,,14.0,63.8,1.0167
2004-05-10 06:00:00,1118.0,970.0,837.0,1705.0,1019.0,,,9.8,,,13.4,67.4,1.0292
2004-05-10 07:00:00,1632.0,1587.0,523.0,2459.0,1678.0,,,31.5,,,14.7,62.3,1.0351
2004-05-10 08:00:00,1598.0,1668.0,490.0,2617.0,1749.0,,,35.2,,,16.0,57.3,1.0342
2004-05-10 09:00:00,1378.0,1303.0,633.0,2051.0,1494.0,4.4,,20.2,257.0,117.0,17.8,51.1,1.0362
2004-05-10 10:00:00,1132.0,1096.0,731.0,1808.0,1186.0,2.5,,13.4,178.0,107.0,20.0,45.0,1.0379
2004-05-10 11:00:00,1108.0,1040.0,767.0,1748.0,1051.0,2.1,,11.7,145.0,95.0,20.3,44.1,1.0392
2004-05-10 12:00:00,1131.0,1097.0,735.0,1797.0,1027.0,2.4,,13.4,137.0,93.0,20.7,42.4,1.0248
2004-05-10 13:00:00,1105.0,1080.0,751.0,1758.0,981.0,2.2,,12.9,139.0,104.0,20.8,40.6,0.9888
2004-05-10 14:00:00,1120.0,1096.0,753.0,1767.0,976.0,2.2,,13.4,130.0,102.0,21.5,39.7,1.0042
2004-05-10 15:00:00,1100.0,1108.0,800.0,1731.0,932.0,2.3,,13.7,148.0,109.0,25.0,30.1,0.9394
2004-05-10 16:00:00,1098.0,1124.0,810.0,1716.0,871.0,2.1,,14.2,120.0,97.0,25.2,29.7,0.9371
2004-05-10 17:00:00,1137.0,1234.0,749.0,1824.0,990.0,2.5,,17.8,132.0,104.0,23.4,32.0,0.91
2004-05-10 18:00:00,1267.0,1352.0,651.0,1961.0,1196.0,3.6,,22.0,188.0,124.0,21.0,37.8,0.9298
2004-05-10 19:00:00,1319.0,1413.0,597.0,2050.0,1329.0,4.0,,24.4,204.0,135.0,19.2,45.7,1.0084
2004-05-10 20:00:00,1160.0,1189.0,698.0,1824.0,1151.0,3.0,,16.3,167.0,122.0,17.7,50.9,1.0232
2004-05-10 21:00:00,1084.0,1063.0,775.0,1703.0,1031.0,2.1,,12.4,128.0,109.0,16.8,53.6,1.0167
2004-05-10 22:00:00,1025.0,963.0,842.0,1621.0,917.0,1.7,,9.6,106.0,95.0,15.8,56.2,1.0033
2004-05-10 23:00:00,953.0,830.0,986.0,1521.0,860.0,1.1,,6.4,88.0,86.0,16.0,56.5,1.0166
2004-05-11 00:00:00,959.0,812.0,961.0,1518.0,910.0,0.9,,6.0,77.0,78.0,14.2,64.1,1.0346
2004-05-11 01:00:00,834.0,637.0,1187.0,1362.0,699.0,0.4,,2.8,36.0,53.0,15.0,59.8,1.0142
2004-05-11 02:00:00,787.0,549.0,1366.0,1317.0,596.0,0.2,,1.6,28.0,43.0,14.3,61.9,1.0031
2004-05-11 03:00:00,799.0,555.0,1327.0,1320.0,643.0,0.2,,1.6,,,12.8,66.0,0.969
2004-05-11 04:00:00,807.0,571.0,1305.0,1335.0,704.0,,,1.8,46.0,53.0,11.4,70.5,0.9484
2004-05-11 05:00:00,866.0,686.0,1135.0,1405.0,741.0,0.6,,3.6,55.0,48.0,12.0,68.0,0.9547
2004-05-11 06:00:00,1035.0,917.0,882.0,1606.0,968.0,1.4,,8.4,135.0,64.0,11.3,70.4,0.9443
2004-05-11 07:00:00,1469.0,1491.0,555.0,2301.0,1561.0,4.6,,27.5,327.0,95.0,12.7,65.6,0.962
2004-05-11 08:00:00,1553.0,1575.0,508.0,2423.0,1779.0,5.5,,31.0,383.0,120.0,14.5,59.8,0.9795
2004-05-11 09:00:00,1513.0,1455.0,554.0,2182.0,1822.0,4.8,,26.0,366.0,153.0,17.5,49.8,0.9877
2004-05-11 10:00:00,1395.0,1368.0,605.0,2032.0,1675.0,4.5,,22.6,322.0,163.0,21.9,35.2,0.9128
2004-05-11 11:00:00,1209.0,1248.0,712.0,1891.0,1295.0,3.0,,18.3,188.0,119.0,23.5,29.5,0.8435
2004-05-11 12:00:00,1142.0,1115.0,776.0,1735.0,1091.0,2.5,,13.9,144.0,96.0,24.3,29.8,0.8926
2004-05-11 13:00:00,1140.0,1129.0,765.0,1728.0,1023.0,2.3,,14.4,132.0,94.0,23.8,31.7,0.9212
2004-05-11 14:00:00,1105.0,1035.0,826.0,1643.0,877.0,2.0,,11.6,117.0,86.0,24.2,31.2,0.9257
2004-05-11 15:00:00,1131.0,1058.0,824.0,1664.0,931.0,1.9,,12.2,121.0,91.0,26.5,27.2,0.9282
2004-05-11 16:00:00,1162.0,1064.0,832.0,1675.0,913.0,1.9,,12.4,124.0,97.0,25.7,28.4,0.9248
2004-05-11 17:00:00,1336.0,1326.0,674.0,1923.0,1255.0,3.5,,21.1,188.0,125.0,26.3,27.5,0.9306
2004-05-11 18:00:00,1533.0,1549.0,573.0,2233.0,1571.0,4.6,,29.9,226.0,140.0,24.4,31.6,0.9545
2004-05-11 19:00:00,1650.0,1649.0,528.0,2345.0,1779.0,6.3,,34.3,266.0,158.0,23.1,35.3,0.9845
2004-05-11 20:00:00,1535.0,1458.0,568.0,2120.0,1735.0,5.0,,26.1,269.0,159.0,21.1,40.2,0.997
2004-05-11 21:00:00,1382.0,1243.0,632.0,1941.0,1511.0,3.3,,18.1,183.0,128.0,19.2,52.3,1.1516
2004-05-11 22:00:00,1335.0,1122.0,673.0,1840.0,1424.0,2.7,,14.2,167.0,114.0,18.1,58.7,1.2072
2004-05-11 23:00:00,1267.0,1064.0,706.0,1766.0,1348.0,2.2,,12.4,138.0,100.0,17.3,58.8,1.1494
2004-05-12 00:00:00,1122.0,926.0,805.0,1619.0,1174.0,1.7,,8.7,105.0,88.0,16.9,58.8,1.125
2004-05-12 01:00:00,986.0,771.0,964.0,1518.0,947.0,0.8,,5.2,54.0,67.0,17.6,57.6,1.1484
2004-05-12 02:00:00,966.0,744.0,967.0,1511.0,935.0,0.8,,4.6,58.0,65.0,15.6,63.9,1.1287
2004-05-12 03:00:00,919.0,661.0,1089.0,1468.0,838.0,0.6,,3.1,,,14.9,65.7,1.1073
2004-05-12 04:00:00,872.0,632.0,1132.0,1403.0,768.0,,,2.7,37.0,47.0,15.6,62.2,1.0961
2004-05-12 05:00:00,967.0,749.0,996.0,1517.0,881.0,0.8,,4.7,84.0,57.0,14.0,68.3,1.0884
2004-05-12 06:00:00,1152.0,964.0,800.0,1705.0,1096.0,1.5,,9.6,134.0,73.0,14.5,65.7,1.0804
2004-05-12 07:00:00,1500.0,1393.0,560.0,2163.0,1495.0,4.1,,23.6,279.0,95.0,15.5,62.2,1.0875
2004-05-12 08:00:00,1754.0,1716.0,452.0,2667.0,1895.0,5.9,,37.4,333.0,110.0,17.0,56.8,1.0909
2004-05-12 09:00:00,1558.0,1469.0,525.0,2281.0,1758.0,5.1,,26.6,336.0,121.0,18.8,52.4,1.1285
2004-05-12 10:00:00,1446.0,1350.0,568.0,2140.0,1630.0,3.9,,22.0,280.0,108.0,19.7,51.9,1.1796
2004-05-12 11:00:00,1349.0,1236.0,627.0,1964.0,1530.0,3.4,,17.9,275.0,125.0,20.9,44.6,1.0872
2004-05-12 12:00:00,1452.0,1371.0,576.0,2138.0,1622.0,3.3,,22.7,207.0,117.0,21.9,43.3,1.1265
2004-05-12 13:00:00,1676.0,1534.0,496.0,2413.0,1828.0,5.1,,29.3,305.0,131.0,20.4,55.7,1.3205
2004-05-12 14:00:00,1327.0,1139.0,658.0,1894.0,1323.0,3.1,,14.7,236.0,126.0,17.4,67.0,1.325
2004-05-12 15:00:00,1248.0,1072.0,713.0,1797.0,1188.0,2.5,,12.6,183.0,114.0,17.1,64.0,1.2413
2004-05-12 16:00:00,1250.0,1074.0,724.0,1806.0,1166.0,2.4,,12.7,162.0,123.0,17.3,61.1,1.1957
2004-05-12 17:00:00,1222.0,1084.0,727.0,1797.0,1108.0,2.8,,13.0,157.0,116.0,17.7,56.3,1.13
2004-05-12 18:00:00,1159.0,1097.0,748.0,1709.0,995.0,2.9,,13.4,136.0,107.0,17.4,48.6,0.9559
2004-05-12 19:00:00,1192.0,1143.0,740.0,1767.0,1108.0,3.4,,14.8,166.0,123.0,17.6,43.7,0.8698
2004-05-12 20:00:00,1074.0,954.0,846.0,1570.0,956.0,2.2,,9.4,136.0,112.0,16.7,47.2,0.892
2004-05-12 21:00:00,984.0,851.0,959.0,1452.0,817.0,1.6,,6.9,112.0,101.0,16.8,45.6,0.8636
2004-05-12 22:00:00,970.0,773.0,1026.0,1425.0,658.0,1.3,,5.2,87.0,91.0,16.1,52.0,0.946
2004-05-12 23:00:00,987.0,800.0,989.0,1462.0,658.0,1.3,,5.7,86.0,88.0,15.5,57.1,0.996
2004-05-13 00:00:00,1003.0,836.0,949.0,1455.0,748.0,1.6,,6.5,98.0,96.0,16.2,50.2,0.9156
2004-05-13 01:00:00,933.0,747.0,1045.0,1405.0,569.0,1.2,,4.7,62.0,75.0,16.4,50.5,0.938
2004-05-13 02:00:00,859.0,620.0,1201.0,1316.0,445.0,0.6,,2.5,32.0,47.0,16.2,52.8,0.9626
2004-05-13 03:00:00,815.0,538.0,1412.0,1272.0,379.0,0.4,,1.4,,,16.0,53.7,0.9723
2004-05-13 04:00:00,792.0,501.0,1554.0,1252.0,354.0,,,1.0,21.0,25.0,16.2,53.0,0.9672
2004-05-13 05:00:00,835.0,560.0,1409.0,1317.0,407.0,0.4,,1.7,41.0,49.0,16.2,53.7,0.9799
2004-05-13 06:00:00,975.0,736.0,1069.0,1459.0,611.0,1.0,,4.5,86.0,85.0,15.9,55.3,0.991
2004-05-13 07:00:00,1133.0,957.0,815.0,1652.0,944.0,2.0,,9.4,174.0,106.0,16.2,55.6,1.0151
2004-05-13 08:00:00,1347.0,1237.0,645.0,1984.0,1328.0,3.6,,17.9,264.0,136.0,16.0,59.3,1.0711
2004-05-13 09:00:00,1122.0,1000.0,783.0,1663.0,1085.0,2.4,,10.6,211.0,119.0,16.6,55.6,1.042
2004-05-13 10:00:00,1152.0,1014.0,774.0,1714.0,1139.0,2.4,,11.0,208.0,122.0,17.4,51.8,1.022
2004-05-13 11:00:00,1020.0,866.0,907.0,1554.0,799.0,1.6,,7.2,139.0,90.0,17.6,49.7,0.9944
2004-05-13 12:00:00,1066.0,927.0,846.0,1608.0,804.0,1.9,,8.7,138.0,97.0,17.2,52.8,1.0236
2004-05-13 13:00:00,1105.0,1016.0,789.0,1736.0,930.0,2.4,,11.1,142.0,98.0,18.2,49.6,1.0268
2004-05-13 14:00:00,1056.0,894.0,891.0,1576.0,771.0,1.7,,7.9,131.0,93.0,19.5,45.0,1.0114
2004-05-13 15:00:00,1084.0,970.0,818.0,1626.0,845.0,2.1,,9.8,132.0,98.0,19.5,45.5,1.0189
2004-05-13 16:00:00,1288.0,1191.0,691.0,1910.0,1192.0,3.1,,16.4,178.0,123.0,19.8,44.3,1.0104
2004-05-13 17:00:00,1390.0,1368.0,605.0,2092.0,1494.0,4.6,,22.6,228.0,148.0,20.3,43.1,1.0114
2004-05-13 18:00:00,1374.0,1303.0,636.0,2036.0,1457.0,4.5,,20.2,232.0,148.0,20.3,44.4,1.0457
2004-05-13 19:00:00,1378.0,1342.0,612.0,2076.0,1489.0,3.9,,21.7,204.0,133.0,19.8,47.9,1.092
2004-05-13 20:00:00,1428.0,1329.0,594.0,2102.0,1602.0,4.6,,21.2,250.0,141.0,19.1,52.3,1.1486
2004-05-13 21:00:00,1336.0,1176.0,656.0,1891.0,1468.0,3.3,,15.9,208.0,131.0,18.2,54.7,1.1336
2004-05-13 22:00:00,1234.0,1049.0,746.0,1733.0,1274.0,2.7,,12.0,158.0,121.0,17.8,55.0,1.1097
2004-05-13 23:00:00,1300.0,1221.0,648.0,1946.0,1401.0,3.3,,17.4,197.0,123.0,17.5,56.4,1.1175
2004-05-14 00:00:00,1246.0,1150.0,654.0,1873.0,1354.0,2.5,,15.0,152.0,107.0,17.3,57.8,1.1298
2004-05-14 01:00:00,1141.0,1017.0,740.0,1690.0,1188.0,2.1,,11.1,112.0,104.0,16.8,57.5,1.0912
2004-05-14 02:00:00,1014.0,853.0,883.0,1538.0,975.0,1.3,,6.9,75.0,91.0,16.3,57.0,1.0484
2004-05-14 03:00:00,938.0,769.0,978.0,1463.0,816.0,1.0,,5.1,,,16.2,56.3,1.0262
2004-05-14 04:00:00,988.0,814.0,908.0,1512.0,921.0,,,6.1,74.0,87.0,15.5,59.9,1.0498
2004-05-14 05:00:00,983.0,833.0,894.0,1524.0,1012.0,1.2,,6.5,116.0,102.0,16.0,58.3,1.0481
2004-05-14 06:00:00,1033.0,917.0,882.0,1617.0,905.0,1.5,,8.4,118.0,95.0,17.2,52.3,1.0169
2004-05-14 07:00:00,1388.0,1372.0,601.0,2105.0,1449.0,3.7,,22.8,272.0,140.0,18.5,49.4,1.0397
2004-05-14 08:00:00,1512.0,1530.0,527.0,2326.0,1725.0,,,29.1,,,20.0,45.6,1.0524
2004-05-14 09:00:00,1148.0,1104.0,723.0,1713.0,1301.0,3.3,,13.6,258.0,138.0,21.0,37.9,0.9313
2004-05-14 10:00:00,1095.0,1019.0,815.0,1618.0,1181.0,2.5,,11.1,186.0,113.0,22.8,32.4,0.887
2004-05-14 11:00:00,987.0,979.0,923.0,1515.0,962.0,1.9,,10.0,130.0,101.0,25.5,25.6,0.8218
2004-05-14 12:00:00,984.0,998.0,905.0,1523.0,862.0,2.0,,10.5,134.0,97.0,25.9,23.6,0.7771
2004-05-14 13:00:00,1072.0,1084.0,843.0,1622.0,1017.0,2.5,,13.0,148.0,114.0,27.7,20.8,0.7599
2004-05-14 14:00:00,1048.0,1068.0,869.0,1573.0,993.0,2.1,,12.5,147.0,110.0,27.1,21.6,0.7618
2004-05-14 15:00:00,1042.0,1029.0,907.0,1540.0,879.0,2.1,,11.4,123.0,103.0,28.4,20.2,0.7697
2004-05-14 16:00:00,1113.0,1086.0,882.0,1584.0,926.0,2.3,,13.1,138.0,119.0,28.1,21.9,0.8184
2004-05-14 17:00:00,1146.0,1145.0,836.0,1647.0,1011.0,3.0,,14.9,162.0,126.0,27.6,22.3,0.8116
2004-05-14 18:00:00,1239.0,1272.0,748.0,1790.0,1380.0,4.1,,19.1,214.0,144.0,25.2,24.3,0.7671
2004-05-14 19:00:00,1302.0,1346.0,706.0,1880.0,1698.0,4.5,,21.8,230.0,164.0,24.6,25.1,0.7636
2004-05-14 20:00:00,1181.0,1183.0,792.0,1711.0,1432.0,3.5,,16.1,191.0,148.0,23.1,27.2,0.7575
2004-05-14 21:00:00,1068.0,1037.0,869.0,1567.0,1217.0,2.1,,11.6,128.0,119.0,22.0,28.6,0.7483
2004-05-14 22:00:00,1135.0,1065.0,803.0,1630.0,1317.0,2.3,,12.4,138.0,111.0,20.8,34.5,0.8365
2004-05-14 23:00:00,1121.0,992.0,844.0,1505.0,1255.0,1.9,,10.4,126.0,115.0,20.4,35.3,0.8352
2004-05-15 00:00:00,1131.0,965.0,843.0,1520.0,1223.0,1.9,,9.7,107.0,103.0,19.1,38.3,0.8381
2004-05-15 01:00:00,947.0,798.0,964.0,1395.0,930.0,1.2,,5.7,67.0,81.0,18.0,40.5,0.8271
2004-05-15 02:00:00,935.0,786.0,964.0,1389.0,954.0,1.0,,5.4,55.0,71.0,17.4,43.4,0.8553
2004-05-15 03:00:00,941.0,792.0,975.0,1397.0,889.0,1.1,,5.6,,,14.8,50.6,0.8489
2004-05-15 04:00:00,867.0,734.0,1043.0,1324.0,808.0,,,4.4,48.0,58.0,14.6,51.4,0.8489
2004-05-15 05:00:00,839.0,638.0,1171.0,1271.0,643.0,0.5,,2.8,33.0,44.0,15.7,46.9,0.8329
2004-05-15 06:00:00,873.0,704.0,1091.0,1322.0,756.0,0.6,,3.9,41.0,49.0,15.3,49.7,0.8552
2004-05-15 07:00:00,1065.0,942.0,890.0,1576.0,1067.0,1.4,,9.1,106.0,68.0,16.0,47.4,0.8564
2004-05-15 08:00:00,1187.0,1104.0,727.0,1721.0,1391.0,2.6,,13.6,208.0,108.0,17.6,43.3,0.8647
2004-05-15 09:00:00,1249.0,1174.0,712.0,1774.0,1486.0,2.8,,15.8,193.0,117.0,20.3,37.4,0.8807
2004-05-15 10:00:00,1157.0,1072.0,802.0,1653.0,1327.0,2.6,,12.7,191.0,127.0,23.1,30.3,0.8425
2004-05-15 11:00:00,988.0,924.0,1015.0,1463.0,835.0,1.6,,8.6,113.0,93.0,25.0,24.2,0.7568
2004-05-15 12:00:00,1025.0,955.0,997.0,1457.0,834.0,1.7,,9.4,111.0,94.0,25.6,23.5,0.7611
2004-05-15 13:00:00,997.0,947.0,998.0,1460.0,815.0,1.7,,9.2,106.0,87.0,25.5,22.6,0.7288
2004-05-15 14:00:00,916.0,829.0,1124.0,1333.0,621.0,1.3,,6.4,82.0,75.0,26.1,21.1,0.7023
2004-05-15 15:00:00,965.0,910.0,1056.0,1389.0,643.0,1.4,,8.3,79.0,81.0,28.2,19.4,0.7303
2004-05-15 16:00:00,985.0,903.0,1059.0,1437.0,712.0,1.4,,8.1,90.0,86.0,27.4,20.5,0.7379
2004-05-15 17:00:00,1026.0,920.0,1037.0,1455.0,746.0,1.7,,8.5,104.0,97.0,26.0,22.7,0.7532
2004-05-15 18:00:00,1125.0,1016.0,910.0,1564.0,991.0,2.3,,11.0,148.0,117.0,23.8,27.1,0.7858
2004-05-15 19:00:00,1159.0,1054.0,878.0,1603.0,1046.0,2.5,,12.1,158.0,120.0,23.0,28.7,0.7976
2004-05-15 20:00:00,1284.0,1149.0,780.0,1725.0,1304.0,3.3,,15.0,234.0,149.0,21.7,31.8,0.8191
2004-05-15 21:00:00,1101.0,986.0,852.0,1574.0,1100.0,2.2,,10.2,163.0,124.0,20.9,33.2,0.8098
2004-05-15 22:00:00,1101.0,972.0,879.0,1552.0,1001.0,1.6,,9.9,95.0,97.0,20.2,34.3,0.8017
2004-05-15 23:00:00,1183.0,1049.0,762.0,1594.0,1290.0,2.6,,12.0,146.0,112.0,19.6,37.0,0.8325
2004-05-16 00:00:00,1132.0,996.0,822.0,1564.0,1205.0,2.3,,10.5,102.0,95.0,18.1,40.9,0.8441
2004-05-16 01:00:00,998.0,859.0,919.0,1450.0,1045.0,1.5,,7.1,90.0,88.0,17.0,43.3,0.8341
2004-05-16 02:00:00,911.0,743.0,1052.0,1370.0,739.0,0.9,,4.6,41.0,54.0,16.7,43.4,0.8193
2004-05-16 03:00:00,875.0,721.0,1083.0,1328.0,683.0,0.8,,4.2,,,15.9,44.7,0.8009
2004-05-16 04:00:00,808.0,630.0,1234.0,1256.0,573.0,,,2.6,30.0,43.0,15.2,45.5,0.783
2004-05-16 05:00:00,792.0,599.0,1262.0,1235.0,564.0,0.4,,2.2,32.0,45.0,13.5,50.1,0.7706
2004-05-16 06:00:00,822.0,581.0,1326.0,1256.0,602.0,0.4,,2.0,34.0,47.0,14.2,49.9,0.8025
2004-05-16 07:00:00,918.0,721.0,1069.0,1353.0,785.0,0.8,,4.2,57.0,58.0,13.8,51.4,0.8059
2004-05-16 08:00:00,975.0,774.0,1001.0,1393.0,878.0,0.9,,5.2,73.0,69.0,16.3,45.1,0.8286
2004-05-16 09:00:00,1047.0,908.0,913.0,1458.0,981.0,1.6,,8.2,119.0,89.0,19.2,35.4,0.7812
2004-05-16 10:00:00,1053.0,970.0,930.0,1473.0,991.0,2.0,,9.8,138.0,105.0,25.5,21.1,0.677
2004-05-16 11:00:00,1017.0,897.0,1013.0,1400.0,780.0,1.6,,7.9,96.0,92.0,28.2,19.0,0.7164
2004-05-16 12:00:00,1021.0,889.0,1022.0,1405.0,684.0,1.4,,7.7,80.0,82.0,29.5,19.8,0.8013
2004-05-16 13:00:00,941.0,753.0,1173.0,1311.0,468.0,0.9,,4.8,45.0,56.0,30.6,19.4,0.8348
2004-05-16 14:00:00,991.0,776.0,1122.0,1375.0,468.0,0.9,,5.3,45.0,60.0,29.9,22.0,0.9181
2004-05-16 15:00:00,1117.0,862.0,995.0,1476.0,530.0,1.2,,7.1,54.0,64.0,31.5,21.9,0.997
2004-05-16 16:00:00,1217.0,947.0,887.0,1566.0,648.0,1.4,,9.2,66.0,85.0,31.2,24.6,1.0987
2004-05-16 17:00:00,1248.0,982.0,880.0,1617.0,746.0,1.9,,10.1,95.0,107.0,30.4,26.5,1.1347
2004-05-16 18:00:00,1242.0,973.0,856.0,1632.0,819.0,1.8,,9.9,99.0,106.0,26.8,33.5,1.1602
2004-05-16 19:00:00,1403.0,1151.0,747.0,1820.0,1125.0,2.7,,15.1,147.0,125.0,25.5,37.4,1.1995
2004-05-16 20:00:00,1238.0,999.0,833.0,1648.0,1013.0,2.4,,10.6,129.0,118.0,23.7,39.4,1.1381
2004-05-16 21:00:00,1093.0,858.0,975.0,1495.0,816.0,1.6,,7.0,96.0,95.0,22.9,37.0,1.0197
2004-05-16 22:00:00,1034.0,805.0,1030.0,1416.0,750.0,1.4,,5.9,92.0,97.0,20.8,36.3,0.8775
2004-05-16 23:00:00,934.0,795.0,1098.0,1328.0,673.0,1.4,,5.6,88.0,93.0,20.3,28.5,0.6686
2004-05-17 00:00:00,913.0,785.0,1110.0,1273.0,692.0,1.4,,5.4,89.0,85.0,19.6,26.5,0.5974
2004-05-17 01:00:00,835.0,691.0,1265.0,1182.0,517.0,0.9,,3.7,52.0,67.0,19.1,25.9,0.5673
2004-05-17 02:00:00,773.0,568.0,1474.0,1113.0,392.0,0.5,,1.8,25.0,37.0,18.4,27.6,0.5799
2004-05-17 03:00:00,771.0,533.0,1566.0,1110.0,360.0,0.4,,1.4,,,17.4,30.2,0.5945
2004-05-17 04:00:00,805.0,534.0,1454.0,1112.0,409.0,,,1.4,28.0,40.0,16.3,34.1,0.6257
2004-05-17 05:00:00,930.0,684.0,1059.0,1220.0,779.0,0.5,,3.5,65.0,75.0,15.8,36.5,0.6535
2004-05-17 06:00:00,1009.0,859.0,944.0,1420.0,1016.0,1.3,,7.0,132.0,102.0,16.0,38.1,0.6879
2004-05-17 07:00:00,1196.0,1131.0,775.0,1675.0,1243.0,2.6,,14.4,216.0,113.0,17.6,35.0,0.6965
2004-05-17 08:00:00,1010.0,937.0,945.0,1444.0,949.0,2.0,,8.9,180.0,142.0,18.5,31.2,0.6611
2004-05-17 09:00:00,990.0,924.0,974.0,1404.0,861.0,1.8,,8.6,140.0,90.0,19.8,28.5,0.652
2004-05-17 10:00:00,988.0,918.0,1007.0,1393.0,850.0,1.7,,8.5,141.0,94.0,22.3,24.1,0.6394
2004-05-17 11:00:00,979.0,910.0,1028.0,1396.0,788.0,1.5,,8.3,123.0,92.0,24.2,21.7,0.6451
2004-05-17 12:00:00,1029.0,983.0,950.0,1470.0,879.0,1.9,,10.1,129.0,97.0,25.1,20.8,0.6516
2004-05-17 13:00:00,984.0,945.0,990.0,1423.0,747.0,1.7,,9.1,115.0,88.0,25.8,19.5,0.6392
2004-05-17 14:00:00,985.0,919.0,1028.0,1387.0,700.0,1.5,,8.5,104.0,86.0,26.3,18.9,0.6344
2004-05-17 15:00:00,981.0,886.0,1054.0,1363.0,695.0,1.7,,7.7,129.0,99.0,25.8,18.6,0.608
2004-05-17 16:00:00,1020.0,941.0,1016.0,1425.0,756.0,1.7,,9.0,138.0,95.0,25.7,19.4,0.6304
2004-05-17 17:00:00,1106.0,1097.0,902.0,1552.0,941.0,2.4,,13.4,135.0,105.0,26.7,17.1,0.5909
2004-05-17 18:00:00,1153.0,1168.0,842.0,1644.0,1021.0,3.1,,15.6,163.0,121.0,24.3,19.8,0.5933
2004-05-17 19:00:00,1215.0,1234.0,796.0,1735.0,1167.0,3.4,,17.8,180.0,125.0,23.5,20.8,0.5937
2004-05-17 20:00:00,1094.0,1072.0,888.0,1545.0,1105.0,3.0,,12.7,170.0,122.0,22.0,24.0,0.6263
2004-05-17 21:00:00,944.0,832.0,1072.0,1350.0,712.0,1.2,,6.4,72.0,81.0,21.1,26.2,0.6481
2004-05-17 22:00:00,964.0,861.0,1014.0,1398.0,735.0,1.2,,7.1,69.0,73.0,20.9,28.8,0.7014
2004-05-17 23:00:00,1003.0,872.0,988.0,1439.0,851.0,1.3,,7.4,79.0,80.0,20.2,31.2,0.7304
2004-05-18 00:00:00,914.0,774.0,1091.0,1323.0,706.0,1.0,,5.2,53.0,65.0,20.0,31.5,0.7262
2004-05-18 01:00:00,839.0,609.0,1276.0,1286.0,643.0,0.4,,2.4,36.0,59.0,20.8,32.3,0.7813
2004-05-18 02:00:00,830.0,582.0,1310.0,1264.0,608.0,0.3,,2.0,30.0,50.0,20.0,34.5,0.7954
2004-05-18 03:00:00,812.0,521.0,1413.0,1233.0,469.0,0.2,,1.2,,,21.2,32.9,0.8178
2004-05-18 04:00:00,832.0,547.0,1320.0,1254.0,469.0,,,1.5,15.0,23.0,18.3,40.0,0.8345
2004-05-18 05:00:00,903.0,656.0,1155.0,1361.0,618.0,0.5,,3.1,38.0,37.0,17.0,44.6,0.8593
2004-05-18 06:00:00,1022.0,825.0,931.0,1487.0,931.0,0.9,,6.3,68.0,54.0,17.1,45.3,0.8784
2004-05-18 07:00:00,1378.0,1277.0,628.0,1970.0,1519.0,2.7,,19.3,192.0,94.0,17.1,46.5,0.901
2004-05-18 08:00:00,1745.0,1748.0,484.0,2605.0,2054.0,6.5,,38.9,346.0,139.0,18.8,39.7,0.8547
2004-05-18 09:00:00,1326.0,1137.0,719.0,1760.0,1550.0,3.2,,14.6,225.0,115.0,20.3,38.1,0.8946
2004-05-18 10:00:00,1215.0,1062.0,794.0,1650.0,1381.0,2.4,,12.3,199.0,119.0,25.3,27.0,0.8565
2004-05-18 11:00:00,1138.0,1015.0,854.0,1604.0,1115.0,1.9,,11.0,140.0,103.0,27.4,22.8,0.8219
2004-05-18 12:00:00,1244.0,1162.0,765.0,1735.0,1189.0,2.7,,15.4,162.0,123.0,30.0,20.0,0.8338
2004-05-18 13:00:00,1261.0,1210.0,736.0,1769.0,1200.0,2.9,,17.0,173.0,126.0,30.9,19.1,0.8394
2004-05-18 14:00:00,1182.0,1066.0,818.0,1663.0,965.0,2.0,,12.5,121.0,106.0,30.6,20.2,0.8719
2004-05-18 15:00:00,1208.0,1111.0,783.0,1653.0,1018.0,2.3,,13.8,133.0,127.0,32.2,18.9,0.8964
2004-05-18 16:00:00,1158.0,981.0,862.0,1573.0,775.0,1.9,,10.1,96.0,105.0,31.7,19.5,0.8981
2004-05-18 17:00:00,1346.0,1278.0,701.0,1873.0,1193.0,3.0,,19.3,141.0,130.0,30.9,20.5,0.8996
2004-05-18 18:00:00,1443.0,1371.0,664.0,1988.0,1425.0,4.4,,22.7,221.0,160.0,27.5,24.7,0.8899
2004-05-18 19:00:00,1440.0,1443.0,635.0,2068.0,1594.0,4.7,,25.5,232.0,162.0,25.8,27.0,0.8821
2004-05-18 20:00:00,1232.0,1173.0,751.0,1750.0,1284.0,3.4,,15.8,174.0,135.0,23.7,30.0,0.8633
2004-05-18 21:00:00,1159.0,1061.0,812.0,1648.0,1174.0,2.4,,12.3,138.0,122.0,22.2,33.4,0.8806
2004-05-18 22:00:00,1081.0,929.0,910.0,1518.0,937.0,1.2,,8.7,65.0,75.0,21.1,36.5,0.9019
2004-05-18 23:00:00,1083.0,911.0,883.0,1507.0,985.0,1.7,,8.3,107.0,96.0,20.2,38.6,0.9016
2004-05-19 00:00:00,1069.0,887.0,859.0,1542.0,1041.0,1.2,,7.7,70.0,84.0,19.3,43.0,0.9535
2004-05-19 01:00:00,940.0,724.0,1012.0,1407.0,867.0,0.7,,4.2,44.0,68.0,19.2,43.6,0.9591
2004-05-19 02:00:00,901.0,653.0,1094.0,1367.0,822.0,0.5,,3.0,41.0,65.0,18.4,45.7,0.9599
2004-05-19 03:00:00,848.0,571.0,1224.0,1297.0,624.0,0.3,,1.8,,,18.7,44.3,0.9453
2004-05-19 04:00:00,846.0,598.0,1211.0,1332.0,669.0,,,2.2,33.0,52.0,16.3,51.4,0.9468
2004-05-19 05:00:00,848.0,598.0,1219.0,1318.0,628.0,0.3,,2.2,32.0,46.0,17.0,49.2,0.9459
2004-05-19 06:00:00,980.0,800.0,983.0,1462.0,810.0,0.7,,5.7,46.0,54.0,16.4,52.1,0.9612
2004-05-19 07:00:00,1408.0,1321.0,618.0,2044.0,1495.0,3.1,,20.9,173.0,94.0,16.4,53.4,0.9863
2004-05-19 08:00:00,1716.0,1701.0,490.0,2545.0,2018.0,6.2,,36.7,320.0,155.0,18.6,46.8,0.99
2004-05-19 09:00:00,1475.0,1351.0,625.0,2006.0,1696.0,4.6,,22.0,294.0,165.0,21.0,41.1,1.0104
2004-05-19 10:00:00,1262.0,1096.0,772.0,1711.0,1340.0,2.6,,13.4,182.0,134.0,26.4,28.9,0.9785
2004-05-19 11:00:00,1156.0,1034.0,813.0,1640.0,1123.0,2.1,,11.5,154.0,122.0,27.7,26.3,0.9652
2004-05-19 12:00:00,1192.0,1097.0,796.0,1688.0,971.0,2.0,,13.4,118.0,113.0,30.1,22.1,0.9281
2004-05-19 13:00:00,1233.0,1154.0,746.0,1740.0,1000.0,2.2,,15.2,116.0,115.0,31.0,22.9,1.0144
2004-05-19 14:00:00,1208.0,1083.0,792.0,1702.0,891.0,2.1,,13.0,121.0,118.0,31.0,22.6,1.0012
2004-05-19 15:00:00,1215.0,1116.0,784.0,1715.0,852.0,2.3,,14.0,116.0,125.0,31.6,21.0,0.959
2004-05-19 16:00:00,1251.0,1165.0,747.0,1774.0,975.0,2.5,,15.5,144.0,135.0,30.4,24.7,1.0526
2004-05-19 17:00:00,1358.0,1278.0,689.0,1899.0,1192.0,3.4,,19.3,176.0,149.0,28.8,26.3,1.0271
2004-05-19 18:00:00,1379.0,1349.0,645.0,1961.0,1373.0,4.3,,21.9,214.0,162.0,26.4,30.1,1.0204
2004-05-19 19:00:00,1379.0,1326.0,659.0,1961.0,1307.0,3.8,,21.1,191.0,151.0,24.7,31.5,0.9672
2004-05-19 20:00:00,1373.0,1252.0,670.0,1889.0,1325.0,3.8,,18.4,205.0,154.0,22.9,36.5,1.0083
2004-05-19 21:00:00,1197.0,950.0,823.0,1592.0,918.0,2.0,,9.3,110.0,118.0,20.8,41.8,1.0155
2004-05-19 22:00:00,1238.0,940.0,815.0,1622.0,877.0,1.7,,9.0,95.0,103.0,19.7,47.1,1.0666
2004-05-19 23:00:00,1255.0,963.0,781.0,1665.0,1024.0,2.0,,9.6,126.0,122.0,18.9,52.2,1.1313
2004-05-20 00:00:00,1164.0,908.0,821.0,1574.0,1019.0,1.5,,8.2,90.0,102.0,18.5,50.1,1.0539
2004-05-20 01:00:00,1046.0,803.0,900.0,1490.0,823.0,0.8,,5.8,48.0,73.0,18.0,53.0,1.0832
2004-05-20 02:00:00,956.0,661.0,1043.0,1398.0,701.0,0.5,,3.1,38.0,59.0,18.4,51.7,1.0819
2004-05-20 03:00:00,885.0,565.0,1217.0,1329.0,542.0,0.3,,1.7,,,19.8,46.2,1.056
2004-05-20 04:00:00,877.0,549.0,1265.0,1317.0,463.0,,,1.6,14.0,26.0,19.6,47.7,1.0736
2004-05-20 05:00:00,925.0,609.0,1168.0,1363.0,533.0,0.3,,2.3,26.0,35.0,17.3,54.1,1.0582
2004-05-20 06:00:00,1086.0,837.0,885.0,1553.0,906.0,0.9,,6.6,83.0,68.0,15.8,59.0,1.0495
2004-05-20 07:00:00,1490.0,1286.0,593.0,2053.0,1447.0,2.8,,19.6,188.0,97.0,16.6,55.9,1.0486
2004-05-20 08:00:00,1763.0,1617.0,489.0,2503.0,1835.0,5.4,,32.9,253.0,146.0,18.7,52.8,1.1279
2004-05-20 09:00:00,1462.0,1242.0,637.0,1961.0,1552.0,4.0,,18.1,149.0,83.0,20.7,46.4,1.1227
2004-05-20 10:00:00,1232.0,1062.0,787.0,1707.0,1092.0,2.2,,12.4,155.0,117.0,26.1,30.0,0.9972
2004-05-20 11:00:00,1239.0,1067.0,779.0,1702.0,1071.0,2.2,,12.5,146.0,117.0,28.6,25.8,0.9989
2004-05-20 12:00:00,1218.0,1051.0,796.0,1689.0,881.0,2.0,,12.0,121.0,108.0,30.3,23.3,0.9869
2004-05-20 13:00:00,1235.0,1094.0,756.0,1729.0,907.0,2.0,,13.3,111.0,107.0,31.3,22.3,1.0043
2004-05-20 14:00:00,1196.0,1061.0,791.0,1649.0,899.0,1.9,,12.3,116.0,120.0,31.1,22.3,0.9888
2004-05-20 15:00:00,1288.0,1179.0,717.0,1799.0,1074.0,2.7,,16.0,167.0,150.0,32.4,20.4,0.9732
2004-05-20 16:00:00,1248.0,1108.0,772.0,1701.0,969.0,2.2,,13.7,145.0,138.0,32.6,19.3,0.935
2004-05-20 17:00:00,1401.0,1342.0,663.0,1959.0,1267.0,3.5,,21.7,192.0,148.0,31.2,20.3,0.9064
2004-05-20 18:00:00,1401.0,1396.0,645.0,2009.0,1402.0,4.1,,23.7,231.0,168.0,27.7,24.8,0.9106
2004-05-20 19:00:00,1444.0,1354.0,655.0,1956.0,1437.0,4.4,,22.1,248.0,172.0,25.7,27.9,0.908
2004-05-20 20:00:00,1379.0,1312.0,683.0,1870.0,1382.0,4.5,,20.6,267.0,179.0,24.1,29.9,0.8879
2004-05-20 21:00:00,1251.0,1097.0,771.0,1680.0,1280.0,2.9,,13.4,181.0,143.0,22.2,34.4,0.9072
2004-05-20 22:00:00,1269.0,1077.0,773.0,1706.0,1250.0,2.6,,12.8,163.0,137.0,20.7,38.0,0.9149
2004-05-20 23:00:00,1242.0,1060.0,745.0,1693.0,1359.0,2.1,,12.3,141.0,117.0,20.2,42.8,0.9983
2004-05-21 00:00:00,1045.0,850.0,889.0,1506.0,1102.0,1.2,,6.8,78.0,93.0,20.5,42.0,1.0004
2004-05-21 01:00:00,937.0,698.0,1039.0,1382.0,768.0,0.6,,3.8,42.0,64.0,20.1,42.0,0.9763
2004-05-21 02:00:00,875.0,622.0,1167.0,1331.0,656.0,0.3,,2.5,35.0,58.0,20.0,41.5,0.9571
2004-05-21 03:00:00,889.0,633.0,1123.0,1344.0,683.0,0.3,,2.7,,,16.3,51.6,0.9461
2004-05-21 04:00:00,888.0,640.0,1089.0,1330.0,670.0,,,2.8,33.0,47.0,16.5,50.2,0.932
2004-05-21 05:00:00,881.0,624.0,1135.0,1319.0,656.0,0.3,,2.6,38.0,47.0,16.4,50.2,0.931
2004-05-21 06:00:00,998.0,856.0,894.0,1488.0,926.0,0.7,,7.0,65.0,62.0,14.9,54.7,0.9203
2004-05-21 07:00:00,1517.0,1460.0,551.0,2205.0,1677.0,4.2,,26.2,296.0,113.0,16.4,51.3,0.9474
2004-05-21 08:00:00,1522.0,1509.0,543.0,2275.0,1828.0,4.8,,28.2,303.0,126.0,18.2,46.2,0.9575
2004-05-21 09:00:00,1417.0,1303.0,635.0,1964.0,1752.0,3.4,,20.2,244.0,139.0,20.7,40.0,0.9639
2004-05-21 10:00:00,1329.0,1214.0,700.0,1845.0,1581.0,2.8,,17.1,216.0,148.0,26.5,27.0,0.9217
2004-05-21 11:00:00,1203.0,1023.0,825.0,1622.0,1132.0,1.8,,11.2,137.0,117.0,28.5,23.8,0.915
2004-05-21 12:00:00,1234.0,1037.0,788.0,1658.0,1037.0,1.9,,11.6,120.0,106.0,29.7,23.7,0.9714
2004-05-21 13:00:00,1286.0,1090.0,750.0,1719.0,1023.0,2.0,,13.2,100.0,98.0,31.7,21.7,0.9966
2004-05-21 14:00:00,1298.0,1075.0,749.0,1690.0,1022.0,1.9,,12.7,103.0,98.0,31.7,21.5,0.9902
2004-05-21 15:00:00,1308.0,1084.0,757.0,1724.0,989.0,2.0,,13.0,123.0,110.0,32.8,19.5,0.9515
2004-05-21 16:00:00,1276.0,1099.0,783.0,1680.0,925.0,2.3,,13.5,136.0,114.0,32.5,18.6,0.8948
2004-05-21 17:00:00,1234.0,985.0,815.0,1572.0,795.0,2.7,,10.2,158.0,122.0,30.2,22.6,0.9524
2004-05-21 18:00:00,1419.0,1300.0,670.0,1923.0,1263.0,3.6,,20.1,216.0,155.0,27.6,25.7,0.9382
2004-05-21 19:00:00,1325.0,1273.0,716.0,1815.0,1184.0,3.8,,19.1,211.0,145.0,25.9,24.9,0.8195
2004-05-21 20:00:00,1346.0,1224.0,715.0,1794.0,1272.0,3.5,,17.5,202.0,146.0,23.9,29.4,0.8589
2004-05-21 21:00:00,1241.0,1110.0,772.0,1698.0,1177.0,2.5,,13.8,147.0,130.0,22.3,32.1,0.8515
2004-05-21 22:00:00,1274.0,1094.0,771.0,1682.0,1231.0,2.5,,13.3,160.0,126.0,20.5,35.9,0.8565
2004-05-21 23:00:00,1321.0,1144.0,732.0,1745.0,1243.0,3.0,,14.8,162.0,127.0,19.8,37.2,0.8509
2004-05-22 00:00:00,1424.0,1240.0,662.0,1841.0,1427.0,3.7,,18.0,194.0,126.0,19.1,41.9,0.9158
2004-05-22 01:00:00,1357.0,1178.0,674.0,1782.0,1454.0,3.3,,16.0,167.0,124.0,17.8,46.1,0.9344
2004-05-22 02:00:00,1123.0,966.0,770.0,1594.0,1183.0,1.5,,9.7,91.0,93.0,17.6,47.6,0.9465
2004-05-22 03:00:00,1003.0,820.0,902.0,1455.0,908.0,0.7,,6.2,,,17.9,46.3,0.9394
2004-05-22 04:00:00,951.0,713.0,994.0,1385.0,821.0,,,4.0,42.0,58.0,16.9,49.8,0.9544
2004-05-22 05:00:00,941.0,687.0,1024.0,1374.0,777.0,0.5,,3.6,50.0,59.0,15.8,53.8,0.9615
2004-05-22 06:00:00,986.0,745.0,959.0,1426.0,888.0,0.5,,4.6,61.0,66.0,16.5,53.5,0.9928
2004-05-22 07:00:00,1153.0,947.0,795.0,1643.0,1076.0,1.2,,9.2,107.0,80.0,17.2,52.9,1.0276
2004-05-22 08:00:00,1323.0,1137.0,696.0,1846.0,1285.0,2.2,,14.6,139.0,94.0,19.3,48.3,1.0723
2004-05-22 09:00:00,1315.0,1040.0,743.0,1740.0,1315.0,2.2,,11.7,165.0,102.0,20.6,47.1,1.1287
2004-05-22 10:00:00,1303.0,1015.0,777.0,1731.0,1250.0,2.1,,11.0,139.0,96.0,23.7,40.0,1.153
2004-05-22 11:00:00,1238.0,1037.0,813.0,1698.0,978.0,1.8,,11.6,113.0,91.0,25.6,32.5,1.053
2004-05-22 12:00:00,1259.0,1080.0,772.0,1736.0,1072.0,2.2,,12.9,138.0,104.0,27.2,28.1,0.9989
2004-05-22 13:00:00,1246.0,1070.0,770.0,1747.0,1064.0,2.0,,12.6,104.0,84.0,27.9,28.1,1.0394
2004-05-22 14:00:00,1154.0,912.0,872.0,1605.0,825.0,1.4,,8.3,78.0,76.0,28.3,27.8,1.0539
2004-05-22 15:00:00,1237.0,997.0,800.0,1688.0,924.0,1.8,,10.5,97.0,87.0,29.2,27.0,1.081
2004-05-22 16:00:00,1315.0,1041.0,773.0,1767.0,966.0,2.1,,11.7,115.0,101.0,28.9,29.3,1.1503
2004-05-22 17:00:00,1466.0,1174.0,680.0,1965.0,1302.0,2.8,,15.8,152.0,115.0,25.4,39.8,1.2771
2004-05-22 18:00:00,1409.0,1113.0,710.0,1850.0,1256.0,2.8,,13.9,157.0,110.0,25.2,40.1,1.2642
2004-05-22 19:00:00,1366.0,1171.0,693.0,1933.0,1068.0,2.7,,15.7,132.0,103.0,24.5,39.4,1.1963
2004-05-22 20:00:00,1241.0,1011.0,781.0,1748.0,1070.0,1.8,,10.9,98.0,90.0,22.3,45.4,1.2088
2004-05-22 21:00:00,1123.0,832.0,930.0,1565.0,792.0,1.2,,6.4,65.0,68.0,21.2,48.3,1.2034
2004-05-22 22:00:00,1321.0,1075.0,757.0,1891.0,1017.0,2.6,,12.7,101.0,85.0,20.6,50.5,1.2082
2004-05-22 23:00:00,1397.0,1159.0,681.0,1949.0,1207.0,3.1,,15.3,134.0,100.0,20.2,52.9,1.234
2004-05-23 00:00:00,1507.0,1311.0,608.0,2107.0,1499.0,4.1,,20.5,177.0,114.0,19.8,54.5,1.2488
2004-05-23 01:00:00,1405.0,1177.0,660.0,1931.0,1474.0,3.6,,15.9,179.0,108.0,19.5,56.2,1.2624
2004-05-23 02:00:00,1192.0,994.0,759.0,1780.0,1163.0,1.9,,10.4,105.0,78.0,19.0,58.0,1.2581
2004-05-23 03:00:00,1199.0,1070.0,671.0,1873.0,1189.0,1.9,,12.6,,,18.1,61.6,1.2679
2004-05-23 04:00:00,973.0,761.0,954.0,1501.0,815.0,,,4.9,49.0,55.0,18.0,57.6,1.1788
2004-05-23 05:00:00,864.0,591.0,1247.0,1374.0,507.0,0.3,,2.1,27.0,37.0,17.7,56.0,1.1215
2004-05-23 06:00:00,886.0,598.0,1257.0,1374.0,506.0,0.4,,2.2,41.0,53.0,17.9,52.4,1.0655
2004-05-23 07:00:00,988.0,713.0,1092.0,1455.0,716.0,0.8,,4.0,78.0,79.0,18.9,49.3,1.0668
2004-05-23 08:00:00,1008.0,729.0,1034.0,1490.0,795.0,0.8,,4.3,68.0,65.0,20.0,48.6,1.1199
2004-05-23 09:00:00,976.0,698.0,1156.0,1393.0,594.0,0.8,,3.8,64.0,64.0,20.6,41.2,0.9841
2004-05-23 10:00:00,978.0,718.0,1137.0,1392.0,565.0,0.8,,4.1,67.0,66.0,23.6,34.0,0.9749
2004-05-23 11:00:00,987.0,740.0,1105.0,1407.0,523.0,0.9,,4.5,54.0,53.0,26.7,28.1,0.9688
2004-05-23 12:00:00,1030.0,778.0,1071.0,1452.0,591.0,1.2,,5.3,67.0,69.0,26.8,28.1,0.9785
2004-05-23 13:00:00,955.0,723.0,1129.0,1393.0,559.0,1.0,,4.2,51.0,57.0,27.7,25.8,0.9467
2004-05-23 14:00:00,924.0,673.0,1247.0,1346.0,430.0,0.8,,3.3,28.0,36.0,28.8,22.7,0.8864
2004-05-23 15:00:00,1005.0,758.0,1091.0,1434.0,522.0,1.1,,4.9,51.0,57.0,26.8,27.3,0.9462
2004-05-23 16:00:00,1059.0,816.0,1023.0,1468.0,641.0,1.5,,6.1,77.0,73.0,25.9,28.7,0.9423
2004-05-23 17:00:00,1079.0,851.0,991.0,1490.0,738.0,1.5,,6.9,93.0,81.0,25.8,27.7,0.9076
2004-05-23 18:00:00,1070.0,850.0,997.0,1502.0,778.0,1.4,,6.8,94.0,91.0,24.8,29.5,0.9077
2004-05-23 19:00:00,1085.0,805.0,972.0,1528.0,718.0,1.1,,5.8,69.0,65.0,25.3,36.3,1.1513
2004-05-23 20:00:00,1066.0,787.0,986.0,1552.0,689.0,0.9,,5.5,57.0,56.0,23.9,40.4,1.1787
2004-05-23 21:00:00,1094.0,815.0,934.0,1563.0,852.0,1.0,,6.1,74.0,69.0,21.4,46.6,1.1764
2004-05-23 22:00:00,1110.0,814.0,948.0,1571.0,854.0,1.1,,6.0,75.0,73.0,20.5,49.3,1.173
2004-05-23 23:00:00,968.0,719.0,1081.0,1388.0,664.0,1.0,,4.2,73.0,76.0,19.2,42.3,0.9339
2004-05-24 00:00:00,906.0,714.0,1163.0,1351.0,544.0,0.7,,4.1,56.0,67.0,19.2,37.9,0.8352
2004-05-24 01:00:00,849.0,615.0,1285.0,1276.0,461.0,0.5,,2.4,31.0,44.0,17.2,43.1,0.8394
2004-05-24 02:00:00,774.0,500.0,1536.0,1169.0,352.0,0.2,,1.0,13.0,21.0,15.8,45.2,0.8052
2004-05-24 03:00:00,746.0,450.0,1807.0,1111.0,308.0,,,0.6,,,15.7,42.3,0.7464
2004-05-24 04:00:00,753.0,437.0,1904.0,1110.0,301.0,,,0.5,14.0,19.0,16.3,41.0,0.7513
2004-05-24 05:00:00,749.0,466.0,1803.0,1089.0,307.0,0.1,,0.7,23.0,29.0,16.1,36.5,0.664
2004-05-24 06:00:00,864.0,642.0,1288.0,1255.0,441.0,0.5,,2.8,72.0,69.0,16.5,36.2,0.6752
2004-05-24 07:00:00,1002.0,893.0,1010.0,1394.0,775.0,1.6,,7.8,165.0,111.0,17.5,30.9,0.6111
2004-05-24 08:00:00,970.0,966.0,944.0,1379.0,907.0,2.0,,9.7,118.0,81.0,18.4,24.0,0.5046
2004-05-24 09:00:00,898.0,853.0,1066.0,1271.0,763.0,1.3,,6.9,85.0,56.0,19.2,23.8,0.5235
2004-05-24 10:00:00,847.0,800.0,1155.0,1179.0,649.0,1.0,,5.8,116.0,90.0,21.7,18.1,0.4642
2004-05-24 11:00:00,847.0,788.0,1203.0,1162.0,598.0,0.9,,5.5,112.0,85.0,22.3,17.0,0.4513
2004-05-24 12:00:00,871.0,848.0,1139.0,1208.0,579.0,1.2,,6.8,100.0,83.0,22.8,16.1,0.4404
2004-05-24 13:00:00,869.0,866.0,1107.0,1212.0,596.0,1.3,,7.2,109.0,85.0,23.8,14.5,0.4222
2004-05-24 14:00:00,875.0,854.0,1160.0,1200.0,595.0,1.1,,6.9,111.0,85.0,25.1,13.1,0.4129
2004-05-24 15:00:00,895.0,878.0,1122.0,1238.0,607.0,1.2,,7.5,109.0,81.0,25.8,12.9,0.4219
2004-05-24 16:00:00,926.0,885.0,1101.0,1259.0,662.0,1.4,,7.7,114.0,92.0,25.5,14.0,0.4495
2004-05-24 17:00:00,996.0,1048.0,959.0,1397.0,822.0,2.0,,12.0,139.0,108.0,24.5,15.4,0.4663
2004-05-24 18:00:00,997.0,1100.0,896.0,1392.0,987.0,2.4,,13.5,157.0,106.0,22.6,17.2,0.4656
2004-05-24 19:00:00,1006.0,1048.0,925.0,1416.0,966.0,2.1,,12.0,147.0,114.0,21.2,18.9,0.471
2004-05-24 20:00:00,895.0,845.0,1072.0,1241.0,763.0,1.2,,6.7,102.0,96.0,19.1,22.8,0.501
2004-05-24 21:00:00,862.0,751.0,1154.0,1213.0,617.0,0.7,,4.8,73.0,77.0,18.4,24.6,0.5169
2004-05-24 22:00:00,858.0,756.0,1159.0,1209.0,564.0,0.7,,4.8,65.0,73.0,17.3,25.6,0.5032
2004-05-24 23:00:00,853.0,762.0,1134.0,1184.0,646.0,0.8,,5.0,76.0,86.0,16.5,24.9,0.4642
2004-05-25 00:00:00,859.0,727.0,1120.0,1187.0,753.0,0.5,,4.3,65.0,84.0,16.7,28.3,0.5316
2004-05-25 01:00:00,837.0,634.0,1200.0,1150.0,669.0,0.2,,2.7,41.0,56.0,15.5,32.2,0.5641
2004-05-25 02:00:00,746.0,493.0,1522.0,1063.0,435.0,,,0.9,17.0,31.0,17.5,29.1,0.5773
2004-05-25 03:00:00,752.0,515.0,1472.0,1068.0,436.0,,,1.2,,,13.3,35.6,0.5393
2004-05-25 04:00:00,742.0,489.0,1559.0,1048.0,403.0,,,0.9,19.0,30.0,14.0,33.7,0.5355
2004-05-25 05:00:00,774.0,560.0,1386.0,1107.0,532.0,0.1,,1.7,45.0,51.0,11.6,40.0,0.5462
2004-05-25 06:00:00,798.0,630.0,1291.0,1125.0,536.0,0.2,,2.6,40.0,45.0,13.4,34.5,0.5272
2004-05-25 07:00:00,1002.0,932.0,949.0,1405.0,917.0,1.1,,8.8,101.0,82.0,15.2,31.0,0.5329
2004-05-25 08:00:00,1210.0,1356.0,657.0,1786.0,1481.0,3.0,,22.2,183.0,100.0,16.3,27.5,0.5066
2004-05-25 09:00:00,1058.0,1158.0,820.0,1459.0,1187.0,2.1,,15.3,149.0,91.0,19.2,20.0,0.439
2004-05-25 10:00:00,1106.0,1118.0,885.0,1451.0,1220.0,2.6,,14.0,207.0,130.0,24.9,13.0,0.4038
2004-05-25 11:00:00,1153.0,1253.0,815.0,1541.0,1381.0,3.2,,18.5,289.0,155.0,28.3,9.9,0.3754
2004-05-25 12:00:00,1047.0,1101.0,913.0,1391.0,1103.0,2.1,,13.5,159.0,114.0,29.2,9.8,0.3914
2004-05-25 13:00:00,1091.0,1172.0,874.0,1459.0,1105.0,2.2,,15.8,162.0,127.0,31.6,9.2,0.419
2004-05-25 14:00:00,1162.0,1253.0,796.0,1595.0,1248.0,2.4,,18.5,173.0,138.0,32.6,9.3,0.4499
2004-05-25 15:00:00,1059.0,1070.0,925.0,1401.0,976.0,,,12.6,,,32.6,9.2,0.4463
2004-05-25 16:00:00,1083.0,1051.0,939.0,1390.0,898.0,,,12.0,,,32.3,10.0,0.4747
2004-05-25 17:00:00,1150.0,1161.0,867.0,1512.0,1038.0,,,15.4,,,32.1,10.7,0.4996
2004-05-25 18:00:00,1321.0,1426.0,720.0,1859.0,1395.0,,,24.9,,,29.7,12.2,0.5007
2004-05-25 19:00:00,,,,,,,,,,,,,
2004-05-25 20:00:00,,,,,,,,,,,,,
2004-05-25 21:00:00,,,,,,,,,,,,,
2004-05-25 22:00:00,,,,,,,,,,,,,
2004-05-25 23:00:00,,,,,,,,,,,,,
2004-05-26 00:00:00,,,,,,,,,,,,,
2004-05-26 01:00:00,,,,,,,,,,,,,
2004-05-26 02:00:00,,,,,,,,,,,,,
2004-05-26 03:00:00,,,,,,,,,,,,,
2004-05-26 04:00:00,,,,,,,,,,,,,
2004-05-26 05:00:00,,,,,,,,,,,,,
2004-05-26 06:00:00,,,,,,,,,,,,,
2004-05-26 07:00:00,,,,,,,,,,,,,
2004-05-26 08:00:00,,,,,,,,,,,,,
2004-05-26 09:00:00,1303.0,1776.0,946.0,1467.0,1608.0,4.0,,40.2,,,20.4,35.7,0.844
2004-05-26 10:00:00,1137.0,1146.0,1144.0,1392.0,1327.0,2.2,,14.9,188.0,136.0,26.1,23.8,0.7938
2004-05-26 11:00:00,1139.0,1109.0,1118.0,1436.0,1292.0,1.8,,13.8,159.0,135.0,28.8,21.1,0.8193
2004-05-26 12:00:00,1099.0,1059.0,1156.0,1416.0,1114.0,1.6,,12.3,146.0,115.0,29.6,19.4,0.7897
2004-05-26 13:00:00,1088.0,1116.0,1128.0,1449.0,1060.0,1.8,,14.0,127.0,112.0,31.6,16.4,0.7489
2004-05-26 14:00:00,1027.0,1041.0,1237.0,1345.0,915.0,1.6,,11.8,128.0,112.0,32.3,13.3,0.6303
2004-05-26 15:00:00,1014.0,1049.0,1200.0,1366.0,893.0,1.6,,12.0,120.0,109.0,31.8,13.5,0.6249
2004-05-26 16:00:00,969.0,968.0,1276.0,1325.0,768.0,1.3,,9.7,115.0,112.0,31.8,13.8,0.6394
2004-05-26 17:00:00,1120.0,1238.0,1023.0,1591.0,1126.0,,,18.0,,,31.0,15.9,0.7039
2004-05-26 18:00:00,1131.0,1368.0,933.0,1707.0,1284.0,,,22.6,,,28.6,18.7,0.7216
2004-05-26 19:00:00,1130.0,1368.0,933.0,1709.0,1269.0,,,22.7,,,26.7,19.5,0.6754
2004-05-26 20:00:00,1123.0,1304.0,939.0,1720.0,1290.0,,,20.3,,,25.0,24.4,0.7616
2004-05-26 21:00:00,1069.0,1086.0,1064.0,1536.0,1119.0,,,13.1,,,22.8,28.4,0.7804
2004-05-26 22:00:00,1021.0,1010.0,1116.0,1480.0,1027.0,,,10.9,,,21.7,29.2,0.7458
2004-05-26 23:00:00,1101.0,1093.0,1012.0,1564.0,1155.0,,,13.3,,,21.1,30.9,0.7617
2004-05-27 00:00:00,1026.0,960.0,1072.0,1471.0,1078.0,,,9.5,,,19.9,36.3,0.8349
2004-05-27 01:00:00,949.0,841.0,1155.0,1393.0,954.0,,,6.6,,,18.6,39.3,0.8355
2004-05-27 02:00:00,846.0,687.0,1295.0,1288.0,726.0,,,3.6,,,18.6,38.8,0.8228
2004-05-27 03:00:00,811.0,606.0,1417.0,1248.0,656.0,,,2.3,,,19.0,38.9,0.8468
2004-05-27 04:00:00,803.0,586.0,1442.0,1232.0,573.0,,,2.0,,,18.0,40.9,0.8394
2004-05-27 05:00:00,882.0,715.0,1246.0,1367.0,780.0,,,4.1,,,15.5,48.6,0.8505
2004-05-27 06:00:00,963.0,836.0,1085.0,1429.0,920.0,,,6.5,,,16.0,47.9,0.8659
2004-05-27 07:00:00,1413.0,1424.0,739.0,2102.0,1544.0,,,24.8,,,17.0,46.0,0.883
2004-05-27 08:00:00,1485.0,1650.0,632.0,2337.0,1789.0,,,34.4,,,19.0,41.6,0.9039
2004-05-27 09:00:00,1354.0,1418.0,749.0,2043.0,1629.0,,,24.5,,,21.8,35.0,0.9002
2004-05-27 10:00:00,1074.0,939.0,1071.0,1513.0,997.0,,,9.0,,,25.6,28.0,0.9088
2004-05-27 11:00:00,1022.0,914.0,1132.0,1446.0,847.0,,,8.4,,,26.4,23.1,0.7853
2004-05-27 12:00:00,1100.0,1034.0,995.0,1586.0,958.0,,,11.5,,,27.1,24.2,0.856
2004-05-27 13:00:00,1073.0,1052.0,1009.0,1574.0,854.0,,,12.1,,,27.5,20.9,0.7565
2004-05-27 14:00:00,1049.0,983.0,1071.0,1515.0,782.0,,,10.1,,,29.5,19.7,0.8015
2004-05-27 15:00:00,1086.0,1048.0,1016.0,1580.0,888.0,,,11.9,,,30.6,18.6,0.8014
2004-05-27 16:00:00,1059.0,1027.0,1066.0,1521.0,764.0,,,11.3,,,31.3,15.8,0.7106
2004-05-27 17:00:00,1244.0,1301.0,842.0,1801.0,1170.0,,,20.2,,,29.4,21.0,0.8452
2004-05-27 18:00:00,1320.0,1423.0,767.0,1986.0,1385.0,,,24.8,,,27.0,23.5,0.8256
2004-05-27 19:00:00,1236.0,1304.0,822.0,1868.0,1237.0,,,20.3,,,25.8,26.7,0.8758
2004-05-27 20:00:00,1136.0,1187.0,904.0,1735.0,1127.0,,,16.2,,,23.7,28.4,0.8225
2004-05-27 21:00:00,1110.0,1093.0,961.0,1661.0,1091.0,,,13.3,,,21.3,33.0,0.8284
2004-05-27 22:00:00,1026.0,990.0,1032.0,1553.0,972.0,,,10.3,,,20.5,35.3,0.8435
2004-05-27 23:00:00,1038.0,961.0,1026.0,1530.0,949.0,,,9.6,,,19.4,38.1,0.8511
2004-05-28 00:00:00,975.0,892.0,1015.0,1480.0,890.0,,,7.8,,,19.4,40.7,0.9045
2004-05-28 01:00:00,908.0,814.0,1089.0,1403.0,763.0,,,6.1,,,17.8,44.9,0.903
2004-05-28 02:00:00,896.0,820.0,1074.0,1439.0,833.0,,,6.2,,,16.6,49.7,0.9295
2004-05-28 03:00:00,810.0,697.0,1221.0,1321.0,675.0,,,3.8,,,16.5,48.6,0.9028
2004-05-28 04:00:00,789.0,638.0,1305.0,1309.0,672.0,,,2.8,,,15.2,53.6,0.919
2004-05-28 05:00:00,814.0,678.0,1276.0,1339.0,626.0,,,3.4,,,15.5,51.7,0.9019
2004-05-28 06:00:00,958.0,907.0,992.0,1536.0,882.0,,,8.2,,,14.9,54.8,0.9247
2004-05-28 07:00:00,1213.0,1274.0,762.0,1914.0,1264.0,,,19.2,,,16.3,51.3,0.9416
2004-05-28 08:00:00,1221.0,1367.0,722.0,2008.0,1330.0,,,22.6,,,18.4,45.7,0.9559
2004-05-28 09:00:00,1245.0,1281.0,774.0,1952.0,1324.0,,,19.4,,,20.8,43.6,1.0614
2004-05-28 10:00:00,1050.0,963.0,998.0,1609.0,901.0,,,9.6,,,24.3,35.1,1.0477
2004-05-28 11:00:00,1048.0,969.0,1012.0,1600.0,852.0,,,9.8,,,26.4,29.3,0.9889
2004-05-28 12:00:00,1141.0,1128.0,902.0,1738.0,1009.0,,,14.4,,,28.3,25.0,0.9495
2004-05-28 13:00:00,1052.0,1053.0,949.0,1641.0,831.0,,,12.1,,,28.9,23.7,0.9285
2004-05-28 14:00:00,1152.0,1099.0,908.0,1706.0,954.0,,,13.5,,,28.5,25.8,0.9931
2004-05-28 15:00:00,1026.0,1061.0,982.0,1564.0,814.0,1.7,,12.3,133.0,115.0,29.6,18.9,0.7692
2004-05-28 16:00:00,1039.0,1055.0,966.0,1590.0,845.0,1.7,,12.2,131.0,117.0,28.0,23.2,0.8613
2004-05-28 17:00:00,1148.0,1067.0,887.0,1790.0,956.0,2.1,,12.5,133.0,105.0,23.6,41.0,1.1786
2004-05-28 18:00:00,1176.0,1114.0,843.0,1805.0,1102.0,2.2,,13.9,141.0,114.0,21.5,48.1,1.2148
2004-05-28 19:00:00,1100.0,1028.0,900.0,1710.0,994.0,1.8,,11.4,112.0,103.0,22.1,44.1,1.1573
2004-05-28 20:00:00,1081.0,992.0,959.0,1680.0,935.0,1.8,,10.4,147.0,119.0,20.2,47.2,1.1043
2004-05-28 21:00:00,976.0,858.0,1070.0,1547.0,839.0,0.9,,7.0,104.0,102.0,20.0,47.6,1.103
2004-05-28 22:00:00,979.0,857.0,1082.0,1546.0,797.0,1.0,,7.0,97.0,96.0,19.8,46.8,1.0697
2004-05-28 23:00:00,1092.0,1024.0,937.0,1706.0,968.0,2.0,,11.3,128.0,109.0,19.6,47.0,1.0606
2004-05-29 00:00:00,1044.0,946.0,1009.0,1594.0,886.0,1.8,,9.2,138.0,119.0,19.3,46.3,1.0279
2004-05-29 01:00:00,940.0,849.0,1091.0,1509.0,764.0,1.1,,6.8,93.0,103.0,18.5,48.7,1.0286
2004-05-29 02:00:00,892.0,767.0,1180.0,1466.0,657.0,0.6,,5.1,71.0,84.0,18.0,51.4,1.0504
2004-05-29 03:00:00,838.0,675.0,1302.0,1390.0,540.0,0.3,,3.4,,,17.9,50.8,1.0355
2004-05-29 04:00:00,853.0,727.0,1179.0,1417.0,621.0,,,4.3,44.0,59.0,17.7,51.9,1.0379
2004-05-29 05:00:00,738.0,545.0,1562.0,1266.0,450.0,,,1.5,18.0,29.0,17.7,49.7,0.997
2004-05-29 06:00:00,762.0,581.0,1588.0,1277.0,434.0,0.1,,2.0,41.0,45.0,17.9,46.1,0.9383
2004-05-29 07:00:00,841.0,713.0,1293.0,1356.0,559.0,0.5,,4.0,84.0,80.0,18.4,43.9,0.9192
2004-05-29 08:00:00,843.0,712.0,1303.0,1343.0,548.0,0.6,,4.0,77.0,77.0,18.9,42.1,0.9081
2004-05-29 09:00:00,841.0,713.0,1326.0,1330.0,525.0,0.5,,4.0,73.0,68.0,19.2,39.7,0.8728
2004-05-29 10:00:00,862.0,721.0,1329.0,1335.0,522.0,0.7,,4.2,72.0,66.0,20.8,36.6,0.8878
2004-05-29 11:00:00,869.0,740.0,1296.0,1366.0,535.0,0.7,,4.5,77.0,70.0,21.3,35.8,0.8975
2004-05-29 12:00:00,894.0,810.0,1204.0,1421.0,585.0,0.9,,6.0,82.0,74.0,21.8,34.9,0.9004
2004-05-29 13:00:00,844.0,755.0,1284.0,1350.0,521.0,0.7,,4.8,67.0,64.0,22.8,31.4,0.8615
2004-05-29 14:00:00,823.0,699.0,1382.0,1311.0,493.0,0.4,,3.8,59.0,60.0,22.9,31.3,0.862
2004-05-29 15:00:00,843.0,719.0,1353.0,1330.0,501.0,0.5,,4.2,61.0,63.0,22.9,30.7,0.8461
2004-05-29 16:00:00,865.0,767.0,1279.0,1369.0,559.0,0.6,,5.1,76.0,75.0,23.8,29.2,0.8499
2004-05-29 17:00:00,873.0,792.0,1247.0,1397.0,589.0,0.6,,5.6,73.0,79.0,23.2,30.2,0.8442
2004-05-29 18:00:00,899.0,803.0,1221.0,1426.0,596.0,0.8,,5.8,87.0,83.0,22.4,31.3,0.8365
2004-05-29 19:00:00,921.0,856.0,1163.0,1437.0,681.0,1.0,,7.0,98.0,93.0,21.7,32.2,0.825
2004-05-29 20:00:00,937.0,893.0,1106.0,1463.0,783.0,1.2,,7.9,123.0,112.0,20.8,33.2,0.8061
2004-05-29 21:00:00,901.0,834.0,1177.0,1408.0,738.0,1.0,,6.5,102.0,103.0,20.1,35.0,0.8149
2004-05-29 22:00:00,955.0,918.0,1056.0,1511.0,762.0,1.3,,8.5,102.0,93.0,19.5,36.9,0.8258
2004-05-29 23:00:00,1065.0,1106.0,897.0,1707.0,929.0,2.7,,13.7,142.0,112.0,19.0,38.2,0.8327
2004-05-30 00:00:00,1035.0,1110.0,907.0,1652.0,1044.0,2.7,,13.8,148.0,125.0,18.5,39.4,0.832
2004-05-30 01:00:00,956.0,945.0,1030.0,1509.0,892.0,1.6,,9.1,107.0,107.0,17.8,41.7,0.844
2004-05-30 02:00:00,869.0,835.0,1078.0,1437.0,807.0,0.6,,6.5,61.0,76.0,19.2,42.0,0.9248
2004-05-30 03:00:00,831.0,822.0,1085.0,1418.0,710.0,0.3,,6.2,,,17.8,44.8,0.9048
2004-05-30 04:00:00,815.0,774.0,1113.0,1374.0,712.0,,,5.2,43.0,55.0,17.0,47.7,0.9185
2004-05-30 05:00:00,781.0,661.0,1271.0,1299.0,568.0,0.1,,3.1,25.0,37.0,17.2,47.2,0.9178
2004-05-30 06:00:00,781.0,645.0,1295.0,1320.0,575.0,0.1,,2.9,32.0,45.0,17.3,47.6,0.9295
2004-05-30 07:00:00,828.0,690.0,1263.0,1353.0,658.0,0.2,,3.6,48.0,61.0,18.6,44.2,0.9385
2004-05-30 08:00:00,803.0,635.0,1417.0,1272.0,537.0,0.3,,2.7,60.0,67.0,20.2,37.8,0.8837
2004-05-30 09:00:00,811.0,653.0,1411.0,1269.0,486.0,0.3,,3.0,52.0,60.0,22.0,31.9,0.8335
2004-05-30 10:00:00,844.0,696.0,1353.0,1292.0,507.0,0.4,,3.7,58.0,64.0,25.5,25.9,0.8339
2004-05-30 11:00:00,833.0,697.0,1361.0,1294.0,496.0,0.3,,3.8,54.0,64.0,27.5,22.8,0.8249
2004-05-30 12:00:00,832.0,719.0,1318.0,1299.0,502.0,0.3,,4.2,52.0,59.0,28.7,20.7,0.8024
2004-05-30 13:00:00,771.0,626.0,1502.0,1210.0,430.0,0.1,,2.6,34.0,41.0,29.1,19.6,0.7771
2004-05-30 14:00:00,783.0,637.0,1498.0,1215.0,439.0,0.1,,2.8,41.0,46.0,29.8,18.4,0.7595
2004-05-30 15:00:00,815.0,723.0,1378.0,1256.0,471.0,0.2,,4.2,41.0,46.0,32.0,15.0,0.7028
2004-05-30 16:00:00,912.0,819.0,1224.0,1368.0,589.0,0.6,,6.2,65.0,77.0,30.3,17.0,0.7232
2004-05-30 17:00:00,894.0,774.0,1239.0,1339.0,598.0,0.5,,5.2,65.0,83.0,31.7,16.2,0.745
2004-05-30 18:00:00,963.0,885.0,1102.0,1447.0,695.0,0.9,,7.7,84.0,90.0,29.2,19.6,0.7817
2004-05-30 19:00:00,990.0,930.0,1045.0,1506.0,739.0,1.1,,8.8,89.0,95.0,27.4,23.8,0.858
2004-05-30 20:00:00,1025.0,980.0,986.0,1591.0,891.0,1.3,,10.1,114.0,113.0,25.0,26.9,0.8408
2004-05-30 21:00:00,997.0,971.0,993.0,1573.0,930.0,1.5,,9.8,127.0,128.0,23.6,30.1,0.8663
2004-05-30 22:00:00,976.0,916.0,1044.0,1515.0,880.0,1.2,,8.4,117.0,117.0,22.3,33.6,0.8913
2004-05-30 23:00:00,878.0,784.0,1181.0,1407.0,610.0,0.4,,5.4,46.0,64.0,21.4,36.9,0.9271
2004-05-31 00:00:00,836.0,728.0,1213.0,1353.0,518.0,0.2,,4.3,16.0,28.0,20.6,39.9,0.9597
2004-05-31 01:00:00,855.0,751.0,1107.0,1418.0,664.0,0.3,,4.8,27.0,46.0,19.7,43.2,0.9812
2004-05-31 02:00:00,759.0,588.0,1323.0,1286.0,515.0,,,2.1,4.0,8.0,19.7,42.4,0.9636
2004-05-31 03:00:00,738.0,539.0,1421.0,1257.0,477.0,,,1.4,,,18.9,45.0,0.9703
2004-05-31 04:00:00,736.0,528.0,1451.0,1254.0,477.0,,,1.3,19.0,32.0,18.7,45.4,0.9694
2004-05-31 05:00:00,765.0,609.0,1304.0,1319.0,581.0,,,2.3,48.0,57.0,16.4,52.4,0.9709
2004-05-31 06:00:00,909.0,834.0,1031.0,1527.0,763.0,0.5,,6.5,82.0,60.0,16.6,52.1,0.9785
2004-05-31 07:00:00,1108.0,1123.0,804.0,1801.0,1111.0,1.6,,14.2,167.0,83.0,17.4,50.9,1.0017
2004-05-31 08:00:00,1252.0,1369.0,681.0,2120.0,1390.0,3.6,,22.7,248.0,129.0,19.3,46.0,1.0185
2004-05-31 09:00:00,1175.0,1188.0,790.0,1901.0,1251.0,2.2,,16.3,213.0,137.0,20.9,43.6,1.0683
2004-05-31 10:00:00,1111.0,1120.0,839.0,1790.0,1141.0,1.6,,14.1,161.0,121.0,25.6,33.3,1.0773
2004-05-31 11:00:00,1044.0,1069.0,889.0,1683.0,942.0,1.4,,12.6,144.0,123.0,28.9,26.0,1.0188
2004-05-31 12:00:00,1018.0,1088.0,909.0,1677.0,795.0,1.4,,13.1,127.0,120.0,30.3,22.8,0.9695
2004-05-31 13:00:00,1060.0,1122.0,863.0,1721.0,836.0,1.5,,14.2,116.0,119.0,30.9,24.4,1.0724
2004-05-31 14:00:00,1071.0,1110.0,864.0,1733.0,847.0,1.3,,13.8,124.0,121.0,30.5,26.2,1.1278
2004-05-31 15:00:00,1006.0,1054.0,921.0,1636.0,769.0,1.2,,12.1,115.0,111.0,30.7,23.4,1.015
2004-05-31 16:00:00,1104.0,1171.0,827.0,1803.0,968.0,1.8,,15.7,150.0,128.0,28.1,29.8,1.1132
2004-05-31 17:00:00,1196.0,1336.0,739.0,1971.0,1157.0,3.0,,21.4,221.0,159.0,26.9,32.2,1.1267
2004-05-31 18:00:00,1243.0,1429.0,687.0,2093.0,1367.0,3.5,,25.0,227.0,161.0,26.0,34.6,1.1485
2004-05-31 19:00:00,1124.0,1199.0,794.0,1858.0,1101.0,2.4,,16.6,156.0,116.0,24.5,37.7,1.1454
2004-05-31 20:00:00,1020.0,1003.0,904.0,1716.0,916.0,1.1,,10.7,97.0,96.0,21.7,46.9,1.2044
2004-05-31 21:00:00,1035.0,878.0,977.0,1694.0,825.0,0.8,,7.5,78.0,69.0,19.3,68.8,1.519
2004-05-31 22:00:00,986.0,781.0,1063.0,1633.0,693.0,0.4,,5.3,60.0,58.0,17.6,81.6,1.6296
2004-05-31 23:00:00,1017.0,834.0,986.0,1676.0,734.0,0.6,,6.5,61.0,59.0,17.8,80.3,1.6212
2004-06-01 00:00:00,922.0,750.0,1085.0,1585.0,685.0,0.3,,4.7,46.0,45.0,18.6,75.7,1.6074
2004-06-01 01:00:00,830.0,644.0,1235.0,1487.0,524.0,,,2.9,17.0,23.0,19.6,68.4,1.5443
2004-06-01 02:00:00,805.0,583.0,1339.0,1494.0,527.0,,,2.0,18.0,26.0,18.0,76.4,1.5608
2004-06-01 03:00:00,760.0,505.0,1527.0,1413.0,452.0,,,1.1,,,17.3,77.2,1.5104
2004-06-01 04:00:00,783.0,529.0,1437.0,1435.0,466.0,,,1.3,16.0,24.0,16.5,82.3,1.5318
2004-06-01 05:00:00,854.0,613.0,1272.0,1515.0,565.0,0.1,,2.4,39.0,41.0,16.8,81.3,1.5452
2004-06-01 06:00:00,985.0,816.0,987.0,1677.0,799.0,0.3,,6.1,107.0,65.0,17.3,78.6,1.5412
2004-06-01 07:00:00,1225.0,1067.0,760.0,1922.0,1102.0,1.4,,12.5,190.0,94.0,16.9,80.9,1.5472
2004-06-01 08:00:00,1313.0,1283.0,671.0,2180.0,1299.0,2.7,,19.5,236.0,100.0,17.1,79.8,1.542
2004-06-01 09:00:00,1199.0,1156.0,758.0,1958.0,1272.0,2.3,,15.2,227.0,103.0,18.5,70.3,1.4826
2004-06-01 10:00:00,1182.0,1051.0,829.0,1870.0,1206.0,1.8,,12.0,211.0,89.0,19.6,66.7,1.5023
2004-06-01 11:00:00,1173.0,1063.0,814.0,1905.0,1218.0,1.6,,12.4,201.0,86.0,20.4,63.1,1.4969
2004-06-01 12:00:00,1259.0,1178.0,722.0,2060.0,1367.0,1.9,,15.9,191.0,89.0,21.6,61.8,1.5775
2004-06-01 13:00:00,1263.0,1171.0,759.0,2029.0,1290.0,2.5,,15.7,192.0,88.0,24.0,49.3,1.4509
2004-06-01 14:00:00,1156.0,1100.0,800.0,1884.0,1175.0,1.6,,13.5,143.0,73.0,25.7,43.8,1.4262
2004-06-01 15:00:00,1167.0,1065.0,808.0,1886.0,1139.0,1.5,,12.4,148.0,78.0,24.6,47.5,1.4487
2004-06-01 16:00:00,1278.0,1213.0,733.0,2041.0,1293.0,2.5,,17.1,183.0,95.0,24.8,47.4,1.4628
2004-06-01 17:00:00,1342.0,1351.0,657.0,2201.0,1419.0,3.6,,22.0,216.0,109.0,23.7,50.5,1.4636
2004-06-01 18:00:00,1353.0,1292.0,683.0,2178.0,1326.0,3.5,,19.9,184.0,95.0,23.0,53.8,1.4968
2004-06-01 19:00:00,1501.0,1501.0,588.0,2486.0,1517.0,4.8,,27.9,248.0,101.0,21.5,65.8,1.6688
2004-06-01 20:00:00,1355.0,1289.0,678.0,2158.0,1391.0,3.7,,19.7,221.0,88.0,21.0,66.9,1.6436
2004-06-01 21:00:00,1230.0,1169.0,737.0,2020.0,1275.0,2.1,,15.7,159.0,77.0,20.6,68.1,1.6329
2004-06-01 22:00:00,1148.0,1048.0,822.0,1883.0,1168.0,1.6,,12.0,136.0,75.0,20.5,66.9,1.5914
2004-06-01 23:00:00,1171.0,1088.0,822.0,1889.0,1132.0,2.2,,13.1,168.0,81.0,20.2,65.2,1.5251
2004-06-02 00:00:00,1021.0,949.0,927.0,1764.0,977.0,0.8,,9.2,95.0,57.0,19.5,68.0,1.5269
2004-06-02 01:00:00,964.0,877.0,958.0,1692.0,942.0,,,7.5,70.0,49.0,19.9,66.4,1.5203
2004-06-02 02:00:00,887.0,758.0,1094.0,1622.0,804.0,,,4.9,43.0,38.0,19.1,69.0,1.5043
2004-06-02 03:00:00,885.0,773.0,1051.0,1641.0,805.0,,,5.2,,,18.5,70.7,1.4962
2004-06-02 04:00:00,830.0,662.0,1217.0,1556.0,704.0,,,3.2,30.0,31.0,18.9,67.8,1.4689
2004-06-02 05:00:00,792.0,611.0,1280.0,1529.0,657.0,,,2.4,22.0,23.0,20.0,63.7,1.4742
2004-06-02 06:00:00,813.0,639.0,1267.0,1538.0,655.0,,,2.8,25.0,22.0,19.8,64.7,1.4769
2004-06-02 07:00:00,890.0,703.0,1145.0,1601.0,751.0,,,3.9,48.0,33.0,19.7,65.3,1.4843
2004-06-02 08:00:00,984.0,854.0,964.0,1751.0,885.0,,,6.9,73.0,43.0,20.8,62.0,1.5002
2004-06-02 09:00:00,1043.0,920.0,925.0,1777.0,955.0,,,8.5,95.0,53.0,22.2,56.6,1.4973
2004-06-02 10:00:00,1054.0,936.0,915.0,1791.0,962.0,,,8.9,86.0,54.0,24.3,49.0,1.4724
2004-06-02 11:00:00,1063.0,930.0,925.0,1749.0,957.0,,,8.8,102.0,62.0,25.0,46.5,1.4492
2004-06-02 12:00:00,978.0,873.0,1003.0,1669.0,788.0,,,7.4,80.0,53.0,28.9,34.8,1.3603
2004-06-02 13:00:00,887.0,748.0,1141.0,1560.0,596.0,,,4.7,36.0,34.0,29.6,33.4,1.3581
2004-06-02 14:00:00,887.0,754.0,1164.0,1523.0,560.0,,,4.8,32.0,30.0,30.9,30.7,1.3493
2004-06-02 15:00:00,977.0,850.0,1035.0,1645.0,701.0,,,6.8,46.0,37.0,31.8,31.0,1.4286
2004-06-02 16:00:00,1043.0,934.0,929.0,1707.0,811.0,,,8.9,61.0,47.0,31.4,31.2,1.4127
2004-06-02 17:00:00,1010.0,902.0,966.0,1676.0,724.0,,,8.1,59.0,44.0,28.9,35.7,1.3985
2004-06-02 18:00:00,1094.0,996.0,876.0,1807.0,864.0,,,10.5,76.0,53.0,27.2,42.5,1.5135
2004-06-02 19:00:00,1223.0,1142.0,778.0,1965.0,1084.0,,,14.8,145.0,88.0,26.2,46.4,1.5573
2004-06-02 20:00:00,1109.0,1042.0,834.0,1888.0,998.0,,,11.8,140.0,95.0,24.5,51.0,1.5454
2004-06-02 21:00:00,1026.0,927.0,915.0,1781.0,878.0,,,8.7,102.0,82.0,22.8,56.1,1.5353
2004-06-02 22:00:00,1036.0,928.0,914.0,1787.0,909.0,,,8.7,89.0,59.0,21.9,60.9,1.5799
2004-06-02 23:00:00,963.0,853.0,995.0,1732.0,789.0,,,6.9,62.0,43.0,21.7,61.0,1.5617
2004-06-03 00:00:00,996.0,868.0,957.0,1741.0,857.0,,,7.3,69.0,51.0,20.8,64.8,1.568
2004-06-03 01:00:00,999.0,853.0,951.0,1756.0,885.0,,,6.9,63.0,49.0,20.3,70.9,1.6699
2004-06-03 02:00:00,893.0,741.0,1056.0,1664.0,743.0,,,4.6,31.0,36.0,18.9,79.0,1.704
2004-06-03 03:00:00,730.0,530.0,1517.0,1362.0,445.0,,,1.3,,,18.1,64.6,1.3276
2004-06-03 04:00:00,753.0,562.0,1420.0,1414.0,454.0,,,1.7,17.0,24.0,18.6,64.5,1.3655
2004-06-03 05:00:00,825.0,663.0,1203.0,1504.0,610.0,,,3.2,61.0,58.0,17.6,67.4,1.346
2004-06-03 06:00:00,1012.0,982.0,882.0,1796.0,1024.0,,,10.1,184.0,73.0,17.6,67.6,1.3479
2004-06-03 07:00:00,1221.0,1293.0,688.0,2144.0,1316.0,,,19.9,248.0,74.0,19.0,61.7,1.3393
2004-06-03 08:00:00,1215.0,1303.0,694.0,2180.0,1358.0,,,20.2,220.0,97.0,20.0,57.4,1.3268
2004-06-03 09:00:00,1234.0,1318.0,714.0,2108.0,2202.0,,,20.8,243.0,108.0,22.6,45.9,1.2418
2004-06-03 10:00:00,1138.0,1152.0,798.0,1877.0,1947.0,,,15.1,164.0,93.0,27.3,34.3,1.2284
2004-06-03 11:00:00,987.0,1009.0,914.0,1697.0,1227.0,,,10.9,,,27.4,31.0,1.1184
2004-06-03 12:00:00,980.0,1019.0,921.0,1720.0,950.0,,,11.1,,,26.2,33.6,1.1244
2004-06-03 13:00:00,966.0,1054.0,885.0,1742.0,917.0,,,12.1,,,26.8,32.4,1.1263
2004-06-03 14:00:00,905.0,923.0,1025.0,1582.0,707.0,,,8.6,,,28.7,27.7,1.071
2004-06-03 15:00:00,903.0,968.0,992.0,1565.0,740.0,,,9.7,,,28.7,25.0,0.9684
2004-06-03 16:00:00,914.0,1014.0,988.0,1597.0,775.0,,,11.0,,,29.1,22.3,0.8811
2004-06-03 17:00:00,1050.0,1199.0,849.0,1781.0,1035.0,,,16.6,,,29.0,24.5,0.9655
2004-06-03 18:00:00,1043.0,1139.0,876.0,1756.0,1001.0,,,14.7,,,27.2,28.3,1.0016
2004-06-03 19:00:00,1125.0,1283.0,792.0,1899.0,1101.0,,,19.5,,,25.3,30.0,0.952
2004-06-03 20:00:00,1058.0,1134.0,855.0,1797.0,1034.0,,,14.5,,,24.1,34.8,1.0333
2004-06-03 21:00:00,951.0,892.0,1015.0,1611.0,786.0,,,7.8,,,23.0,43.1,1.1993
2004-06-03 22:00:00,944.0,891.0,1016.0,1593.0,844.0,,,7.8,,,22.1,43.9,1.1521
2004-06-03 23:00:00,959.0,892.0,996.0,1616.0,866.0,,,7.8,,,21.0,48.1,1.178
2004-06-04 00:00:00,974.0,919.0,976.0,1638.0,909.0,,,8.5,,,20.6,49.2,1.1754
2004-06-04 01:00:00,880.0,799.0,1097.0,1533.0,724.0,,,5.7,,,21.2,47.6,1.1799
2004-06-04 02:00:00,853.0,740.0,1146.0,1526.0,715.0,,,4.5,,,21.0,50.1,1.2338
2004-06-04 03:00:00,912.0,795.0,1042.0,1564.0,827.0,,,5.6,,,20.1,53.1,1.2342
2004-06-04 04:00:00,863.0,745.0,1098.0,1496.0,786.0,,,4.6,,,19.0,54.0,1.1745
2004-06-04 05:00:00,729.0,520.0,1570.0,1318.0,445.0,,,1.2,,,19.2,51.1,1.124
2004-06-04 06:00:00,830.0,674.0,1246.0,1459.0,607.0,,,3.4,,,19.2,53.1,1.1662
2004-06-04 07:00:00,1198.0,1209.0,779.0,2058.0,1213.0,,,17.0,,,20.6,49.0,1.1748
2004-06-04 08:00:00,971.0,977.0,921.0,1667.0,910.0,,,10.0,,,21.8,41.9,1.077
2004-06-04 09:00:00,885.0,812.0,1100.0,1495.0,675.0,,,6.0,,,22.8,37.6,1.0315
2004-06-04 10:00:00,862.0,798.0,1148.0,1456.0,582.0,,,5.7,,,24.8,31.3,0.9646
2004-06-04 11:00:00,892.0,853.0,1080.0,1509.0,666.0,,,6.9,,,26.0,29.4,0.976
2004-06-04 12:00:00,933.0,960.0,994.0,1577.0,726.0,,,9.5,,,27.0,27.8,0.9731
2004-06-04 13:00:00,975.0,1017.0,930.0,1668.0,801.0,,,11.1,,,27.0,29.3,1.0277
2004-06-04 14:00:00,927.0,905.0,1016.0,1554.0,711.0,,,8.1,,,27.0,29.6,1.0419
2004-06-04 15:00:00,993.0,985.0,950.0,1680.0,790.0,,,10.2,,,25.8,32.6,1.072
2004-06-04 16:00:00,1053.0,1093.0,873.0,1749.0,924.0,2.7,,13.3,,,26.2,32.6,1.0892
2004-06-04 17:00:00,1116.0,1198.0,811.0,1863.0,1045.0,3.6,,16.6,,,28.3,27.5,1.0418
2004-06-04 18:00:00,1097.0,1206.0,813.0,1867.0,1088.0,3.3,,16.9,,,26.5,29.7,1.0123
2004-06-04 19:00:00,1116.0,1226.0,792.0,1938.0,1038.0,3.6,,17.5,,,25.7,31.8,1.0317
2004-06-04 20:00:00,1057.0,1087.0,871.0,1769.0,981.0,2.9,,13.1,,,24.4,35.2,1.0632
2004-06-04 21:00:00,973.0,949.0,987.0,1615.0,820.0,1.9,,9.2,,,23.5,36.9,1.0518
2004-06-04 22:00:00,1016.0,977.0,951.0,1652.0,948.0,2.0,,10.0,,,22.4,41.0,1.1006
2004-06-04 23:00:00,1120.0,1088.0,849.0,1785.0,1067.0,2.9,,13.1,,,21.7,44.7,1.1451
2004-06-05 00:00:00,1076.0,1080.0,846.0,1787.0,1070.0,2.7,,12.9,,,21.1,48.1,1.1864
2004-06-05 01:00:00,937.0,890.0,970.0,1625.0,877.0,1.5,,7.8,,,20.7,50.0,1.203
2004-06-05 02:00:00,980.0,948.0,888.0,1702.0,1028.0,1.6,,9.2,,,19.8,53.1,1.2093
2004-06-05 03:00:00,937.0,853.0,962.0,1604.0,969.0,1.3,,6.9,,,19.8,53.6,1.2214
2004-06-05 04:00:00,852.0,739.0,1095.0,1525.0,837.0,0.7,,4.5,37.0,63.0,19.6,54.8,1.236
2004-06-05 05:00:00,858.0,757.0,1066.0,1542.0,904.0,0.7,,4.9,57.0,71.0,19.3,57.3,1.265
2004-06-05 06:00:00,963.0,894.0,942.0,1702.0,1065.0,1.2,,7.9,131.0,91.0,19.7,58.4,1.3254
2004-06-05 07:00:00,966.0,874.0,969.0,1682.0,999.0,1.5,,7.4,171.0,95.0,19.8,59.4,1.3554
2004-06-05 08:00:00,983.0,901.0,954.0,1691.0,986.0,1.5,,8.0,187.0,96.0,20.9,54.8,1.3387
2004-06-05 09:00:00,990.0,881.0,985.0,1685.0,874.0,1.6,,7.6,133.0,81.0,22.4,47.9,1.2817
2004-06-05 10:00:00,891.0,780.0,1110.0,1543.0,689.0,1.1,,5.3,87.0,68.0,24.1,41.3,1.2202
2004-06-05 11:00:00,883.0,778.0,1130.0,1545.0,608.0,1.1,,5.3,61.0,57.0,25.9,36.9,1.2133
2004-06-05 12:00:00,914.0,900.0,1010.0,1596.0,706.0,1.4,,8.0,86.0,68.0,30.7,26.0,1.1287
2004-06-05 13:00:00,896.0,917.0,1017.0,1577.0,704.0,1.4,,8.4,83.0,72.0,30.3,25.2,1.0652
2004-06-05 14:00:00,841.0,811.0,1135.0,1463.0,609.0,1.0,,6.0,61.0,62.0,30.1,25.4,1.0641
2004-06-05 15:00:00,926.0,868.0,1048.0,1599.0,687.0,1.3,,7.3,80.0,75.0,27.6,35.1,1.2764
2004-06-05 16:00:00,1133.0,984.0,838.0,1897.0,976.0,1.9,,10.2,110.0,92.0,26.6,47.6,1.6315
2004-06-05 17:00:00,1042.0,939.0,917.0,1744.0,860.0,1.7,,9.0,108.0,89.0,30.4,31.3,1.3331
2004-06-05 18:00:00,1124.0,1118.0,793.0,1915.0,1021.0,2.3,,14.0,134.0,105.0,27.8,35.0,1.282
2004-06-05 19:00:00,1157.0,1183.0,738.0,1970.0,1079.0,2.4,,16.1,133.0,111.0,26.6,37.9,1.2994
2004-06-05 20:00:00,989.0,906.0,954.0,1681.0,826.0,1.8,,8.2,118.0,102.0,23.4,44.4,1.2646
2004-06-05 21:00:00,841.0,699.0,1123.0,1508.0,558.0,0.6,,3.8,17.0,30.0,23.0,51.1,1.4175
2004-06-05 22:00:00,916.0,791.0,1007.0,1588.0,679.0,0.8,,5.6,26.0,43.0,22.1,53.5,1.4087
2004-06-05 23:00:00,1008.0,900.0,907.0,1681.0,850.0,1.7,,8.0,55.0,67.0,21.6,53.6,1.3674
2004-06-06 00:00:00,895.0,792.0,975.0,1574.0,733.0,1.1,,5.6,39.0,58.0,21.9,52.7,1.365
2004-06-06 01:00:00,810.0,702.0,1093.0,1529.0,612.0,0.6,,3.8,15.0,24.0,21.3,54.9,1.3707
2004-06-06 02:00:00,968.0,840.0,891.0,1727.0,788.0,1.1,,6.6,47.0,58.0,17.5,79.1,1.5709
2004-06-06 03:00:00,922.0,859.0,871.0,1739.0,728.0,1.1,,7.0,,,17.6,78.6,1.5722
2004-06-06 04:00:00,892.0,773.0,926.0,1660.0,724.0,1.0,,5.2,49.0,62.0,17.1,81.8,1.5816
2004-06-06 05:00:00,806.0,615.0,1172.0,1525.0,543.0,0.5,,2.4,21.0,34.0,16.6,80.2,1.5002
2004-06-06 06:00:00,827.0,659.0,1115.0,1552.0,616.0,0.7,,3.1,33.0,46.0,16.8,77.4,1.4739
2004-06-06 07:00:00,881.0,776.0,1037.0,1623.0,677.0,1.0,,5.2,63.0,62.0,18.3,66.5,1.381
2004-06-06 08:00:00,877.0,808.0,1011.0,1614.0,723.0,1.2,,5.9,73.0,70.0,20.4,55.8,1.3196
2004-06-06 09:00:00,784.0,638.0,1314.0,1412.0,529.0,0.7,,2.8,51.0,54.0,21.6,45.3,1.1533
2004-06-06 10:00:00,806.0,675.0,1270.0,1414.0,528.0,0.9,,3.4,61.0,61.0,23.1,39.4,1.0983
2004-06-06 11:00:00,775.0,653.0,1349.0,1365.0,491.0,0.8,,3.0,52.0,53.0,25.4,31.6,1.0058
2004-06-06 12:00:00,773.0,676.0,1331.0,1374.0,489.0,0.8,,3.4,49.0,49.0,26.6,29.0,0.9928
2004-06-06 13:00:00,734.0,603.0,1471.0,1303.0,450.0,0.5,,2.3,40.0,48.0,25.9,28.8,0.9475
2004-06-06 14:00:00,757.0,635.0,1445.0,1345.0,451.0,0.5,,2.7,36.0,45.0,27.0,28.0,0.981
2004-06-06 15:00:00,817.0,688.0,1299.0,1435.0,512.0,0.7,,3.6,51.0,60.0,23.6,38.1,1.0917
2004-06-06 16:00:00,815.0,720.0,1225.0,1418.0,525.0,0.9,,4.2,56.0,59.0,25.9,32.0,1.0529
2004-06-06 17:00:00,844.0,757.0,1186.0,1445.0,556.0,1.0,,4.9,71.0,67.0,26.3,31.5,1.0643
2004-06-06 18:00:00,880.0,807.0,1123.0,1510.0,599.0,1.2,,5.9,79.0,72.0,23.9,36.8,1.0774
2004-06-06 19:00:00,906.0,838.0,1084.0,1547.0,694.0,1.3,,6.6,117.0,88.0,23.7,36.8,1.0609
2004-06-06 20:00:00,904.0,882.0,1048.0,1549.0,744.0,1.6,,7.6,127.0,94.0,22.5,37.8,1.0157
2004-06-06 21:00:00,877.0,858.0,1080.0,1535.0,724.0,1.4,,7.0,118.0,89.0,21.8,39.2,1.0115
2004-06-06 22:00:00,918.0,879.0,1030.0,1569.0,804.0,1.7,,7.5,130.0,96.0,20.9,42.6,1.04
2004-06-06 23:00:00,930.0,914.0,991.0,1631.0,862.0,1.7,,8.4,131.0,98.0,20.0,45.6,1.0555
2004-06-07 00:00:00,870.0,858.0,1061.0,1557.0,811.0,1.4,,7.0,102.0,95.0,19.3,47.9,1.059
2004-06-07 01:00:00,793.0,703.0,1222.0,1439.0,627.0,0.8,,3.9,48.0,64.0,18.7,49.0,1.0462
2004-06-07 02:00:00,760.0,626.0,1263.0,1386.0,575.0,0.4,,2.6,22.0,38.0,17.8,54.1,1.0938
2004-06-07 03:00:00,733.0,588.0,1281.0,1394.0,589.0,0.3,,2.0,,,18.6,52.7,1.1206
2004-06-07 04:00:00,726.0,591.0,1263.0,1386.0,579.0,,,2.1,22.0,34.0,17.2,57.9,1.127
2004-06-07 05:00:00,732.0,613.0,1273.0,1413.0,605.0,0.5,,2.4,44.0,40.0,18.2,54.1,1.1155
2004-06-07 06:00:00,933.0,962.0,867.0,1705.0,974.0,1.5,,9.6,167.0,76.0,17.3,57.6,1.1289
2004-06-07 07:00:00,1061.0,1162.0,777.0,1898.0,1132.0,2.6,,15.4,220.0,90.0,19.9,49.4,1.1354
2004-06-07 08:00:00,1201.0,1428.0,664.0,2249.0,1378.0,4.3,,25.0,285.0,118.0,21.7,44.2,1.1321
2004-06-07 09:00:00,1065.0,1151.0,801.0,1894.0,1160.0,3.1,,15.1,272.0,118.0,23.5,40.0,1.1386
2004-06-07 10:00:00,1075.0,1222.0,774.0,1943.0,1213.0,2.9,,17.4,238.0,122.0,28.4,29.7,1.1345
2004-06-07 11:00:00,998.0,1119.0,832.0,1780.0,1057.0,2.5,,14.1,207.0,120.0,31.6,24.1,1.0994
2004-06-07 12:00:00,922.0,1042.0,887.0,1744.0,832.0,1.9,,11.8,152.0,132.0,31.3,24.1,1.0816
2004-06-07 13:00:00,1023.0,1147.0,829.0,1842.0,983.0,2.5,,14.9,185.0,115.0,34.4,20.4,1.0857
2004-06-07 14:00:00,1039.0,1180.0,833.0,1815.0,1047.0,2.5,,16.0,184.0,127.0,33.7,21.3,1.0988
2004-06-07 15:00:00,1054.0,1195.0,815.0,1848.0,1078.0,2.8,,16.5,205.0,126.0,35.9,18.9,1.0999
2004-06-07 16:00:00,1022.0,1155.0,871.0,1840.0,979.0,2.3,,15.2,172.0,113.0,34.3,19.4,1.0279
2004-06-07 17:00:00,1082.0,1266.0,788.0,1910.0,1139.0,3.3,,18.9,227.0,124.0,33.5,19.9,1.0112
2004-06-07 18:00:00,1056.0,1268.0,786.0,1896.0,1111.0,2.8,,19.0,187.0,108.0,30.5,24.2,1.0386
2004-06-07 19:00:00,1243.0,1524.0,647.0,2281.0,1470.0,4.8,,28.9,290.0,142.0,30.3,26.2,1.1161
2004-06-07 20:00:00,1029.0,1097.0,825.0,1827.0,980.0,2.5,,13.4,155.0,125.0,27.0,36.7,1.2898
2004-06-07 21:00:00,1004.0,1011.0,867.0,1754.0,893.0,2.0,,10.9,108.0,116.0,24.6,41.9,1.2752
2004-06-07 22:00:00,979.0,937.0,919.0,1683.0,858.0,1.8,,8.9,94.0,101.0,23.3,44.5,1.2566
2004-06-07 23:00:00,972.0,919.0,934.0,1668.0,904.0,1.7,,8.5,103.0,101.0,22.4,46.9,1.2544
2004-06-08 00:00:00,942.0,846.0,980.0,1615.0,905.0,1.3,,6.7,78.0,92.0,21.7,50.8,1.3019
2004-06-08 01:00:00,825.0,720.0,1129.0,1511.0,678.0,0.7,,4.2,38.0,55.0,21.0,51.9,1.2794
2004-06-08 02:00:00,780.0,621.0,1277.0,1452.0,586.0,0.5,,2.5,26.0,42.0,20.5,54.3,1.2926
2004-06-08 03:00:00,746.0,565.0,1369.0,1423.0,608.0,0.4,,1.7,,,20.9,52.5,1.2852
2004-06-08 04:00:00,734.0,538.0,1449.0,1400.0,514.0,0.3,,1.4,19.0,30.0,21.0,53.1,1.3031
2004-06-08 05:00:00,785.0,640.0,1265.0,1467.0,588.0,0.5,,2.8,35.0,40.0,19.6,57.1,1.2851
2004-06-08 06:00:00,946.0,931.0,917.0,1745.0,884.0,1.4,,8.8,126.0,69.0,18.2,62.3,1.2903
2004-06-08 07:00:00,1201.0,1279.0,683.0,2144.0,1338.0,3.3,,19.4,309.0,100.0,19.5,57.7,1.2966
2004-06-08 08:00:00,1377.0,1688.0,525.0,2746.0,1708.0,5.8,,36.1,376.0,125.0,21.6,51.7,1.313
2004-06-08 09:00:00,1346.0,1481.0,602.0,2367.0,1681.0,5.0,,27.1,441.0,174.0,23.9,44.4,1.3029
2004-06-08 10:00:00,1230.0,1268.0,698.0,2049.0,1509.0,3.5,,19.0,309.0,171.0,28.1,35.2,1.312
2004-06-08 11:00:00,1160.0,1208.0,728.0,1925.0,1330.0,2.9,,16.9,220.0,149.0,31.4,28.6,1.298
2004-06-08 12:00:00,1146.0,1171.0,761.0,1902.0,1138.0,2.5,,15.7,168.0,124.0,33.7,25.5,1.3095
2004-06-08 13:00:00,1078.0,1121.0,818.0,1806.0,963.0,2.3,,14.1,149.0,119.0,35.9,20.8,1.2103
2004-06-08 14:00:00,1111.0,1194.0,794.0,1875.0,1015.0,2.4,,16.5,160.0,130.0,37.5,18.1,1.1529
2004-06-08 15:00:00,1083.0,1141.0,825.0,1793.0,1008.0,2.6,,14.8,177.0,143.0,37.7,17.7,1.1383
2004-06-08 16:00:00,1056.0,1083.0,865.0,1723.0,898.0,2.2,,13.0,,,37.8,17.4,1.1219
2004-06-08 17:00:00,1220.0,1334.0,695.0,2066.0,1215.0,3.5,,21.4,176.0,183.0,36.6,20.6,1.2445
2004-06-08 18:00:00,1268.0,1393.0,650.0,2144.0,1334.0,3.9,,23.6,202.0,161.0,32.5,26.0,1.2502
2004-06-08 19:00:00,1256.0,1430.0,660.0,2151.0,1380.0,4.5,,25.0,255.0,170.0,30.8,27.2,1.1832
2004-06-08 20:00:00,1213.0,1341.0,683.0,2090.0,1601.0,3.8,,21.6,210.0,143.0,28.8,30.2,1.1761
2004-06-08 21:00:00,1145.0,1170.0,751.0,1894.0,1376.0,2.8,,15.7,157.0,123.0,26.7,35.4,1.2233
2004-06-08 22:00:00,1050.0,1011.0,836.0,1739.0,1161.0,1.7,,10.9,96.0,89.0,25.3,40.7,1.291
2004-06-08 23:00:00,972.0,902.0,933.0,1647.0,878.0,1.2,,8.1,59.0,67.0,24.9,41.2,1.2809
2004-06-09 00:00:00,1020.0,984.0,853.0,1753.0,1031.0,1.6,,10.2,81.0,81.0,23.7,45.1,1.3033
2004-06-09 01:00:00,934.0,878.0,940.0,1644.0,847.0,1.0,,7.5,40.0,54.0,22.5,49.0,1.3151
2004-06-09 02:00:00,914.0,801.0,965.0,1609.0,908.0,0.9,,5.8,42.0,57.0,22.3,50.6,1.3486
2004-06-09 03:00:00,824.0,698.0,1107.0,1517.0,733.0,0.5,,3.8,,,22.0,50.5,1.3199
2004-06-09 04:00:00,817.0,672.0,1113.0,1501.0,751.0,0.5,,3.3,31.0,51.0,20.8,54.4,1.3229
2004-06-09 05:00:00,833.0,708.0,1084.0,1525.0,799.0,0.5,,4.0,54.0,58.0,20.3,56.0,1.3204
2004-06-09 06:00:00,935.0,905.0,899.0,1675.0,954.0,1.0,,8.1,88.0,69.0,20.5,54.8,1.3073
2004-06-09 07:00:00,1297.0,1359.0,630.0,2214.0,1425.0,3.5,,22.3,261.0,107.0,21.7,50.6,1.2981
2004-06-09 08:00:00,1496.0,1705.0,507.0,2691.0,2147.0,6.4,,36.9,357.0,151.0,23.4,46.1,1.3091
2004-06-09 09:00:00,1201.0,1224.0,701.0,1987.0,1532.0,2.9,,17.5,265.0,146.0,25.1,43.0,1.3488
2004-06-09 10:00:00,1267.0,1276.0,676.0,2059.0,1570.0,3.4,,19.3,247.0,165.0,30.1,32.8,1.3795
2004-06-09 11:00:00,1224.0,1228.0,711.0,1972.0,1380.0,2.8,,17.6,189.0,159.0,34.7,25.9,1.4069
2004-06-09 12:00:00,1247.0,1257.0,701.0,2000.0,1337.0,2.8,,18.6,168.0,174.0,37.2,23.2,1.4478
2004-06-09 13:00:00,1183.0,1241.0,721.0,1937.0,1308.0,2.8,,18.0,183.0,167.0,39.5,18.3,1.2917
2004-06-09 14:00:00,1078.0,1116.0,815.0,1761.0,1013.0,2.3,,14.0,157.0,137.0,40.6,15.3,1.1485
2004-06-09 15:00:00,1076.0,1012.0,894.0,1665.0,816.0,1.8,,10.9,113.0,116.0,40.3,16.1,1.1896
2004-06-09 16:00:00,1052.0,1019.0,896.0,1610.0,836.0,2.0,,11.1,140.0,125.0,40.3,14.2,1.0494
2004-06-09 17:00:00,1287.0,1340.0,699.0,2008.0,1267.0,3.5,,21.6,230.0,194.0,39.6,16.7,1.1867
2004-06-09 18:00:00,1460.0,1493.0,586.0,2288.0,1649.0,4.9,,27.6,277.0,222.0,37.3,23.4,1.4672
2004-06-09 19:00:00,1357.0,1445.0,620.0,2195.0,1622.0,4.6,,25.6,295.0,206.0,33.7,27.7,1.4213
2004-06-09 20:00:00,1234.0,1257.0,695.0,2019.0,1349.0,3.4,,18.6,212.0,162.0,30.7,32.2,1.3983
2004-06-09 21:00:00,1151.0,1154.0,747.0,1894.0,1186.0,2.7,,15.2,151.0,132.0,28.4,35.7,1.3549
2004-06-09 22:00:00,1065.0,1038.0,805.0,1763.0,1026.0,1.9,,11.7,110.0,107.0,26.5,38.6,1.3154
2004-06-09 23:00:00,984.0,929.0,917.0,1654.0,817.0,1.5,,8.7,83.0,84.0,25.4,40.1,1.2822
2004-06-10 00:00:00,938.0,881.0,956.0,1607.0,662.0,1.0,,7.6,48.0,61.0,24.1,43.3,1.2839
2004-06-10 01:00:00,878.0,774.0,1065.0,1527.0,552.0,0.7,,5.2,27.0,42.0,23.9,45.6,1.3328
2004-06-10 02:00:00,919.0,807.0,967.0,1598.0,775.0,1.0,,5.9,48.0,66.0,22.0,52.8,1.3752
2004-06-10 03:00:00,836.0,709.0,1085.0,1498.0,646.0,0.6,,4.0,,,20.7,56.1,1.3565
2004-06-10 04:00:00,814.0,673.0,1138.0,1488.0,647.0,,,3.3,33.0,50.0,20.1,57.3,1.3352
2004-06-10 05:00:00,872.0,782.0,1001.0,1607.0,874.0,0.9,,5.4,75.0,76.0,19.5,59.4,1.3328
2004-06-10 06:00:00,949.0,929.0,887.0,1711.0,973.0,1.2,,8.7,101.0,78.0,20.0,56.6,1.3095
2004-06-10 07:00:00,1227.0,1292.0,661.0,2087.0,1327.0,2.9,,19.9,214.0,104.0,21.7,53.9,1.3848
2004-06-10 08:00:00,1360.0,1561.0,545.0,2525.0,1626.0,4.8,,30.4,290.0,139.0,23.7,49.0,1.4152
2004-06-10 09:00:00,1318.0,1420.0,586.0,2316.0,1640.0,4.3,,24.6,311.0,166.0,25.9,44.3,1.4544
2004-06-10 10:00:00,1196.0,1208.0,705.0,1981.0,1341.0,3.1,,16.9,234.0,151.0,30.1,34.3,1.4414
2004-06-10 11:00:00,1152.0,1102.0,770.0,1868.0,1113.0,2.4,,13.6,157.0,134.0,33.5,27.2,1.3859
2004-06-10 12:00:00,1220.0,1157.0,715.0,1935.0,1224.0,2.8,,15.3,165.0,148.0,35.4,26.1,1.4806
2004-06-10 13:00:00,1182.0,1120.0,735.0,1893.0,1095.0,2.5,,14.1,137.0,126.0,37.9,23.2,1.502
2004-06-10 14:00:00,1167.0,1210.0,719.0,1944.0,1152.0,2.6,,17.0,149.0,144.0,39.7,18.7,1.3306
2004-06-10 15:00:00,1142.0,1109.0,782.0,1789.0,1047.0,2.3,,13.8,140.0,133.0,40.4,17.2,1.2774
2004-06-10 16:00:00,1157.0,1105.0,779.0,1792.0,982.0,2.4,,13.6,139.0,139.0,40.0,18.8,1.363
2004-06-10 17:00:00,1274.0,1329.0,670.0,2054.0,1320.0,3.5,,21.2,221.0,178.0,38.9,18.8,1.29
2004-06-10 18:00:00,1372.0,1451.0,631.0,2183.0,1541.0,4.8,,25.9,318.0,206.0,35.8,22.1,1.2792
2004-06-10 19:00:00,1373.0,1440.0,635.0,2183.0,1510.0,5.1,,25.4,363.0,211.0,33.1,25.9,1.2923
2004-06-10 20:00:00,1290.0,1393.0,655.0,2146.0,1511.0,4.7,,23.6,341.0,180.0,30.9,28.2,1.2388
2004-06-10 21:00:00,1056.0,1051.0,826.0,1758.0,1078.0,2.4,,12.0,163.0,116.0,27.5,32.6,1.176
2004-06-10 22:00:00,1116.0,1123.0,768.0,1826.0,1235.0,2.5,,14.2,157.0,118.0,26.3,34.3,1.1605
2004-06-10 23:00:00,1106.0,1122.0,783.0,1813.0,1202.0,2.7,,14.2,202.0,115.0,25.5,34.1,1.0968
2004-06-11 00:00:00,1018.0,992.0,839.0,1710.0,1103.0,1.5,,10.4,102.0,96.0,24.7,39.3,1.2065
2004-06-11 01:00:00,919.0,880.0,915.0,1628.0,1013.0,1.1,,7.5,70.0,86.0,24.2,39.5,1.1764
2004-06-11 02:00:00,807.0,681.0,1092.0,1435.0,765.0,0.6,,3.5,41.0,65.0,24.8,37.8,1.1639
2004-06-11 03:00:00,787.0,620.0,1176.0,1403.0,618.0,0.5,,2.5,,,22.7,43.8,1.1952
2004-06-11 04:00:00,789.0,623.0,1146.0,1407.0,663.0,0.4,,2.6,36.0,53.0,22.0,44.3,1.1553
2004-06-11 05:00:00,825.0,709.0,1050.0,1491.0,813.0,0.6,,4.0,68.0,74.0,19.3,51.4,1.1364
2004-06-11 06:00:00,912.0,858.0,923.0,1608.0,894.0,1.0,,7.0,92.0,69.0,19.8,50.4,1.1525
2004-06-11 07:00:00,1339.0,1425.0,595.0,2264.0,1495.0,4.6,,24.8,332.0,131.0,20.5,48.2,1.1474
2004-06-11 08:00:00,1355.0,1526.0,567.0,2397.0,1658.0,4.8,,28.9,333.0,134.0,22.8,42.7,1.1667
2004-06-11 09:00:00,1250.0,1336.0,632.0,2104.0,1506.0,4.0,,21.5,298.0,148.0,25.6,35.8,1.1548
2004-06-11 10:00:00,1105.0,1079.0,788.0,1774.0,1168.0,,,12.9,,,30.0,27.5,1.1509
2004-06-11 11:00:00,1076.0,1055.0,817.0,1734.0,993.0,2.0,,12.2,146.0,,34.4,21.0,1.1248
2004-06-11 12:00:00,1096.0,1087.0,801.0,1759.0,910.0,2.0,,13.1,120.0,111.0,35.9,19.6,1.1422
2004-06-11 13:00:00,1093.0,1094.0,797.0,1769.0,912.0,2.0,,13.3,108.0,110.0,37.2,18.2,1.1389
2004-06-11 14:00:00,1027.0,1066.0,837.0,1689.0,814.0,1.9,,12.5,109.0,110.0,37.3,16.6,1.0435
2004-06-11 15:00:00,1026.0,1085.0,848.0,1654.0,1341.0,1.9,,13.0,124.0,116.0,37.4,14.9,0.9413
2004-06-11 16:00:00,1015.0,1062.0,877.0,1668.0,847.0,1.9,,12.3,127.0,120.0,36.4,15.1,0.9005
2004-06-11 17:00:00,1028.0,1155.0,832.0,1691.0,925.0,2.6,,15.2,185.0,142.0,35.4,14.7,0.8323
2004-06-11 18:00:00,1074.0,1270.0,776.0,1833.0,1087.0,3.2,,19.1,230.0,146.0,34.2,14.2,0.7502
2004-06-11 19:00:00,1124.0,1289.0,765.0,1863.0,1132.0,3.4,,19.7,265.0,153.0,31.1,18.7,0.8302
2004-06-11 20:00:00,1111.0,1256.0,765.0,1851.0,1197.0,3.4,,18.6,261.0,158.0,29.1,22.0,0.8702
2004-06-11 21:00:00,1062.0,1183.0,794.0,1731.0,1229.0,2.9,,16.1,219.0,140.0,27.2,22.5,0.7962
2004-06-11 22:00:00,1072.0,1148.0,805.0,1683.0,1171.0,2.7,,15.0,180.0,127.0,25.3,24.6,0.7796
2004-06-11 23:00:00,936.0,871.0,990.0,1430.0,921.0,1.3,,7.3,108.0,97.0,24.9,27.2,0.8429
2004-06-12 00:00:00,988.0,937.0,894.0,1543.0,1008.0,1.3,,8.9,98.0,91.0,23.5,32.2,0.922
2004-06-12 01:00:00,924.0,839.0,957.0,1453.0,849.0,0.9,,6.6,57.0,68.0,23.5,32.7,0.9349
2004-06-12 02:00:00,839.0,725.0,1052.0,1368.0,668.0,0.6,,4.3,36.0,52.0,24.1,32.0,0.9467
2004-06-12 03:00:00,826.0,666.0,1109.0,1349.0,641.0,0.5,,3.2,,,22.6,34.8,0.9441
2004-06-12 04:00:00,853.0,716.0,1047.0,1414.0,707.0,0.5,,4.1,45.0,58.0,20.8,40.2,0.9725
2004-06-12 05:00:00,918.0,810.0,936.0,1524.0,939.0,0.9,,6.0,87.0,78.0,18.8,46.6,1.0027
2004-06-12 06:00:00,890.0,791.0,950.0,1489.0,886.0,0.7,,5.6,62.0,61.0,19.8,46.0,1.0524
2004-06-12 07:00:00,865.0,752.0,996.0,1451.0,837.0,0.6,,4.8,65.0,64.0,21.3,42.3,1.0625
2004-06-12 08:00:00,1003.0,937.0,850.0,1622.0,1005.0,1.3,,8.9,125.0,81.0,21.3,41.8,1.0449
2004-06-12 09:00:00,1123.0,1088.0,746.0,1789.0,1191.0,1.9,,13.1,157.0,92.0,24.0,36.6,1.0772
2004-06-12 10:00:00,1146.0,1119.0,746.0,1823.0,1200.0,2.1,,14.1,171.0,101.0,27.2,30.7,1.0884
2004-06-12 11:00:00,1110.0,1021.0,820.0,1724.0,971.0,1.8,,11.2,119.0,96.0,32.3,23.6,1.1271
2004-06-12 12:00:00,1126.0,979.0,849.0,1700.0,907.0,1.8,,10.0,110.0,101.0,31.9,25.8,1.2023
2004-06-12 13:00:00,1067.0,962.0,860.0,1658.0,802.0,1.6,,9.6,95.0,91.0,35.1,21.8,1.2093
2004-06-12 14:00:00,1008.0,866.0,937.0,1573.0,695.0,1.2,,7.2,58.0,68.0,36.0,20.5,1.1995
2004-06-12 15:00:00,1062.0,924.0,892.0,1683.0,777.0,1.2,,8.6,69.0,76.0,37.0,20.1,1.2423
2004-06-12 16:00:00,1082.0,939.0,869.0,1678.0,818.0,1.4,,9.0,76.0,84.0,36.4,21.0,1.2515
2004-06-12 17:00:00,1042.0,897.0,901.0,1605.0,681.0,1.3,,7.9,63.0,76.0,35.2,22.6,1.267
2004-06-12 18:00:00,1022.0,823.0,964.0,1599.0,631.0,1.1,,6.2,51.0,61.0,32.5,27.6,1.3229
2004-06-12 19:00:00,1024.0,828.0,936.0,1601.0,641.0,1.1,,6.3,46.0,52.0,29.1,35.1,1.3919
2004-06-12 20:00:00,1048.0,828.0,922.0,1618.0,683.0,1.1,,6.3,52.0,59.0,26.9,39.7,1.3898
2004-06-12 21:00:00,1153.0,1022.0,765.0,1806.0,1013.0,1.8,,11.2,84.0,89.0,26.1,42.2,1.4039
2004-06-12 22:00:00,1195.0,1077.0,731.0,1860.0,1151.0,2.3,,12.8,130.0,113.0,25.5,43.8,1.4095
2004-06-12 23:00:00,1245.0,1091.0,734.0,1870.0,1134.0,2.6,,13.2,147.0,112.0,24.9,45.6,1.4135
2004-06-13 00:00:00,1086.0,946.0,847.0,1729.0,945.0,2.0,,9.2,126.0,89.0,25.2,45.2,1.4262
2004-06-13 01:00:00,972.0,804.0,955.0,1620.0,734.0,1.0,,5.8,47.0,53.0,25.4,45.5,1.457
2004-06-13 02:00:00,880.0,677.0,1109.0,1500.0,554.0,0.6,,3.4,24.0,36.0,26.2,43.6,1.4599
2004-06-13 03:00:00,906.0,719.0,1050.0,1561.0,612.0,0.6,,4.1,,,24.3,48.2,1.4476
2004-06-13 04:00:00,879.0,658.0,1121.0,1511.0,564.0,0.5,,3.1,25.0,39.0,24.4,48.3,1.4499
2004-06-13 05:00:00,842.0,597.0,1237.0,1444.0,512.0,0.4,,2.2,21.0,33.0,23.3,51.0,1.4346
2004-06-13 06:00:00,797.0,543.0,1466.0,1347.0,410.0,0.4,,1.5,25.0,37.0,21.6,48.1,1.2259
2004-06-13 07:00:00,796.0,526.0,1534.0,1322.0,392.0,0.4,,1.3,25.0,36.0,21.4,47.8,1.2005
2004-06-13 08:00:00,767.0,520.0,1526.0,1287.0,377.0,0.4,,1.2,30.0,42.0,20.5,46.8,1.1152
2004-06-13 09:00:00,784.0,562.0,1460.0,1286.0,389.0,0.5,,1.7,42.0,52.0,20.8,40.7,0.9882
2004-06-13 10:00:00,811.0,622.0,1315.0,1307.0,432.0,0.6,,2.5,52.0,60.0,22.3,35.3,0.9371
2004-06-13 11:00:00,838.0,620.0,1292.0,1325.0,502.0,0.7,,2.5,62.0,74.0,21.7,38.3,0.9842
2004-06-13 12:00:00,821.0,632.0,1295.0,1302.0,469.0,0.7,,2.7,67.0,65.0,24.4,29.6,0.8921
2004-06-13 13:00:00,793.0,579.0,1380.0,1303.0,427.0,0.6,,1.9,47.0,52.0,23.4,34.9,0.991
2004-06-13 14:00:00,794.0,567.0,1426.0,1306.0,406.0,0.5,,1.8,35.0,40.0,23.5,35.2,1.0019
2004-06-13 15:00:00,821.0,614.0,1309.0,1350.0,430.0,0.6,,2.4,45.0,49.0,22.4,39.0,1.04
2004-06-13 16:00:00,849.0,628.0,1274.0,1379.0,453.0,0.8,,2.6,53.0,56.0,22.0,41.7,1.0865
2004-06-13 17:00:00,852.0,651.0,1246.0,1387.0,470.0,0.8,,3.0,57.0,59.0,21.7,42.7,1.0949
2004-06-13 18:00:00,847.0,645.0,1245.0,1364.0,480.0,1.0,,2.9,71.0,68.0,20.7,43.4,1.047
2004-06-13 19:00:00,849.0,682.0,1215.0,1378.0,472.0,1.0,,3.5,67.0,72.0,20.3,42.6,1.0045
2004-06-13 20:00:00,865.0,687.0,1191.0,1388.0,521.0,1.0,,3.6,75.0,78.0,20.3,44.1,1.0392
2004-06-13 21:00:00,848.0,689.0,1180.0,1403.0,520.0,0.9,,3.6,65.0,71.0,20.1,45.2,1.0538
2004-06-13 22:00:00,807.0,606.0,1340.0,1337.0,440.0,0.7,,2.3,45.0,54.0,19.8,45.7,1.0424
2004-06-13 23:00:00,814.0,627.0,1305.0,1351.0,446.0,0.8,,2.6,46.0,57.0,19.6,45.3,1.0244
2004-06-14 00:00:00,785.0,582.0,1377.0,1311.0,417.0,0.7,,2.0,33.0,45.0,19.4,45.9,1.0242
2004-06-14 01:00:00,748.0,515.0,1580.0,1261.0,381.0,0.5,,1.2,19.0,30.0,19.7,44.8,1.0172
2004-06-14 02:00:00,716.0,461.0,1795.0,1235.0,350.0,0.3,,0.7,9.0,16.0,19.5,46.3,1.0363
2004-06-14 03:00:00,708.0,437.0,1941.0,1227.0,334.0,0.3,,0.5,,,19.0,49.0,1.063
2004-06-14 04:00:00,724.0,448.0,1917.0,1256.0,346.0,,,0.5,12.0,18.0,19.1,50.7,1.109
2004-06-14 05:00:00,748.0,477.0,1703.0,1301.0,380.0,0.3,,0.8,21.0,28.0,19.1,52.7,1.1545
2004-06-14 06:00:00,888.0,683.0,1196.0,1483.0,563.0,0.7,,3.5,66.0,62.0,20.3,49.3,1.1596
2004-06-14 07:00:00,973.0,858.0,941.0,1584.0,779.0,1.5,,7.0,137.0,92.0,21.1,46.2,1.1389
2004-06-14 08:00:00,993.0,927.0,886.0,1665.0,842.0,1.8,,8.7,151.0,96.0,21.5,44.5,1.129
2004-06-14 09:00:00,929.0,825.0,992.0,1561.0,692.0,1.4,,6.3,115.0,87.0,22.4,43.6,1.1637
2004-06-14 10:00:00,962.0,858.0,941.0,1613.0,779.0,1.5,,7.0,118.0,84.0,24.8,39.1,1.2039
2004-06-14 11:00:00,906.0,786.0,1026.0,1538.0,633.0,1.2,,5.5,95.0,73.0,23.9,42.1,1.2335
2004-06-14 12:00:00,915.0,776.0,1029.0,1544.0,616.0,1.2,,5.3,86.0,72.0,25.5,38.3,1.2328
2004-06-14 13:00:00,928.0,787.0,1012.0,1585.0,606.0,1.3,,5.5,85.0,68.0,25.4,39.2,1.2534
2004-06-14 14:00:00,855.0,698.0,1134.0,1449.0,526.0,1.0,,3.8,66.0,62.0,25.6,37.0,1.2006
2004-06-14 15:00:00,920.0,783.0,1046.0,1550.0,588.0,1.4,,5.4,74.0,70.0,24.5,38.4,1.1669
2004-06-14 16:00:00,917.0,842.0,985.0,1563.0,674.0,1.6,,6.7,108.0,83.0,23.9,39.9,1.1639
2004-06-14 17:00:00,1072.0,1057.0,812.0,1820.0,885.0,2.7,,12.2,150.0,92.0,24.2,39.2,1.1665
2004-06-14 18:00:00,1000.0,985.0,846.0,1726.0,879.0,2.3,,10.2,157.0,103.0,23.5,41.2,1.1759
2004-06-14 19:00:00,914.0,845.0,972.0,1583.0,703.0,1.5,,6.7,93.0,82.0,22.3,44.9,1.1973
2004-06-14 20:00:00,888.0,799.0,1023.0,1531.0,637.0,1.4,,5.7,76.0,74.0,21.7,46.5,1.1917
2004-06-14 21:00:00,851.0,718.0,1134.0,1471.0,561.0,1.0,,4.1,57.0,67.0,22.0,44.9,1.1699
2004-06-14 22:00:00,870.0,749.0,1096.0,1487.0,612.0,1.1,,4.7,64.0,74.0,22.2,44.1,1.1654
2004-06-14 23:00:00,883.0,773.0,1062.0,1514.0,621.0,1.2,,5.2,59.0,72.0,21.8,45.6,1.1763
2004-06-15 00:00:00,886.0,767.0,1055.0,1532.0,702.0,1.2,,5.1,68.0,79.0,21.6,46.0,1.1742
2004-06-15 01:00:00,792.0,637.0,1249.0,1400.0,559.0,0.7,,2.8,31.0,43.0,21.6,45.8,1.1715
2004-06-15 02:00:00,754.0,535.0,1490.0,1335.0,435.0,0.5,,1.4,21.0,33.0,20.7,48.3,1.168
2004-06-15 03:00:00,732.0,503.0,1525.0,1321.0,441.0,0.4,,1.0,,,21.0,47.1,1.1546
2004-06-15 04:00:00,770.0,586.0,1326.0,1392.0,527.0,0.4,,2.0,24.0,38.0,20.8,48.5,1.18
2004-06-15 05:00:00,797.0,654.0,1097.0,1450.0,720.0,0.5,,3.0,38.0,51.0,20.8,49.4,1.1994
2004-06-15 06:00:00,915.0,877.0,897.0,1651.0,937.0,1.0,,7.5,92.0,69.0,19.9,51.8,1.1911
2004-06-15 07:00:00,1287.0,1423.0,610.0,2319.0,1482.0,4.4,,24.7,311.0,116.0,20.9,49.3,1.2049
2004-06-15 08:00:00,1195.0,1424.0,609.0,2244.0,1489.0,4.0,,24.8,260.0,119.0,23.7,39.9,1.1508
2004-06-15 09:00:00,1003.0,1009.0,823.0,1710.0,1015.0,2.4,,10.9,181.0,96.0,25.3,35.8,1.1421
2004-06-15 10:00:00,1037.0,1046.0,838.0,1763.0,1004.0,2.1,,11.9,177.0,109.0,28.8,29.1,1.1349
2004-06-15 11:00:00,1114.0,1181.0,747.0,1928.0,1129.0,2.7,,16.0,180.0,115.0,30.3,26.9,1.1399
2004-06-15 12:00:00,1085.0,1171.0,767.0,1863.0,1068.0,2.8,,15.7,174.0,118.0,32.8,23.3,1.138
2004-06-15 13:00:00,1024.0,1087.0,824.0,1745.0,924.0,2.3,,13.1,140.0,118.0,33.9,21.4,1.1135
2004-06-15 14:00:00,1017.0,1057.0,859.0,1698.0,861.0,2.0,,12.2,122.0,112.0,35.3,19.6,1.1036
2004-06-15 15:00:00,1053.0,1173.0,785.0,1808.0,981.0,2.6,,15.8,189.0,140.0,34.0,20.8,1.0898
2004-06-15 16:00:00,1065.0,1198.0,766.0,1852.0,1043.0,2.7,,16.6,169.0,137.0,35.3,18.8,1.0572
2004-06-15 17:00:00,1136.0,1250.0,722.0,1940.0,1124.0,3.1,,18.4,172.0,143.0,32.6,24.1,1.1688
2004-06-15 18:00:00,1100.0,1202.0,732.0,1856.0,1004.0,3.1,,16.7,154.0,148.0,30.8,28.7,1.2507
2004-06-15 19:00:00,1143.0,1319.0,673.0,2001.0,1190.0,3.6,,20.8,192.0,158.0,28.7,31.2,1.2099
2004-06-15 20:00:00,1083.0,1157.0,742.0,1884.0,1072.0,2.9,,15.3,160.0,127.0,26.8,35.1,1.2201
2004-06-15 21:00:00,1009.0,1034.0,806.0,1763.0,925.0,2.2,,11.5,110.0,109.0,25.3,39.4,1.2524
2004-06-15 22:00:00,969.0,983.0,853.0,1680.0,862.0,2.0,,10.1,97.0,101.0,23.9,40.9,1.1966
2004-06-15 23:00:00,1029.0,993.0,816.0,1728.0,969.0,2.1,,10.4,124.0,114.0,23.0,44.4,1.2354
2004-06-16 00:00:00,1064.0,956.0,812.0,1770.0,932.0,1.9,,9.4,108.0,104.0,22.2,53.9,1.4237
2004-06-16 01:00:00,986.0,853.0,865.0,1645.0,794.0,1.4,,6.9,61.0,81.0,20.9,59.8,1.4659
2004-06-16 02:00:00,872.0,709.0,1034.0,1522.0,599.0,0.8,,4.0,34.0,51.0,21.3,58.1,1.457
2004-06-16 03:00:00,840.0,654.0,1124.0,1489.0,614.0,0.6,,3.0,,,20.8,58.4,1.4189
2004-06-16 04:00:00,812.0,626.0,1134.0,1471.0,625.0,0.6,,2.6,24.0,40.0,20.3,58.9,1.3878
2004-06-16 05:00:00,810.0,612.0,1163.0,1462.0,595.0,0.5,,2.4,27.0,34.0,21.3,54.5,1.3682
2004-06-16 06:00:00,936.0,849.0,882.0,1640.0,886.0,1.0,,6.8,70.0,61.0,20.6,57.4,1.3753
2004-06-16 07:00:00,1244.0,1265.0,640.0,2084.0,1257.0,2.7,,18.9,176.0,95.0,21.3,56.9,1.4226
2004-06-16 08:00:00,1440.0,1556.0,517.0,2530.0,1561.0,5.0,,30.2,310.0,142.0,22.9,52.4,1.4442
2004-06-16 09:00:00,1180.0,1145.0,713.0,1929.0,1191.0,3.3,,14.9,221.0,128.0,24.1,46.5,1.3802
2004-06-16 10:00:00,1126.0,1058.0,765.0,1879.0,1061.0,2.4,,12.2,168.0,115.0,27.1,38.8,1.3705
2004-06-16 11:00:00,1005.0,910.0,881.0,1670.0,751.0,1.7,,8.3,109.0,84.0,28.4,34.4,1.314
2004-06-16 12:00:00,1032.0,940.0,862.0,1703.0,733.0,1.7,,9.0,102.0,85.0,30.1,30.9,1.2958
2004-06-16 13:00:00,1087.0,1106.0,755.0,1839.0,906.0,2.4,,13.7,129.0,110.0,32.7,25.8,1.2547
2004-06-16 14:00:00,1090.0,1119.0,756.0,1811.0,902.0,2.2,,14.1,117.0,107.0,32.4,25.7,1.2271
2004-06-16 15:00:00,1072.0,1050.0,802.0,1748.0,836.0,2.2,,12.0,112.0,107.0,33.6,24.4,1.2472
2004-06-16 16:00:00,1101.0,1057.0,797.0,1772.0,863.0,2.3,,12.2,122.0,113.0,33.0,26.0,1.2877
2004-06-16 17:00:00,1111.0,1086.0,787.0,1802.0,824.0,2.6,,13.1,114.0,107.0,33.2,23.7,1.1855
2004-06-16 18:00:00,1048.0,1070.0,807.0,1737.0,842.0,2.3,,12.6,111.0,106.0,31.3,25.4,1.1415
2004-06-16 19:00:00,1197.0,1249.0,698.0,1986.0,1132.0,3.3,,18.3,158.0,125.0,28.3,31.7,1.1968
2004-06-16 20:00:00,1173.0,1217.0,695.0,1930.0,1175.0,3.5,,17.2,202.0,139.0,26.5,35.0,1.1981
2004-06-16 21:00:00,1075.0,1079.0,764.0,1798.0,1111.0,2.5,,12.9,166.0,117.0,24.4,40.0,1.2079
2004-06-16 22:00:00,1067.0,1106.0,745.0,1840.0,1125.0,2.5,,13.7,143.0,107.0,23.3,43.4,1.2251
2004-06-16 23:00:00,1060.0,1099.0,742.0,1838.0,1077.0,2.4,,13.4,122.0,98.0,22.5,45.3,1.2226
2004-06-17 00:00:00,1081.0,1099.0,749.0,1854.0,1087.0,2.5,,13.5,113.0,97.0,21.8,47.8,1.2325
2004-06-17 01:00:00,1017.0,975.0,822.0,1722.0,1014.0,2.1,,9.9,109.0,95.0,20.9,51.0,1.2446
2004-06-17 02:00:00,836.0,734.0,1035.0,1501.0,801.0,1.0,,4.4,53.0,68.0,20.8,51.7,1.2572
2004-06-17 03:00:00,831.0,727.0,1038.0,1522.0,802.0,0.8,,4.3,,,19.3,57.1,1.2661
2004-06-17 04:00:00,804.0,668.0,1102.0,1479.0,753.0,,,3.3,32.0,51.0,18.8,58.6,1.2581
2004-06-17 05:00:00,798.0,677.0,1092.0,1473.0,696.0,0.5,,3.4,35.0,44.0,20.2,53.8,1.2569
2004-06-17 06:00:00,966.0,951.0,812.0,1735.0,996.0,1.3,,9.3,123.0,77.0,18.3,60.8,1.2635
2004-06-17 07:00:00,1277.0,1388.0,611.0,2241.0,1513.0,3.6,,23.4,254.0,100.0,20.2,54.5,1.2777
2004-06-17 08:00:00,1335.0,1496.0,562.0,2385.0,1598.0,4.8,,27.7,300.0,125.0,21.9,49.9,1.2957
2004-06-17 09:00:00,1297.0,1353.0,588.0,2128.0,1690.0,3.7,,22.1,281.0,154.0,25.2,43.0,1.3548
2004-06-17 10:00:00,1041.0,979.0,837.0,1705.0,1053.0,1.9,,10.0,169.0,125.0,28.0,36.6,1.3603
2004-06-17 11:00:00,1027.0,936.0,867.0,1696.0,931.0,1.7,,8.9,152.0,117.0,27.1,38.3,1.3548
2004-06-17 12:00:00,1037.0,969.0,841.0,1728.0,865.0,1.9,,9.8,127.0,105.0,27.4,37.0,1.3319
2004-06-17 13:00:00,1014.0,954.0,865.0,1697.0,818.0,1.8,,9.4,118.0,103.0,29.4,32.9,1.3244
2004-06-17 14:00:00,1007.0,971.0,866.0,1682.0,802.0,1.7,,9.8,120.0,106.0,31.3,28.7,1.2885
2004-06-17 15:00:00,998.0,958.0,881.0,1657.0,778.0,1.8,,9.5,125.0,107.0,31.5,28.7,1.3058
2004-06-17 16:00:00,1014.0,958.0,878.0,1684.0,767.0,1.7,,9.5,117.0,102.0,30.9,30.3,1.3306
2004-06-17 17:00:00,1157.0,1160.0,738.0,1936.0,1000.0,2.8,,15.4,166.0,124.0,31.4,30.3,1.3689
2004-06-17 18:00:00,1225.0,1281.0,683.0,2082.0,1143.0,3.6,,19.4,180.0,133.0,30.7,31.4,1.3686
2004-06-17 19:00:00,1131.0,1194.0,726.0,1907.0,1009.0,3.3,,16.5,172.0,125.0,29.0,33.4,1.3169
2004-06-17 20:00:00,1111.0,1126.0,754.0,1883.0,1076.0,2.9,,14.3,160.0,124.0,27.3,37.5,1.342
2004-06-17 21:00:00,976.0,909.0,878.0,1675.0,830.0,1.7,,8.2,103.0,97.0,25.8,40.9,1.3389
2004-06-17 22:00:00,1016.0,929.0,868.0,1724.0,853.0,1.7,,8.7,87.0,94.0,25.2,43.0,1.358
2004-06-17 23:00:00,1177.0,1156.0,684.0,1983.0,1310.0,2.8,,15.2,147.0,120.0,24.6,45.8,1.394
2004-06-18 00:00:00,1013.0,999.0,791.0,1751.0,1119.0,1.8,,10.6,120.0,105.0,24.0,47.3,1.3914
2004-06-18 01:00:00,886.0,813.0,936.0,1592.0,918.0,1.0,,6.0,63.0,81.0,23.5,48.3,1.3777
2004-06-18 02:00:00,791.0,658.0,1140.0,1467.0,609.0,0.5,,3.1,30.0,43.0,24.0,45.8,1.3467
2004-06-18 03:00:00,762.0,618.0,1214.0,1431.0,516.0,0.4,,2.5,,,22.2,50.7,1.3405
2004-06-18 04:00:00,740.0,568.0,1259.0,1404.0,510.0,0.3,,1.8,19.0,32.0,22.8,48.1,1.3184
2004-06-18 05:00:00,775.0,628.0,1178.0,1437.0,554.0,0.4,,2.6,27.0,36.0,21.9,50.1,1.3002
2004-06-18 06:00:00,872.0,833.0,947.0,1598.0,760.0,0.8,,6.5,65.0,59.0,20.4,54.1,1.28
2004-06-18 07:00:00,1123.0,1134.0,711.0,1922.0,1170.0,2.2,,14.5,169.0,92.0,20.8,52.6,1.2758
2004-06-18 08:00:00,1306.0,1522.0,535.0,2450.0,1545.0,4.4,,28.8,244.0,121.0,22.8,47.9,1.3156
2004-06-18 09:00:00,1237.0,1332.0,605.0,2157.0,1508.0,3.7,,21.3,274.0,151.0,25.2,42.9,1.3552
2004-06-18 10:00:00,1143.0,1146.0,701.0,1917.0,1292.0,2.5,,14.9,202.0,142.0,29.3,34.8,1.397
2004-06-18 11:00:00,1170.0,1168.0,703.0,1949.0,1287.0,2.5,,15.6,186.0,141.0,33.3,27.8,1.4013
2004-06-18 12:00:00,1116.0,1128.0,739.0,1856.0,1042.0,2.3,,14.3,153.0,129.0,34.9,24.9,1.363
2004-06-18 13:00:00,1054.0,1069.0,785.0,1766.0,817.0,2.0,,12.6,112.0,106.0,36.1,22.7,1.3324
2004-06-18 14:00:00,1083.0,1097.0,765.0,1810.0,847.0,2.0,,13.4,117.0,125.0,37.6,21.1,1.3478
2004-06-18 15:00:00,1078.0,1069.0,782.0,1780.0,806.0,2.1,,12.6,109.0,126.0,37.3,21.9,1.3761
2004-06-18 16:00:00,1104.0,1143.0,747.0,1840.0,896.0,2.4,,14.8,133.0,147.0,37.2,21.6,1.3514
2004-06-18 17:00:00,1170.0,1257.0,693.0,1956.0,1069.0,3.1,,18.6,185.0,180.0,35.6,23.4,1.341
2004-06-18 18:00:00,1091.0,1201.0,738.0,1834.0,945.0,2.9,,16.7,167.0,164.0,33.1,24.3,1.2087
2004-06-18 19:00:00,1216.0,1318.0,673.0,2043.0,1168.0,3.5,,20.8,218.0,180.0,30.5,29.5,1.2635
2004-06-18 20:00:00,1125.0,1179.0,719.0,1921.0,1065.0,2.9,,16.0,171.0,153.0,28.7,35.8,1.3834
2004-06-18 21:00:00,971.0,881.0,916.0,1635.0,672.0,1.5,,7.6,78.0,105.0,26.6,42.2,1.4452
2004-06-18 22:00:00,1062.0,984.0,816.0,1796.0,842.0,1.7,,10.2,84.0,98.0,25.2,46.6,1.4733
2004-06-18 23:00:00,1140.0,1109.0,714.0,1892.0,1123.0,2.2,,13.8,110.0,107.0,24.7,47.7,1.4649
2004-06-19 00:00:00,1038.0,992.0,802.0,1731.0,1007.0,1.6,,10.4,87.0,87.0,24.4,47.4,1.4301
2004-06-19 01:00:00,935.0,836.0,909.0,1604.0,855.0,1.0,,6.5,58.0,80.0,23.3,49.9,1.4135
2004-06-19 02:00:00,861.0,729.0,1043.0,1528.0,689.0,0.6,,4.3,39.0,62.0,23.8,47.3,1.3783
2004-06-19 03:00:00,839.0,678.0,1062.0,1478.0,622.0,0.6,,3.4,,,22.9,50.2,1.3808
2004-06-19 04:00:00,850.0,703.0,1021.0,1511.0,658.0,0.6,,3.9,38.0,54.0,21.2,55.0,1.3689
2004-06-19 05:00:00,817.0,651.0,1109.0,1472.0,628.0,0.5,,3.0,41.0,56.0,21.7,52.6,1.35
2004-06-19 06:00:00,825.0,667.0,1079.0,1475.0,659.0,0.5,,3.2,47.0,62.0,22.8,48.9,1.3424
2004-06-19 07:00:00,921.0,792.0,943.0,1595.0,799.0,0.9,,5.6,72.0,72.0,23.5,47.6,1.3611
2004-06-19 08:00:00,1031.0,945.0,806.0,1697.0,964.0,1.4,,9.1,100.0,86.0,24.6,44.9,1.3661
2004-06-19 09:00:00,1092.0,967.0,801.0,1774.0,910.0,1.6,,9.7,104.0,99.0,27.0,39.9,1.402
2004-06-19 10:00:00,1095.0,923.0,843.0,1736.0,999.0,1.6,,8.6,109.0,98.0,29.3,35.9,1.4411
2004-06-19 11:00:00,1097.0,964.0,822.0,1743.0,853.0,1.7,,9.6,103.0,102.0,31.2,32.4,1.4517
2004-06-19 12:00:00,1101.0,972.0,819.0,1714.0,752.0,1.7,,9.8,75.0,84.0,34.4,26.6,1.423
2004-06-19 13:00:00,1060.0,991.0,833.0,1718.0,778.0,1.5,,10.3,72.0,83.0,36.1,22.1,1.3004
2004-06-19 14:00:00,,,,,,1.2,,,56.0,68.0,,,
2004-06-19 15:00:00,,,,,,1.2,,,51.0,63.0,,,
2004-06-19 16:00:00,,,,,,1.1,,,52.0,65.0,,,
2004-06-19 17:00:00,,,,,,1.0,,,46.0,63.0,,,
2004-06-19 18:00:00,,,,,,1.1,,,44.0,56.0,,,
2004-06-19 19:00:00,,,,,,1.6,,,72.0,77.0,,,
2004-06-19 20:00:00,,,,,,1.7,,,88.0,91.0,,,
2004-06-19 21:00:00,,,,,,1.4,,,56.0,70.0,,,
2004-06-19 22:00:00,,,,,,1.7,,,82.0,95.0,,,
2004-06-19 23:00:00,,,,,,2.4,,,125.0,113.0,,,
2004-06-20 00:00:00,,,,,,2.3,,,144.0,109.0,,,
2004-06-20 01:00:00,,,,,,1.2,,,54.0,65.0,,,
2004-06-20 02:00:00,,,,,,1.0,,,48.0,60.0,,,
2004-06-20 03:00:00,,,,,,1.4,,,,,,,
2004-06-20 04:00:00,,,,,,,,,41.0,62.0,,,
2004-06-20 05:00:00,,,,,,1.0,,,40.0,60.0,,,
2004-06-20 06:00:00,,,,,,0.9,,,48.0,65.0,,,
2004-06-20 07:00:00,,,,,,0.8,,,44.0,55.0,,,
2004-06-20 08:00:00,,,,,,1.0,,,59.0,66.0,,,
2004-06-20 09:00:00,,,,,,1.2,,,59.0,67.0,,,
2004-06-20 10:00:00,,,,,,1.2,,,53.0,64.0,,,
2004-06-20 11:00:00,,,,,,1.0,,,42.0,59.0,,,
2004-06-20 12:00:00,,,,,,1.0,,,43.0,59.0,,,
2004-06-20 13:00:00,,,,,,0.6,,,23.0,36.0,,,
2004-06-20 14:00:00,,,,,,0.7,,,22.0,35.0,,,
2004-06-20 15:00:00,,,,,,0.8,,,37.0,54.0,,,
2004-06-20 16:00:00,,,,,,1.1,,,53.0,71.0,,,
2004-06-20 17:00:00,,,,,,1.4,,,68.0,86.0,,,
2004-06-20 18:00:00,,,,,,2.8,,,125.0,114.0,,,
2004-06-20 19:00:00,,,,,,2.5,,,96.0,105.0,,,
2004-06-20 20:00:00,,,,,,1.6,,,75.0,87.0,,,
2004-06-20 21:00:00,,,,,,1.4,,,74.0,85.0,,,
2004-06-20 22:00:00,,,,,,2.3,,,92.0,91.0,,,
2004-06-20 23:00:00,,,,,,4.2,,,136.0,108.0,,,
2004-06-21 00:00:00,,,,,,3.0,,,119.0,99.0,,,
2004-06-21 01:00:00,,,,,,2.2,,,76.0,83.0,,,
2004-06-21 02:00:00,,,,,,0.6,,,21.0,36.0,,,
2004-06-21 03:00:00,,,,,,0.3,,,,,,,
2004-06-21 04:00:00,732.0,544.0,1353.0,1367.0,466.0,0.3,,1.5,15.0,24.0,18.9,55.2,1.1895
2004-06-21 05:00:00,809.0,681.0,1108.0,1463.0,609.0,0.5,,3.5,52.0,43.0,18.2,57.6,1.193
2004-06-21 06:00:00,934.0,911.0,857.0,1639.0,863.0,1.3,,8.3,85.0,64.0,18.6,56.0,1.1865
2004-06-21 07:00:00,1132.0,1220.0,691.0,1910.0,1203.0,2.5,,17.3,177.0,91.0,20.8,48.0,1.1702
2004-06-21 08:00:00,1221.0,1386.0,626.0,2138.0,1412.0,3.7,,23.3,232.0,109.0,23.3,38.6,1.0919
2004-06-21 09:00:00,1024.0,1111.0,770.0,1753.0,1069.0,2.5,,13.8,201.0,110.0,25.1,32.4,1.017
2004-06-21 10:00:00,938.0,987.0,862.0,1597.0,817.0,1.8,,10.2,134.0,111.0,27.8,25.8,0.9473
2004-06-21 11:00:00,869.0,897.0,965.0,1480.0,649.0,1.5,,7.9,104.0,106.0,29.6,21.0,0.8548
2004-06-21 12:00:00,846.0,930.0,947.0,1467.0,598.0,1.5,,8.8,89.0,104.0,30.2,18.0,0.7613
2004-06-21 13:00:00,838.0,868.0,1005.0,1454.0,540.0,1.2,,7.2,66.0,76.0,30.1,18.5,0.7747
2004-06-21 14:00:00,875.0,912.0,978.0,1504.0,601.0,1.4,,8.3,85.0,84.0,29.5,19.4,0.7872
2004-06-21 15:00:00,907.0,961.0,920.0,1564.0,668.0,1.6,,9.6,105.0,102.0,31.1,18.2,0.8079
2004-06-21 16:00:00,889.0,939.0,920.0,1492.0,647.0,1.6,,9.0,99.0,102.0,30.3,19.0,0.8103
2004-06-21 17:00:00,969.0,1064.0,834.0,1645.0,816.0,2.2,,12.4,132.0,124.0,30.1,19.3,0.8083
2004-06-21 18:00:00,1051.0,1157.0,760.0,1787.0,963.0,3.0,,15.3,186.0,147.0,28.6,22.3,0.859
2004-06-21 19:00:00,1043.0,1181.0,736.0,1813.0,1010.0,3.0,,16.1,174.0,138.0,26.1,28.3,0.9407
2004-06-21 20:00:00,1043.0,1121.0,736.0,1793.0,967.0,2.7,,14.1,149.0,126.0,24.5,35.7,1.0807
2004-06-21 21:00:00,1007.0,1027.0,798.0,1737.0,904.0,2.1,,11.4,114.0,112.0,23.1,41.5,1.1582
2004-06-21 22:00:00,966.0,959.0,838.0,1686.0,852.0,1.6,,9.5,92.0,95.0,21.8,46.3,1.1913
2004-06-21 23:00:00,920.0,875.0,915.0,1594.0,744.0,1.3,,7.4,75.0,80.0,20.9,48.9,1.1945
2004-06-22 00:00:00,889.0,831.0,956.0,1570.0,760.0,1.1,,6.4,74.0,79.0,20.5,49.9,1.1903
2004-06-22 01:00:00,825.0,715.0,1062.0,1462.0,613.0,0.7,,4.1,35.0,49.0,20.0,50.9,1.1794
2004-06-22 02:00:00,758.0,580.0,1215.0,1374.0,531.0,0.4,,1.9,22.0,36.0,22.1,44.3,1.1665
2004-06-22 03:00:00,735.0,533.0,1338.0,1350.0,493.0,0.2,,1.4,,,21.0,47.5,1.1666
2004-06-22 04:00:00,719.0,522.0,1385.0,1343.0,509.0,0.2,,1.2,24.0,40.0,19.8,50.3,1.1444
2004-06-22 05:00:00,757.0,596.0,1236.0,1381.0,560.0,0.3,,2.2,30.0,37.0,19.0,52.8,1.1489
2004-06-22 06:00:00,890.0,831.0,922.0,1594.0,826.0,0.9,,6.4,93.0,67.0,17.8,56.5,1.1375
2004-06-22 07:00:00,1181.0,1255.0,632.0,2002.0,1334.0,3.1,,18.5,332.0,106.0,18.2,55.8,1.1529
2004-06-22 08:00:00,1332.0,1556.0,523.0,2394.0,1660.0,5.0,,30.2,387.0,134.0,20.6,47.7,1.1448
2004-06-22 09:00:00,1128.0,1124.0,717.0,1832.0,1362.0,2.8,,14.2,267.0,123.0,22.8,41.9,1.1496
2004-06-22 10:00:00,1128.0,1126.0,725.0,1856.0,1316.0,2.8,,14.3,269.0,136.0,27.1,31.7,1.1147
2004-06-22 11:00:00,1064.0,1069.0,766.0,1766.0,1089.0,2.1,,12.6,193.0,109.0,30.4,26.4,1.131
2004-06-22 12:00:00,1139.0,1240.0,702.0,1940.0,1129.0,3.1,,18.0,239.0,144.0,31.1,26.2,1.1647
2004-06-22 13:00:00,1121.0,1214.0,707.0,1912.0,1120.0,3.0,,17.1,232.0,154.0,31.4,25.3,1.1444
2004-06-22 14:00:00,1032.0,1083.0,776.0,1772.0,916.0,2.1,,13.0,152.0,126.0,30.8,26.7,1.168
2004-06-22 15:00:00,1040.0,1022.0,826.0,1747.0,812.0,1.7,,11.2,115.0,98.0,31.8,25.6,1.1868
2004-06-22 16:00:00,1076.0,1105.0,762.0,1782.0,959.0,2.2,,13.6,169.0,120.0,33.5,22.9,1.1649
2004-06-22 17:00:00,1177.0,1310.0,656.0,2011.0,1189.0,3.5,,20.5,226.0,145.0,33.1,23.5,1.1673
2004-06-22 18:00:00,1196.0,1303.0,654.0,2017.0,1199.0,3.6,,20.2,218.0,139.0,31.7,25.9,1.1883
2004-06-22 19:00:00,1204.0,1381.0,623.0,2085.0,1283.0,4.1,,23.1,245.0,148.0,29.0,30.4,1.2013
2004-06-22 20:00:00,1166.0,1304.0,646.0,2016.0,1291.0,4.0,,20.3,236.0,139.0,27.4,33.6,1.2095
2004-06-22 21:00:00,959.0,949.0,857.0,1640.0,949.0,1.8,,9.3,104.0,93.0,25.2,36.4,1.1528
2004-06-22 22:00:00,1004.0,997.0,813.0,1726.0,1018.0,1.7,,10.5,104.0,96.0,24.0,39.6,1.1662
2004-06-22 23:00:00,1050.0,1105.0,729.0,1807.0,1122.0,2.4,,13.6,144.0,104.0,23.8,39.6,1.1558
2004-06-23 00:00:00,965.0,900.0,864.0,1631.0,968.0,1.2,,8.0,79.0,83.0,22.9,43.6,1.1974
2004-06-23 01:00:00,849.0,744.0,1004.0,1496.0,806.0,0.8,,4.6,51.0,66.0,22.8,43.9,1.202
2004-06-23 02:00:00,809.0,666.0,1093.0,1455.0,714.0,0.5,,3.2,38.0,55.0,21.8,47.3,1.2189
2004-06-23 03:00:00,777.0,609.0,1170.0,1405.0,644.0,0.3,,2.4,,,21.7,47.3,1.2135
2004-06-23 04:00:00,768.0,591.0,1183.0,1402.0,606.0,,,2.1,24.0,37.0,20.8,50.3,1.2207
2004-06-23 05:00:00,768.0,597.0,1155.0,1396.0,606.0,0.4,,2.2,30.0,40.0,21.7,46.8,1.2031
2004-06-23 06:00:00,917.0,842.0,934.0,1656.0,819.0,1.0,,6.7,73.0,51.0,20.3,52.3,1.2367
2004-06-23 07:00:00,1252.0,1380.0,579.0,2210.0,1462.0,3.8,,23.1,305.0,117.0,20.5,52.3,1.245
2004-06-23 08:00:00,1224.0,1268.0,605.0,2046.0,1478.0,3.2,,19.0,295.0,110.0,21.7,49.6,1.2673
2004-06-23 09:00:00,1277.0,1300.0,608.0,2090.0,1598.0,3.5,,20.1,331.0,136.0,24.0,43.1,1.2677
2004-06-23 10:00:00,1149.0,1192.0,672.0,1944.0,1449.0,3.2,,16.4,304.0,152.0,28.5,31.7,1.2144
2004-06-23 11:00:00,1091.0,1082.0,746.0,1790.0,1221.0,2.3,,13.0,210.0,119.0,32.2,25.1,1.189
2004-06-23 12:00:00,1053.0,1087.0,763.0,1762.0,1023.0,2.2,,13.1,163.0,106.0,34.9,20.5,1.1279
2004-06-23 13:00:00,1023.0,1042.0,796.0,1711.0,910.0,2.1,,11.8,132.0,101.0,35.4,19.9,1.1222
2004-06-23 14:00:00,1085.0,1075.0,767.0,1786.0,913.0,1.9,,12.7,126.0,110.0,34.4,22.5,1.205
2004-06-23 15:00:00,1116.0,1120.0,724.0,1854.0,1035.0,2.4,,14.1,150.0,124.0,34.8,22.8,1.2488
2004-06-23 16:00:00,1111.0,1131.0,735.0,1825.0,1085.0,2.5,,14.4,171.0,137.0,34.3,22.4,1.1907
2004-06-23 17:00:00,1210.0,1316.0,645.0,2030.0,1278.0,3.6,,20.7,234.0,159.0,32.5,25.3,1.2165
2004-06-23 18:00:00,1250.0,1339.0,616.0,2075.0,1383.0,3.9,,21.6,251.0,152.0,31.3,27.3,1.2234
2004-06-23 19:00:00,1297.0,1408.0,595.0,2134.0,1473.0,4.4,,24.2,294.0,166.0,30.2,29.0,1.2224
2004-06-23 20:00:00,1313.0,1345.0,603.0,2118.0,1507.0,4.8,,21.8,300.0,163.0,28.5,33.3,1.2775
2004-06-23 21:00:00,1146.0,1084.0,713.0,1829.0,1215.0,2.5,,13.0,159.0,121.0,27.3,35.3,1.2606
2004-06-23 22:00:00,1199.0,1152.0,685.0,1897.0,1242.0,2.8,,15.1,176.0,125.0,26.1,37.8,1.2575
2004-06-23 23:00:00,1274.0,1197.0,626.0,2023.0,1356.0,3.2,,16.6,192.0,120.0,24.7,47.1,1.44
2004-06-24 00:00:00,1243.0,1072.0,675.0,1978.0,1195.0,2.6,,12.7,152.0,103.0,23.6,59.8,1.7193
2004-06-24 01:00:00,1054.0,923.0,783.0,1793.0,899.0,1.5,,8.6,63.0,64.0,23.3,60.5,1.706
2004-06-24 02:00:00,962.0,778.0,929.0,1645.0,726.0,1.0,,5.3,35.0,44.0,23.3,59.4,1.6753
2004-06-24 03:00:00,915.0,690.0,983.0,1570.0,743.0,0.8,,3.6,,,22.9,57.7,1.5902
2004-06-24 04:00:00,871.0,639.0,1062.0,1528.0,684.0,0.6,,2.8,21.0,35.0,23.7,53.5,1.546
2004-06-24 05:00:00,877.0,658.0,1047.0,1530.0,779.0,0.6,,3.1,41.0,46.0,21.2,60.9,1.5092
2004-06-24 06:00:00,893.0,696.0,1008.0,1548.0,801.0,0.7,,3.7,48.0,54.0,22.1,56.2,1.48
2004-06-24 07:00:00,1030.0,851.0,824.0,1700.0,983.0,1.2,,6.9,102.0,68.0,21.9,57.0,1.4742
2004-06-24 08:00:00,1059.0,926.0,783.0,1750.0,989.0,1.5,,8.6,111.0,77.0,24.7,45.9,1.4061
2004-06-24 09:00:00,1020.0,860.0,864.0,1649.0,875.0,1.3,,7.1,93.0,74.0,27.0,40.8,1.4286
2004-06-24 10:00:00,1045.0,840.0,879.0,1656.0,807.0,1.6,,6.6,118.0,92.0,29.1,37.4,1.4833
2004-06-24 11:00:00,1029.0,866.0,874.0,1651.0,727.0,1.5,,7.2,93.0,83.0,31.1,32.4,1.4351
2004-06-24 12:00:00,959.0,763.0,976.0,1561.0,549.0,1.2,,5.0,56.0,58.0,31.9,30.3,1.4125
2004-06-24 13:00:00,975.0,798.0,939.0,1576.0,570.0,1.1,,5.7,51.0,55.0,32.8,28.9,1.412
2004-06-24 14:00:00,988.0,813.0,927.0,1596.0,596.0,1.2,,6.0,52.0,61.0,33.4,27.8,1.4119
2004-06-24 15:00:00,971.0,818.0,942.0,1565.0,585.0,1.3,,6.1,59.0,65.0,35.3,23.7,1.3331
2004-06-24 16:00:00,999.0,899.0,869.0,1629.0,637.0,1.4,,8.0,62.0,74.0,35.8,22.4,1.2915
2004-06-24 17:00:00,989.0,889.0,889.0,1602.0,664.0,1.6,,7.8,85.0,89.0,35.3,20.8,1.1664
2004-06-24 18:00:00,1075.0,1020.0,802.0,1732.0,797.0,2.1,,11.1,109.0,103.0,33.3,23.9,1.2085
2004-06-24 19:00:00,1190.0,1177.0,695.0,1934.0,1046.0,3.0,,15.9,168.0,128.0,30.3,30.8,1.3044
2004-06-24 20:00:00,1172.0,1108.0,706.0,1878.0,1058.0,2.8,,13.7,166.0,122.0,28.3,34.5,1.3084
2004-06-24 21:00:00,1256.0,1340.0,594.0,2176.0,1214.0,3.8,,21.6,149.0,125.0,27.1,38.9,1.3758
2004-06-24 22:00:00,1190.0,1203.0,658.0,1967.0,1056.0,3.2,,16.8,118.0,119.0,25.4,43.2,1.3805
2004-06-24 23:00:00,1249.0,1310.0,601.0,2114.0,1280.0,4.1,,20.5,160.0,126.0,24.6,45.3,1.3767
2004-06-25 00:00:00,1072.0,1120.0,711.0,1838.0,1045.0,2.6,,14.1,124.0,100.0,23.7,46.0,1.3346
2004-06-25 01:00:00,1035.0,1011.0,750.0,1752.0,1039.0,2.0,,10.9,95.0,94.0,23.0,48.1,1.3322
2004-06-25 02:00:00,839.0,690.0,1030.0,1457.0,640.0,0.9,,3.6,34.0,52.0,24.8,43.4,1.3366
2004-06-25 03:00:00,833.0,671.0,1061.0,1482.0,705.0,0.7,,3.3,,,23.1,47.4,1.3208
2004-06-25 04:00:00,804.0,616.0,1144.0,1427.0,662.0,0.6,,2.4,45.0,64.0,21.7,50.2,1.2917
2004-06-25 05:00:00,811.0,651.0,1097.0,1442.0,579.0,0.6,,3.0,35.0,46.0,21.9,50.7,1.3138
2004-06-25 06:00:00,1028.0,934.0,818.0,1743.0,987.0,1.6,,8.9,141.0,88.0,20.1,57.0,1.3216
2004-06-25 07:00:00,1138.0,1141.0,671.0,1927.0,1197.0,2.6,,14.8,199.0,104.0,21.5,51.8,1.3129
2004-06-25 08:00:00,1203.0,1185.0,649.0,1968.0,1328.0,2.9,,16.2,224.0,125.0,22.9,48.7,1.3416
2004-06-25 09:00:00,1193.0,1136.0,667.0,1924.0,1370.0,2.8,,14.6,245.0,151.0,25.7,41.0,1.3351
2004-06-25 10:00:00,1049.0,898.0,858.0,1671.0,921.0,1.9,,8.0,153.0,113.0,29.9,33.2,1.3793
2004-06-25 11:00:00,1090.0,942.0,828.0,1713.0,876.0,1.9,,9.1,145.0,102.0,32.9,28.0,1.3789
2004-06-25 12:00:00,1070.0,976.0,808.0,1688.0,819.0,2.1,,10.0,130.0,108.0,34.0,25.6,1.3363
2004-06-25 13:00:00,1014.0,970.0,826.0,1684.0,763.0,1.9,,9.8,95.0,93.0,34.7,22.6,1.2297
2004-06-25 14:00:00,972.0,912.0,882.0,1596.0,675.0,1.6,,8.3,88.0,89.0,35.5,20.3,1.1586
2004-06-25 15:00:00,951.0,880.0,920.0,1539.0,637.0,1.6,,7.5,89.0,84.0,35.9,18.8,1.0912
2004-06-25 16:00:00,1033.0,1038.0,802.0,1690.0,826.0,2.1,,11.7,127.0,111.0,36.2,18.6,1.0945
2004-06-25 17:00:00,983.0,1094.0,817.0,1659.0,854.0,2.4,,13.3,149.0,115.0,35.4,15.3,0.8613
2004-06-25 18:00:00,973.0,1128.0,813.0,1642.0,894.0,2.8,,14.4,170.0,127.0,32.9,15.5,0.7649
2004-06-25 19:00:00,1083.0,1237.0,737.0,1786.0,1077.0,3.4,,17.9,210.0,129.0,29.9,19.8,0.8211
2004-06-25 20:00:00,1062.0,1176.0,763.0,1743.0,1121.0,3.4,,15.9,230.0,140.0,28.1,22.4,0.8394
2004-06-25 21:00:00,1011.0,1122.0,808.0,1680.0,1071.0,2.7,,14.2,203.0,137.0,26.1,24.7,0.8233
2004-06-25 22:00:00,1054.0,1110.0,765.0,1670.0,1167.0,2.6,,13.8,174.0,130.0,25.0,28.7,0.8944
2004-06-25 23:00:00,1013.0,1038.0,793.0,1598.0,1162.0,2.3,,11.7,164.0,121.0,24.3,31.0,0.9268
2004-06-26 00:00:00,870.0,823.0,975.0,1398.0,848.0,1.2,,6.2,76.0,79.0,24.0,31.2,0.919
2004-06-26 01:00:00,857.0,769.0,1006.0,1390.0,759.0,1.0,,5.1,52.0,69.0,22.4,34.9,0.9362
2004-06-26 02:00:00,835.0,739.0,1036.0,1382.0,694.0,0.9,,4.5,47.0,61.0,21.2,37.6,0.9355
2004-06-26 03:00:00,844.0,759.0,1005.0,1409.0,848.0,1.1,,4.9,,,19.5,42.3,0.9461
2004-06-26 04:00:00,763.0,622.0,1129.0,1321.0,689.0,,,2.5,37.0,58.0,21.2,39.4,0.9802
2004-06-26 05:00:00,769.0,606.0,1171.0,1314.0,610.0,0.4,,2.3,41.0,58.0,19.5,42.4,0.9515
2004-06-26 06:00:00,891.0,790.0,960.0,1466.0,816.0,0.9,,5.5,74.0,70.0,18.6,45.8,0.9723
2004-06-26 07:00:00,1037.0,993.0,779.0,1680.0,1158.0,1.8,,10.4,168.0,104.0,19.7,44.1,1.0039
2004-06-26 08:00:00,1090.0,1065.0,728.0,1773.0,1228.0,2.2,,12.4,176.0,109.0,21.9,39.4,1.0243
2004-06-26 09:00:00,1117.0,1118.0,716.0,1791.0,1323.0,2.4,,14.0,184.0,129.0,24.5,34.3,1.0407
2004-06-26 10:00:00,1109.0,1074.0,761.0,1734.0,1274.0,2.3,,12.7,187.0,144.0,30.0,25.6,1.0674
2004-06-26 11:00:00,961.0,939.0,912.0,1508.0,846.0,1.6,,9.0,118.0,101.0,34.5,18.9,1.0168
2004-06-26 12:00:00,985.0,919.0,918.0,1540.0,737.0,1.4,,8.5,89.0,90.0,36.3,17.5,1.0411
2004-06-26 13:00:00,960.0,909.0,910.0,1523.0,675.0,1.4,,8.2,70.0,86.0,37.7,16.0,1.0231
2004-06-26 14:00:00,927.0,806.0,1013.0,1446.0,559.0,1.0,,5.9,51.0,69.0,38.3,15.8,1.0465
2004-06-26 15:00:00,958.0,795.0,1002.0,1481.0,604.0,1.0,,5.6,52.0,65.0,38.4,17.5,1.1609
2004-06-26 16:00:00,1019.0,842.0,935.0,1565.0,729.0,1.2,,6.7,70.0,73.0,37.2,20.5,1.2813
2004-06-26 17:00:00,1010.0,816.0,955.0,1567.0,741.0,1.3,,6.1,80.0,73.0,34.0,26.4,1.3781
2004-06-26 18:00:00,1030.0,844.0,917.0,1599.0,747.0,1.5,,6.7,90.0,78.0,32.3,30.4,1.445
2004-06-26 19:00:00,1100.0,946.0,827.0,1726.0,932.0,1.9,,9.2,111.0,98.0,30.5,33.9,1.4564
2004-06-26 20:00:00,1079.0,909.0,861.0,1686.0,928.0,1.8,,8.2,107.0,99.0,29.2,37.8,1.5098
2004-06-26 21:00:00,1036.0,859.0,900.0,1645.0,860.0,1.4,,7.0,73.0,83.0,28.4,39.1,1.4881
2004-06-26 22:00:00,1085.0,959.0,827.0,1747.0,963.0,1.7,,9.5,75.0,88.0,27.7,40.6,1.4828
2004-06-26 23:00:00,1214.0,1151.0,683.0,1938.0,1309.0,2.7,,15.1,144.0,117.0,27.2,42.5,1.5069
2004-06-27 00:00:00,1127.0,1041.0,728.0,1830.0,1266.0,2.1,,11.7,120.0,97.0,26.5,44.8,1.528
2004-06-27 01:00:00,1038.0,950.0,776.0,1750.0,1181.0,1.4,,9.3,71.0,75.0,25.5,47.6,1.5318
2004-06-27 02:00:00,948.0,829.0,873.0,1638.0,937.0,1.0,,6.4,40.0,53.0,25.2,47.8,1.5076
2004-06-27 03:00:00,953.0,844.0,848.0,1685.0,995.0,1.0,,6.7,,,23.2,53.7,1.5046
2004-06-27 04:00:00,869.0,723.0,975.0,1522.0,789.0,0.8,,4.2,34.0,45.0,23.2,52.3,1.4668
2004-06-27 05:00:00,809.0,628.0,1127.0,1490.0,682.0,0.5,,2.6,27.0,42.0,24.0,50.3,1.4811
2004-06-27 06:00:00,833.0,641.0,1088.0,1496.0,717.0,0.6,,2.8,30.0,44.0,23.5,51.2,1.4634
2004-06-27 07:00:00,857.0,661.0,1083.0,1511.0,696.0,0.6,,3.1,40.0,50.0,23.5,50.8,1.452
2004-06-27 08:00:00,966.0,820.0,913.0,1634.0,807.0,1.0,,6.2,56.0,60.0,24.7,47.6,1.4597
2004-06-27 09:00:00,1063.0,894.0,823.0,1688.0,1025.0,1.6,,7.9,104.0,100.0,27.2,41.1,1.4611
2004-06-27 10:00:00,1110.0,996.0,782.0,1771.0,1090.0,1.9,,10.5,121.0,111.0,31.0,32.4,1.4294
2004-06-27 11:00:00,1055.0,941.0,844.0,1648.0,932.0,1.7,,9.0,100.0,110.0,35.2,24.8,1.3854
2004-06-27 12:00:00,939.0,828.0,991.0,1486.0,639.0,1.1,,6.3,59.0,74.0,37.8,18.5,1.1977
2004-06-27 13:00:00,816.0,684.0,1195.0,1285.0,467.0,0.8,,3.5,42.0,56.0,39.0,15.1,1.0424
2004-06-27 14:00:00,841.0,712.0,1175.0,1339.0,476.0,0.7,,4.0,38.0,50.0,41.3,12.8,0.9933
2004-06-27 15:00:00,842.0,722.0,1163.0,1294.0,490.0,0.7,,4.2,40.0,54.0,41.8,11.9,0.9476
2004-06-27 16:00:00,990.0,852.0,967.0,1488.0,669.0,1.2,,6.9,70.0,90.0,42.2,14.2,1.1609
2004-06-27 17:00:00,1042.0,894.0,916.0,1537.0,800.0,1.6,,7.9,95.0,109.0,41.4,15.5,1.2089
2004-06-27 18:00:00,1089.0,893.0,879.0,1609.0,791.0,1.6,,7.9,90.0,110.0,38.9,21.4,1.4605
2004-06-27 19:00:00,1102.0,990.0,799.0,1685.0,849.0,1.7,,10.3,90.0,103.0,34.3,26.0,1.3865
2004-06-27 20:00:00,1095.0,996.0,799.0,1695.0,934.0,2.0,,10.5,111.0,120.0,32.7,27.7,1.3439
2004-06-27 21:00:00,1116.0,1075.0,761.0,1784.0,1081.0,2.3,,12.7,135.0,134.0,30.5,30.4,1.3031
2004-06-27 22:00:00,1105.0,1046.0,777.0,1751.0,1102.0,2.4,,11.9,146.0,137.0,29.0,33.6,1.3277
2004-06-27 23:00:00,1018.0,950.0,830.0,1636.0,914.0,1.7,,9.3,100.0,99.0,28.2,36.6,1.3781
2004-06-28 00:00:00,991.0,896.0,857.0,1616.0,926.0,1.2,,7.9,69.0,78.0,27.2,38.9,1.3821
2004-06-28 01:00:00,923.0,765.0,952.0,1508.0,786.0,1.0,,5.0,47.0,63.0,26.7,40.0,1.3754
2004-06-28 02:00:00,874.0,679.0,1049.0,1444.0,619.0,0.6,,3.4,26.0,41.0,26.0,41.2,1.3598
2004-06-28 03:00:00,846.0,662.0,1068.0,1464.0,633.0,0.5,,3.2,,,22.8,50.1,1.3677
2004-06-28 04:00:00,838.0,632.0,1079.0,1438.0,634.0,0.4,,2.7,24.0,39.0,24.0,46.6,1.37
2004-06-28 05:00:00,827.0,656.0,1075.0,1447.0,722.0,0.5,,3.1,55.0,60.0,24.0,46.4,1.3689
2004-06-28 06:00:00,901.0,763.0,984.0,1552.0,717.0,0.7,,5.0,47.0,54.0,23.7,47.1,1.3602
2004-06-28 07:00:00,1291.0,1316.0,603.0,2172.0,1445.0,3.2,,20.7,209.0,119.0,23.6,47.3,1.3634
2004-06-28 08:00:00,1441.0,1606.0,503.0,2568.0,1786.0,5.6,,32.4,348.0,159.0,25.5,43.1,1.3891
2004-06-28 09:00:00,1363.0,1410.0,565.0,2199.0,1791.0,4.6,,24.2,337.0,182.0,28.5,36.8,1.4128
2004-06-28 10:00:00,1218.0,1198.0,671.0,1907.0,1413.0,3.3,,16.6,280.0,183.0,32.6,28.0,1.3566
2004-06-28 11:00:00,1132.0,1091.0,751.0,1795.0,1092.0,2.1,,13.2,169.0,144.0,36.3,23.4,1.3902
2004-06-28 12:00:00,1103.0,1060.0,770.0,1748.0,940.0,1.9,,12.3,126.0,118.0,37.5,21.5,1.3673
2004-06-28 13:00:00,1081.0,1053.0,770.0,1773.0,883.0,1.9,,12.1,108.0,106.0,39.6,19.0,1.3447
2004-06-28 14:00:00,1079.0,1018.0,793.0,1739.0,850.0,1.6,,11.1,93.0,97.0,40.1,19.3,1.4013
2004-06-28 15:00:00,1167.0,1087.0,741.0,1820.0,928.0,2.0,,13.1,112.0,129.0,40.4,20.0,1.4854
2004-06-28 16:00:00,1148.0,1037.0,772.0,1720.0,835.0,1.8,,11.6,110.0,130.0,39.9,20.1,1.4495
2004-06-28 17:00:00,1221.0,1230.0,670.0,1905.0,1157.0,2.9,,17.7,188.0,163.0,39.1,19.6,1.3542
2004-06-28 18:00:00,1255.0,1283.0,640.0,2023.0,1232.0,3.4,,19.5,203.0,160.0,37.0,21.9,1.3503
2004-06-28 19:00:00,1245.0,1287.0,635.0,2067.0,1288.0,3.1,,19.7,167.0,140.0,33.9,26.8,1.3899
2004-06-28 20:00:00,1162.0,1151.0,687.0,1912.0,1143.0,2.5,,15.1,116.0,115.0,31.9,30.6,1.4201
2004-06-28 21:00:00,1079.0,1020.0,754.0,1760.0,1014.0,1.8,,11.1,89.0,92.0,29.7,33.9,1.3874
2004-06-28 22:00:00,1091.0,1038.0,744.0,1786.0,1088.0,1.8,,11.7,103.0,99.0,28.6,36.8,1.416
2004-06-28 23:00:00,1085.0,1039.0,745.0,1790.0,1092.0,2.0,,11.7,100.0,96.0,27.8,38.7,1.4187
2004-06-29 00:00:00,1050.0,966.0,780.0,1748.0,1090.0,1.5,,9.7,86.0,80.0,27.8,40.0,1.4691
2004-06-29 01:00:00,941.0,814.0,873.0,1592.0,979.0,0.8,,6.0,52.0,65.0,27.5,41.3,1.4962
2004-06-29 02:00:00,891.0,705.0,980.0,1534.0,806.0,0.4,,3.9,27.0,46.0,27.3,41.6,1.4906
2004-06-29 03:00:00,842.0,624.0,1080.0,1480.0,712.0,0.3,,2.6,,,26.0,44.2,1.4657
2004-06-29 04:00:00,850.0,639.0,1048.0,1519.0,853.0,,,2.8,35.0,57.0,24.8,48.0,1.4857
2004-06-29 05:00:00,863.0,652.0,1055.0,1504.0,816.0,0.5,,3.0,42.0,54.0,25.9,45.1,1.4889
2004-06-29 06:00:00,956.0,784.0,928.0,1634.0,934.0,0.7,,5.4,57.0,62.0,25.3,47.6,1.5108
2004-06-29 07:00:00,1384.0,1391.0,552.0,2316.0,1548.0,3.4,,23.5,228.0,102.0,24.7,49.5,1.5201
2004-06-29 08:00:00,1502.0,1631.0,459.0,2622.0,1858.0,5.7,,33.5,350.0,140.0,27.1,43.1,1.5224
2004-06-29 09:00:00,1219.0,1163.0,642.0,1963.0,1410.0,3.2,,15.5,232.0,121.0,28.3,39.8,1.5053
2004-06-29 10:00:00,1237.0,1157.0,663.0,1968.0,1334.0,2.7,,15.3,206.0,132.0,32.4,32.3,1.5484
2004-06-29 11:00:00,1181.0,1078.0,706.0,1870.0,1140.0,2.1,,12.8,159.0,122.0,35.4,27.8,1.5733
2004-06-29 12:00:00,1251.0,1154.0,682.0,1955.0,1111.0,2.8,,15.2,184.0,148.0,35.5,27.4,1.5635
2004-06-29 13:00:00,1214.0,1170.0,681.0,1963.0,1054.0,2.5,,15.7,136.0,133.0,37.8,24.4,1.5722
2004-06-29 14:00:00,1166.0,1062.0,726.0,1825.0,924.0,2.1,,12.3,124.0,130.0,37.2,25.5,1.5914
2004-06-29 15:00:00,1226.0,1157.0,683.0,1912.0,1041.0,2.5,,15.3,133.0,141.0,37.2,25.6,1.6014
2004-06-29 16:00:00,1265.0,1229.0,636.0,2040.0,1282.0,2.7,,17.6,156.0,172.0,38.0,25.0,1.6312
2004-06-29 17:00:00,1317.0,1338.0,593.0,2132.0,1362.0,3.7,,21.5,200.0,198.0,37.1,26.9,1.6635
2004-06-29 18:00:00,1372.0,1382.0,568.0,2268.0,1441.0,3.7,,23.2,202.0,181.0,36.9,27.8,1.7099
2004-06-29 19:00:00,1443.0,1443.0,543.0,2332.0,1559.0,4.6,,25.6,286.0,202.0,34.7,31.9,1.7325
2004-06-29 20:00:00,1200.0,1126.0,664.0,1979.0,1198.0,2.6,,14.3,141.0,120.0,31.9,38.4,1.7897
2004-06-29 21:00:00,1216.0,1130.0,655.0,1994.0,1246.0,2.5,,14.4,117.0,115.0,30.5,42.3,1.8173
2004-06-29 22:00:00,1160.0,1070.0,687.0,1929.0,1192.0,2.3,,12.6,110.0,112.0,29.3,45.8,1.8362
2004-06-29 23:00:00,1194.0,1106.0,667.0,1985.0,1194.0,2.2,,13.7,100.0,97.0,28.2,48.1,1.8144
2004-06-30 00:00:00,1199.0,1087.0,658.0,1954.0,1252.0,2.5,,13.1,112.0,100.0,27.3,51.0,1.8287
2004-06-30 01:00:00,965.0,818.0,844.0,1681.0,777.0,0.9,,6.1,35.0,47.0,26.8,52.4,1.8141
2004-06-30 02:00:00,961.0,801.0,850.0,1683.0,798.0,0.8,,5.8,33.0,44.0,26.0,54.9,1.8141
2004-06-30 03:00:00,901.0,697.0,952.0,1586.0,800.0,0.7,,3.7,,,26.8,51.9,1.8058
2004-06-30 04:00:00,864.0,629.0,1052.0,1558.0,728.0,0.5,,2.6,28.0,42.0,26.9,51.8,1.805
2004-06-30 05:00:00,952.0,742.0,892.0,1656.0,953.0,0.7,,4.6,49.0,57.0,24.6,59.1,1.8013
2004-06-30 06:00:00,1009.0,875.0,797.0,1738.0,1060.0,0.9,,7.4,81.0,61.0,26.4,53.1,1.7987
2004-06-30 07:00:00,1225.0,1155.0,643.0,1992.0,1338.0,2.2,,15.2,178.0,106.0,27.3,46.4,1.6542
2004-06-30 08:00:00,1245.0,1202.0,628.0,2039.0,1622.0,2.8,,16.7,223.0,136.0,28.4,40.4,1.5442
2004-06-30 09:00:00,1265.0,1209.0,638.0,2015.0,1812.0,2.9,,17.0,290.0,157.0,30.8,37.1,1.6169
2004-06-30 10:00:00,1276.0,1241.0,642.0,2024.0,1784.0,2.9,,18.0,274.0,171.0,34.2,30.7,1.6252
2004-06-30 11:00:00,1232.0,1183.0,675.0,1920.0,1509.0,3.0,,16.1,278.0,190.0,37.0,26.5,1.6352
2004-06-30 12:00:00,1193.0,1097.0,698.0,1832.0,1139.0,2.5,,13.4,152.0,155.0,36.6,27.8,1.676
2004-06-30 13:00:00,1162.0,1117.0,700.0,1857.0,1044.0,2.3,,14.0,118.0,139.0,36.9,26.9,1.6477
2004-06-30 14:00:00,1126.0,1097.0,723.0,1810.0,1015.0,2.1,,13.4,141.0,152.0,39.3,22.2,1.552
2004-06-30 15:00:00,1089.0,993.0,801.0,1675.0,825.0,1.9,,10.4,131.0,143.0,38.5,22.4,1.5018
2004-06-30 16:00:00,1134.0,1073.0,747.0,1765.0,1022.0,2.3,,12.7,171.0,168.0,39.7,20.4,1.4594
2004-06-30 17:00:00,1388.0,1418.0,568.0,2250.0,1913.0,4.2,,24.5,287.0,226.0,38.8,24.2,1.6433
2004-06-30 18:00:00,1506.0,1499.0,506.0,2485.0,2043.0,4.9,,27.8,267.0,207.0,33.5,38.0,1.939
2004-06-30 19:00:00,1352.0,1385.0,563.0,2205.0,1661.0,4.9,,23.3,280.0,197.0,34.0,32.9,1.7251
2004-06-30 20:00:00,1217.0,1227.0,641.0,2040.0,1404.0,3.5,,17.6,224.0,158.0,31.9,33.7,1.5663
2004-06-30 21:00:00,1149.0,1132.0,688.0,1936.0,1233.0,2.5,,14.5,137.0,124.0,30.2,37.6,1.587
2004-06-30 22:00:00,1156.0,1129.0,688.0,1941.0,1181.0,2.5,,14.4,118.0,110.0,28.9,41.0,1.6096
2004-06-30 23:00:00,1180.0,1122.0,678.0,1921.0,1272.0,2.6,,14.2,128.0,112.0,27.8,45.2,1.6604
2004-07-01 00:00:00,1109.0,1080.0,696.0,1874.0,1190.0,2.3,,12.9,111.0,102.0,27.1,47.4,1.6701
2004-07-01 01:00:00,1032.0,974.0,763.0,1800.0,982.0,1.5,,9.9,66.0,77.0,26.2,49.4,1.6555
2004-07-01 02:00:00,893.0,767.0,918.0,1607.0,805.0,0.9,,5.1,36.0,50.0,26.9,49.3,1.7196
2004-07-01 03:00:00,848.0,642.0,1079.0,1536.0,654.0,0.6,,2.8,,,26.3,50.8,1.7058
2004-07-01 04:00:00,850.0,664.0,1038.0,1568.0,727.0,0.6,,3.2,31.0,40.0,24.9,54.6,1.6908
2004-07-01 05:00:00,938.0,782.0,879.0,1685.0,1001.0,0.8,,5.4,75.0,66.0,23.4,58.6,1.6651
2004-07-01 06:00:00,948.0,828.0,858.0,1711.0,994.0,0.9,,6.4,66.0,60.0,24.4,55.2,1.6604
2004-07-01 07:00:00,1225.0,1214.0,625.0,2090.0,1322.0,2.4,,17.1,154.0,85.0,25.1,54.3,1.7057
2004-07-01 08:00:00,1380.0,1359.0,538.0,2337.0,1617.0,3.9,,22.3,239.0,120.0,26.6,51.2,1.7565
2004-07-01 09:00:00,1276.0,1138.0,628.0,2021.0,1430.0,2.9,,14.6,246.0,134.0,28.2,47.1,1.7752
2004-07-01 10:00:00,1246.0,1093.0,667.0,1942.0,1357.0,2.7,,13.3,261.0,149.0,31.6,39.4,1.7969
2004-07-01 11:00:00,1141.0,996.0,767.0,1805.0,994.0,2.0,,10.5,179.0,125.0,34.2,31.8,1.6837
2004-07-01 12:00:00,1199.0,1124.0,680.0,1940.0,1054.0,2.4,,14.2,159.0,132.0,36.6,27.1,1.6352
2004-07-01 13:00:00,1156.0,1056.0,710.0,1842.0,945.0,2.0,,12.2,111.0,114.0,37.6,26.9,1.715
2004-07-01 14:00:00,1158.0,983.0,751.0,1803.0,808.0,1.8,,10.1,101.0,110.0,38.1,26.3,1.7213
2004-07-01 15:00:00,1163.0,1039.0,723.0,1814.0,888.0,1.9,,11.7,118.0,121.0,37.8,26.9,1.7392
2004-07-01 16:00:00,1078.0,1009.0,767.0,1730.0,787.0,1.8,,10.9,120.0,127.0,37.8,22.7,1.4653
2004-07-01 17:00:00,1244.0,1219.0,651.0,1949.0,1077.0,2.9,,17.3,177.0,157.0,36.9,24.7,1.5134
2004-07-01 18:00:00,1236.0,1239.0,637.0,1986.0,1106.0,3.3,,18.0,186.0,169.0,34.5,28.5,1.531
2004-07-01 19:00:00,1364.0,1376.0,580.0,2168.0,1356.0,4.4,,22.9,235.0,179.0,32.5,30.9,1.4875
2004-07-01 20:00:00,1193.0,1196.0,675.0,1888.0,1152.0,3.4,,16.5,195.0,149.0,30.9,30.4,1.338
2004-07-01 21:00:00,1078.0,985.0,778.0,1697.0,925.0,1.9,,10.2,106.0,111.0,28.7,34.7,1.3457
2004-07-01 22:00:00,1140.0,1035.0,726.0,1779.0,1059.0,2.1,,11.6,107.0,112.0,27.7,39.3,1.4372
2004-07-01 23:00:00,1239.0,1127.0,648.0,1930.0,1201.0,2.5,,14.3,134.0,120.0,26.8,45.1,1.5645
2004-07-02 00:00:00,1171.0,1093.0,669.0,1862.0,1205.0,2.3,,13.3,117.0,105.0,26.1,45.3,1.5115
2004-07-02 01:00:00,1065.0,977.0,736.0,1733.0,1103.0,1.7,,10.0,83.0,90.0,25.9,46.1,1.5174
2004-07-02 02:00:00,1024.0,882.0,791.0,1662.0,1072.0,1.5,,7.6,77.0,87.0,25.3,47.6,1.513
2004-07-02 03:00:00,873.0,679.0,1010.0,1501.0,713.0,0.8,,3.4,,,26.6,43.0,1.4773
2004-07-02 04:00:00,874.0,668.0,1043.0,1513.0,737.0,,,3.3,37.0,54.0,25.3,47.2,1.5025
2004-07-02 05:00:00,887.0,647.0,1046.0,1500.0,740.0,0.5,,2.9,50.0,61.0,25.1,48.0,1.5115
2004-07-02 06:00:00,993.0,795.0,888.0,1629.0,770.0,0.8,,5.6,60.0,63.0,24.8,50.6,1.5654
2004-07-02 07:00:00,1299.0,1225.0,620.0,2077.0,1327.0,2.6,,17.5,179.0,102.0,25.7,49.7,1.615
2004-07-02 08:00:00,1529.0,1526.0,476.0,2559.0,1763.0,4.9,,29.0,300.0,149.0,27.4,45.5,1.6396
2004-07-02 09:00:00,1320.0,1210.0,595.0,2052.0,1477.0,2.9,,17.0,263.0,147.0,29.3,40.0,1.6082
2004-07-02 10:00:00,1226.0,1168.0,650.0,1952.0,1311.0,2.8,,15.6,265.0,158.0,33.6,28.7,1.4693
2004-07-02 11:00:00,1105.0,980.0,777.0,1745.0,980.0,1.8,,10.1,164.0,112.0,34.6,27.7,1.4991
2004-07-02 12:00:00,1160.0,1040.0,720.0,1810.0,961.0,1.8,,11.7,122.0,108.0,35.6,27.2,1.5557
2004-07-02 13:00:00,1125.0,1051.0,730.0,1771.0,923.0,1.9,,12.0,125.0,120.0,36.9,23.3,1.4313
2004-07-02 14:00:00,1099.0,1015.0,763.0,1732.0,839.0,1.7,,11.0,125.0,117.0,38.8,20.7,1.4036
2004-07-02 15:00:00,1124.0,1021.0,745.0,1735.0,827.0,1.7,,11.2,115.0,119.0,38.1,22.6,1.4868
2004-07-02 16:00:00,1105.0,995.0,778.0,1681.0,821.0,1.9,,10.5,162.0,149.0,37.1,23.0,1.4229
2004-07-02 17:00:00,1035.0,1043.0,804.0,1647.0,749.0,2.1,,11.8,149.0,174.0,34.8,19.3,1.0543
2004-07-02 18:00:00,1065.0,1110.0,757.0,1691.0,871.0,2.4,,13.8,161.0,163.0,33.6,20.7,1.059
2004-07-02 19:00:00,1051.0,1220.0,739.0,1729.0,1077.0,3.0,,17.3,201.0,161.0,31.4,18.5,0.8376
2004-07-02 20:00:00,1073.0,1124.0,752.0,1688.0,1175.0,2.8,,14.2,209.0,154.0,29.5,23.8,0.9623
2004-07-02 21:00:00,1008.0,1004.0,817.0,1588.0,1125.0,1.9,,10.7,133.0,124.0,27.4,27.1,0.9736
2004-07-02 22:00:00,1090.0,1073.0,745.0,1693.0,1124.0,2.1,,12.7,133.0,122.0,26.1,31.1,1.0338
2004-07-02 23:00:00,1048.0,983.0,780.0,1643.0,1064.0,1.8,,10.1,134.0,119.0,25.5,34.0,1.0935
2004-07-03 00:00:00,1131.0,1087.0,705.0,1738.0,1240.0,2.5,,13.1,164.0,131.0,24.0,37.8,1.1125
2004-07-03 01:00:00,953.0,874.0,854.0,1528.0,899.0,1.1,,7.4,72.0,84.0,24.2,37.3,1.1118
2004-07-03 02:00:00,897.0,745.0,968.0,1461.0,807.0,0.7,,4.6,50.0,77.0,23.4,40.6,1.1571
2004-07-03 03:00:00,900.0,750.0,932.0,1494.0,817.0,0.7,,4.7,,,21.8,46.6,1.1991
2004-07-03 04:00:00,828.0,639.0,1077.0,1371.0,573.0,0.4,,2.8,27.0,41.0,22.6,43.0,1.1629
2004-07-03 05:00:00,892.0,739.0,964.0,1479.0,768.0,0.7,,4.5,74.0,68.0,20.2,50.7,1.1844
2004-07-03 06:00:00,914.0,809.0,912.0,1530.0,807.0,0.7,,5.9,69.0,69.0,20.5,49.3,1.176
2004-07-03 07:00:00,1096.0,1017.0,722.0,1743.0,1204.0,1.8,,11.1,162.0,101.0,21.4,48.0,1.2086
2004-07-03 08:00:00,1173.0,1130.0,648.0,1885.0,1401.0,2.3,,14.4,208.0,120.0,23.2,43.9,1.2344
2004-07-03 09:00:00,1125.0,1016.0,712.0,1725.0,1256.0,1.9,,11.1,168.0,124.0,25.3,40.7,1.2921
2004-07-03 10:00:00,1079.0,976.0,781.0,1669.0,999.0,1.7,,9.9,139.0,113.0,29.9,31.1,1.2883
2004-07-03 11:00:00,974.0,930.0,872.0,1536.0,712.0,1.3,,8.8,104.0,97.0,33.9,21.3,1.1067
2004-07-03 12:00:00,977.0,973.0,865.0,1550.0,712.0,1.5,,9.9,99.0,94.0,36.3,16.0,0.9465
2004-07-03 13:00:00,912.0,873.0,946.0,1436.0,614.0,1.3,,7.4,89.0,86.0,36.6,15.2,0.9177
2004-07-03 14:00:00,896.0,817.0,992.0,1426.0,554.0,0.8,,6.1,57.0,70.0,37.4,15.8,0.9998
2004-07-03 15:00:00,896.0,822.0,1002.0,1391.0,722.0,0.8,,6.2,64.0,70.0,37.9,15.0,0.9721
2004-07-03 16:00:00,956.0,862.0,930.0,1479.0,636.0,1.1,,7.1,65.0,82.0,38.0,16.8,1.0933
2004-07-03 17:00:00,970.0,900.0,909.0,1524.0,664.0,1.2,,8.0,79.0,93.0,36.9,17.5,1.0789
2004-07-03 18:00:00,929.0,869.0,942.0,1454.0,624.0,1.2,,7.3,80.0,89.0,35.3,17.0,0.9561
2004-07-03 19:00:00,947.0,926.0,905.0,1484.0,659.0,1.4,,8.7,81.0,90.0,31.9,20.4,0.9462
2004-07-03 20:00:00,1003.0,880.0,864.0,1537.0,695.0,1.1,,7.5,59.0,67.0,29.1,29.6,1.1792
2004-07-03 21:00:00,1045.0,940.0,822.0,1658.0,920.0,1.5,,9.0,90.0,94.0,27.4,33.4,1.2022
2004-07-03 22:00:00,1125.0,1035.0,728.0,1726.0,1150.0,2.0,,11.6,122.0,109.0,26.7,35.8,1.2318
2004-07-03 23:00:00,1138.0,985.0,742.0,1710.0,1141.0,1.9,,10.2,120.0,103.0,25.2,42.7,1.3473
2004-07-04 00:00:00,1217.0,1060.0,660.0,1840.0,1227.0,2.2,,12.3,126.0,101.0,24.0,51.9,1.5252
2004-07-04 01:00:00,983.0,831.0,847.0,1585.0,887.0,1.1,,6.4,68.0,71.0,24.5,44.4,1.3476
2004-07-04 02:00:00,1007.0,864.0,816.0,1639.0,987.0,1.1,,7.2,65.0,71.0,22.6,51.0,1.3805
2004-07-04 03:00:00,957.0,816.0,846.0,1613.0,903.0,0.8,,6.1,,,22.2,52.7,1.3891
2004-07-04 04:00:00,914.0,725.0,949.0,1550.0,780.0,0.6,,4.3,38.0,49.0,21.2,56.8,1.4094
2004-07-04 05:00:00,886.0,702.0,971.0,1528.0,767.0,0.6,,3.8,31.0,43.0,20.3,59.6,1.3994
2004-07-04 06:00:00,899.0,708.0,972.0,1559.0,780.0,0.6,,4.0,40.0,44.0,21.3,56.7,1.4178
2004-07-04 07:00:00,942.0,723.0,968.0,1573.0,698.0,0.6,,4.2,36.0,42.0,23.0,54.6,1.5177
2004-07-04 08:00:00,1022.0,817.0,835.0,1669.0,821.0,1.1,,6.1,64.0,69.0,23.7,54.3,1.5731
2004-07-04 09:00:00,1009.0,810.0,859.0,1634.0,772.0,1.0,,6.0,56.0,65.0,25.4,49.3,1.5732
2004-07-04 10:00:00,1025.0,809.0,877.0,1606.0,690.0,1.0,,5.9,56.0,68.0,29.6,37.7,1.544
2004-07-04 11:00:00,977.0,783.0,939.0,1543.0,586.0,1.0,,5.4,43.0,58.0,33.9,26.2,1.3664
2004-07-04 12:00:00,936.0,757.0,1007.0,1459.0,523.0,0.8,,4.9,40.0,52.0,35.8,22.4,1.2933
2004-07-04 13:00:00,884.0,703.0,1076.0,1394.0,488.0,0.7,,3.9,34.0,46.0,37.9,18.8,1.222
2004-07-04 14:00:00,809.0,664.0,1185.0,1270.0,427.0,0.4,,3.2,28.0,40.0,38.5,14.8,0.9942
2004-07-04 15:00:00,852.0,718.0,1109.0,1307.0,468.0,0.5,,4.1,32.0,47.0,39.3,14.5,1.0149
2004-07-04 16:00:00,872.0,708.0,1106.0,1331.0,489.0,0.6,,4.0,39.0,56.0,38.9,15.6,1.0613
2004-07-04 17:00:00,839.0,752.0,1102.0,1298.0,515.0,0.7,,4.8,52.0,64.0,37.9,12.7,0.8211
2004-07-04 18:00:00,854.0,788.0,1064.0,1310.0,562.0,0.9,,5.5,60.0,71.0,35.8,13.4,0.7749
2004-07-04 19:00:00,971.0,942.0,900.0,1541.0,776.0,1.6,,9.1,104.0,103.0,32.3,19.7,0.9345
2004-07-04 20:00:00,985.0,944.0,866.0,1541.0,833.0,1.6,,9.1,102.0,97.0,30.1,23.5,0.9869
2004-07-04 21:00:00,1027.0,981.0,817.0,1631.0,1023.0,1.7,,10.1,120.0,108.0,28.2,28.7,1.0806
2004-07-04 22:00:00,1012.0,876.0,853.0,1580.0,967.0,1.3,,7.4,89.0,87.0,26.0,35.7,1.1842
2004-07-04 23:00:00,1086.0,973.0,766.0,1656.0,1089.0,1.9,,9.9,121.0,104.0,25.3,39.2,1.2452
2004-07-05 00:00:00,1025.0,939.0,790.0,1635.0,1103.0,1.5,,9.0,107.0,93.0,24.7,38.7,1.1845
2004-07-05 01:00:00,848.0,692.0,1034.0,1412.0,734.0,0.6,,3.7,41.0,55.0,25.5,35.7,1.1499
2004-07-05 02:00:00,839.0,652.0,1075.0,1405.0,671.0,0.4,,3.0,34.0,49.0,22.5,43.2,1.1589
2004-07-05 03:00:00,814.0,618.0,1097.0,1400.0,696.0,0.3,,2.5,,,21.6,46.1,1.1761
2004-07-05 04:00:00,816.0,624.0,1073.0,1422.0,729.0,,,2.6,41.0,56.0,19.7,51.4,1.1688
2004-07-05 05:00:00,799.0,613.0,1120.0,1387.0,641.0,0.4,,2.4,38.0,43.0,21.6,45.7,1.1665
2004-07-05 06:00:00,879.0,792.0,906.0,1521.0,825.0,0.7,,5.6,59.0,57.0,21.1,47.3,1.1654
2004-07-05 07:00:00,1104.0,1125.0,697.0,1815.0,1179.0,2.0,,14.3,165.0,80.0,21.6,44.1,1.1269
2004-07-05 08:00:00,1344.0,1496.0,519.0,2311.0,1651.0,3.9,,27.7,287.0,134.0,23.7,37.9,1.0988
2004-07-05 09:00:00,1226.0,1272.0,632.0,1901.0,1474.0,3.6,,19.1,317.0,157.0,26.0,30.1,0.9953
2004-07-05 10:00:00,1157.0,1176.0,691.0,1779.0,1370.0,3.2,,15.9,330.0,175.0,30.6,23.2,1.001
2004-07-05 11:00:00,1059.0,1060.0,798.0,1638.0,1141.0,2.2,,12.3,204.0,147.0,34.1,19.1,1.0048
2004-07-05 12:00:00,1076.0,1057.0,778.0,1633.0,1076.0,2.2,,12.2,189.0,140.0,36.2,18.0,1.0636
2004-07-05 13:00:00,1066.0,1041.0,783.0,1641.0,1036.0,2.1,,11.7,165.0,137.0,37.4,17.3,1.0914
2004-07-05 14:00:00,1049.0,994.0,813.0,1580.0,881.0,1.8,,10.4,139.0,123.0,39.5,15.6,1.102
2004-07-05 15:00:00,1097.0,1074.0,776.0,1671.0,960.0,2.0,,12.7,156.0,138.0,40.4,14.9,1.1033
2004-07-05 16:00:00,1087.0,1018.0,791.0,1624.0,883.0,1.8,,11.1,130.0,132.0,40.1,16.1,1.1699
2004-07-05 17:00:00,1269.0,1269.0,633.0,1942.0,1221.0,3.0,,19.0,173.0,174.0,39.3,18.9,1.3251
2004-07-05 18:00:00,1328.0,1405.0,584.0,2072.0,1518.0,4.3,,24.1,302.0,203.0,37.3,19.9,1.2437
2004-07-05 19:00:00,1200.0,1270.0,654.0,1906.0,1264.0,3.5,,19.1,239.0,176.0,33.6,22.9,1.1747
2004-07-05 20:00:00,1098.0,1105.0,732.0,1768.0,1061.0,2.5,,13.6,139.0,125.0,30.7,28.9,1.2501
2004-07-05 21:00:00,1058.0,1004.0,776.0,1684.0,947.0,1.8,,10.7,92.0,98.0,28.8,32.8,1.2776
2004-07-05 22:00:00,1081.0,1025.0,738.0,1757.0,1059.0,1.9,,11.3,104.0,103.0,27.3,36.8,1.3207
2004-07-05 23:00:00,1062.0,962.0,776.0,1674.0,1030.0,1.9,,9.6,108.0,104.0,26.2,39.7,1.3249
2004-07-06 00:00:00,1078.0,971.0,752.0,1694.0,1065.0,1.9,,9.8,107.0,105.0,25.4,43.0,1.37
2004-07-06 01:00:00,917.0,761.0,931.0,1497.0,893.0,0.9,,4.9,55.0,75.0,25.8,41.0,1.3461
2004-07-06 02:00:00,881.0,718.0,965.0,1510.0,837.0,0.7,,4.1,43.0,60.0,23.3,48.4,1.3677
2004-07-06 03:00:00,865.0,671.0,1012.0,1477.0,807.0,0.6,,3.3,,,23.5,47.8,1.3607
2004-07-06 04:00:00,829.0,602.0,1123.0,1410.0,596.0,0.4,,2.2,23.0,36.0,23.5,46.7,1.3361
2004-07-06 05:00:00,913.0,743.0,931.0,1540.0,884.0,0.7,,4.6,65.0,66.0,21.8,52.3,1.3539
2004-07-06 06:00:00,1077.0,985.0,742.0,1780.0,1170.0,1.6,,10.2,165.0,97.0,21.8,52.5,1.3529
2004-07-06 07:00:00,1337.0,1386.0,565.0,2196.0,1596.0,3.8,,23.3,274.0,115.0,22.9,49.1,1.3546
2004-07-06 08:00:00,1467.0,1575.0,472.0,2460.0,1873.0,5.1,,31.0,369.0,145.0,24.9,43.3,1.3422
2004-07-06 09:00:00,1257.0,1227.0,611.0,1954.0,1608.0,3.4,,17.6,308.0,162.0,26.7,39.4,1.3556
2004-07-06 10:00:00,1227.0,1125.0,675.0,1835.0,1470.0,2.6,,14.3,227.0,147.0,30.5,32.9,1.4135
2004-07-06 11:00:00,1188.0,1108.0,693.0,1818.0,1275.0,2.2,,13.7,178.0,132.0,34.2,27.2,1.4404
2004-07-06 12:00:00,1301.0,1276.0,631.0,1953.0,1407.0,3.4,,19.3,267.0,179.0,38.2,20.9,1.3701
2004-07-06 13:00:00,1201.0,1278.0,657.0,1892.0,1302.0,3.4,,19.3,278.0,174.0,39.6,16.9,1.2028
2004-07-06 14:00:00,1058.0,1026.0,794.0,1622.0,931.0,1.8,,11.3,165.0,132.0,39.9,15.8,1.141
2004-07-06 15:00:00,1037.0,1075.0,789.0,1604.0,917.0,2.0,,12.7,172.0,151.0,40.2,13.9,1.02
2004-07-06 16:00:00,1055.0,1157.0,762.0,1674.0,985.0,2.4,,15.3,216.0,168.0,39.6,13.2,0.9332
2004-07-06 17:00:00,1179.0,1364.0,661.0,1845.0,1265.0,3.8,,22.5,306.0,192.0,39.5,12.6,0.8894
2004-07-06 18:00:00,1298.0,1430.0,632.0,1946.0,2475.0,4.4,,25.0,317.0,194.0,37.9,13.9,0.9015
2004-07-06 19:00:00,1213.0,1327.0,654.0,1864.0,2021.0,3.9,,21.1,251.0,155.0,34.2,17.9,0.9444
2004-07-06 20:00:00,1233.0,1398.0,613.0,1975.0,1834.0,4.0,,23.8,230.0,159.0,32.6,20.6,0.9939
2004-07-06 21:00:00,1086.0,1145.0,737.0,1717.0,1426.0,2.5,,14.9,154.0,125.0,30.4,23.2,0.9889
2004-07-06 22:00:00,1056.0,1078.0,765.0,1668.0,1272.0,2.1,,12.8,137.0,108.0,28.8,25.1,0.9793
2004-07-06 23:00:00,1138.0,1128.0,681.0,1737.0,1490.0,2.4,,14.3,133.0,110.0,27.8,29.9,1.1018
2004-07-07 00:00:00,1112.0,1128.0,675.0,1771.0,1440.0,2.1,,14.3,117.0,99.0,26.9,32.6,1.1381
2004-07-07 01:00:00,992.0,948.0,773.0,1609.0,1271.0,1.6,,9.2,106.0,95.0,26.3,33.7,1.1377
2004-07-07 02:00:00,895.0,767.0,931.0,1463.0,985.0,0.8,,5.1,55.0,69.0,25.7,33.9,1.1065
2004-07-07 03:00:00,843.0,655.0,1046.0,1377.0,826.0,0.5,,3.0,,,24.8,36.0,1.1109
2004-07-07 04:00:00,828.0,626.0,1073.0,1362.0,754.0,0.4,,2.6,27.0,45.0,25.5,34.6,1.1096
2004-07-07 05:00:00,894.0,709.0,997.0,1432.0,853.0,0.5,,4.0,46.0,53.0,24.0,37.8,1.1077
2004-07-07 06:00:00,1072.0,976.0,740.0,1673.0,1340.0,1.3,,9.9,144.0,88.0,23.9,39.3,1.1522
2004-07-07 07:00:00,1425.0,1486.0,512.0,2305.0,1869.0,4.1,,27.3,392.0,136.0,24.8,38.4,1.1808
2004-07-07 08:00:00,1428.0,1500.0,496.0,2275.0,2021.0,4.1,,27.9,358.0,141.0,26.9,34.4,1.2036
2004-07-07 09:00:00,1359.0,1415.0,572.0,2081.0,1902.0,4.0,,24.5,381.0,189.0,29.6,28.7,1.1706
2004-07-07 10:00:00,1182.0,1122.0,730.0,1707.0,1527.0,2.2,,14.2,261.0,166.0,34.6,21.1,1.1398
2004-07-07 11:00:00,1117.0,1045.0,761.0,1623.0,1260.0,2.0,,11.9,207.0,154.0,38.3,17.0,1.1216
2004-07-07 12:00:00,1119.0,1088.0,741.0,1640.0,1124.0,2.0,,13.1,155.0,149.0,40.4,14.5,1.0736
2004-07-07 13:00:00,1068.0,1152.0,739.0,1683.0,1309.0,2.2,,15.1,193.0,142.0,42.6,9.6,0.8012
2004-07-07 14:00:00,1090.0,1120.0,743.0,1629.0,1283.0,2.2,,14.1,195.0,130.0,42.5,10.2,0.8478
2004-07-07 15:00:00,1056.0,1024.0,792.0,1555.0,1068.0,1.8,,11.3,159.0,121.0,41.0,11.6,0.8872
2004-07-07 16:00:00,1098.0,1007.0,799.0,1546.0,937.0,1.8,,10.8,120.0,116.0,41.3,13.0,1.0154
2004-07-07 17:00:00,1318.0,1339.0,635.0,1925.0,1416.0,3.3,,21.5,228.0,177.0,39.2,14.5,1.0106
2004-07-07 18:00:00,1348.0,1347.0,599.0,1903.0,1611.0,4.3,,21.8,348.0,233.0,36.9,17.9,1.096
2004-07-07 19:00:00,1502.0,1546.0,538.0,2199.0,1919.0,5.3,,29.8,337.0,223.0,35.6,20.4,1.1646
2004-07-07 20:00:00,1373.0,1364.0,597.0,2005.0,1745.0,4.3,,22.5,282.0,184.0,33.7,22.6,1.1658
2004-07-07 21:00:00,1397.0,1346.0,580.0,2017.0,1837.0,3.6,,21.8,228.0,165.0,31.5,27.8,1.2671
2004-07-07 22:00:00,1286.0,1214.0,620.0,1880.0,1759.0,2.4,,17.1,168.0,132.0,31.1,29.3,1.3055
2004-07-07 23:00:00,1222.0,1161.0,661.0,1827.0,1593.0,2.1,,15.4,173.0,122.0,30.2,30.9,1.3026
2004-07-08 00:00:00,1069.0,983.0,749.0,1627.0,1357.0,1.2,,10.2,87.0,88.0,29.8,30.2,1.2502
2004-07-08 01:00:00,1011.0,864.0,809.0,1532.0,1231.0,0.9,,7.2,65.0,79.0,28.4,32.5,1.2361
2004-07-08 02:00:00,962.0,803.0,853.0,1507.0,1066.0,0.6,,5.8,43.0,60.0,27.5,34.0,1.231
2004-07-08 03:00:00,919.0,723.0,910.0,1443.0,992.0,0.5,,4.2,,,26.8,35.3,1.2243
2004-07-08 04:00:00,969.0,769.0,866.0,1485.0,1063.0,,,5.1,43.0,60.0,24.5,40.4,1.2251
2004-07-08 05:00:00,986.0,784.0,839.0,1503.0,1204.0,0.6,,5.4,66.0,74.0,25.6,38.8,1.2545
2004-07-08 06:00:00,990.0,821.0,848.0,1511.0,1079.0,0.6,,6.2,57.0,62.0,27.5,34.6,1.2518
2004-07-08 07:00:00,1296.0,1208.0,603.0,1914.0,1593.0,2.2,,16.9,231.0,115.0,25.9,37.4,1.2289
2004-07-08 08:00:00,1371.0,1384.0,545.0,2082.0,1745.0,3.2,,23.2,219.0,119.0,28.5,32.5,1.2441
2004-07-08 09:00:00,1385.0,1240.0,596.0,1919.0,1847.0,3.0,,18.0,288.0,155.0,29.5,32.7,1.3229
2004-07-08 10:00:00,1381.0,1227.0,595.0,1903.0,1845.0,2.7,,17.6,312.0,162.0,29.8,33.1,1.3693
2004-07-08 11:00:00,1396.0,1306.0,587.0,1934.0,1886.0,3.2,,20.3,361.0,189.0,33.4,26.8,1.3586
2004-07-08 12:00:00,1070.0,1000.0,801.0,1538.0,1039.0,1.4,,10.6,147.0,115.0,40.3,15.8,1.1604
2004-07-08 13:00:00,1076.0,972.0,819.0,1525.0,923.0,1.3,,9.9,111.0,109.0,41.8,15.0,1.1989
2004-07-08 14:00:00,1126.0,1004.0,788.0,1609.0,926.0,1.4,,10.7,98.0,108.0,41.1,15.7,1.2071
2004-07-08 15:00:00,1225.0,1196.0,673.0,1775.0,1277.0,2.1,,16.5,156.0,145.0,41.9,14.8,1.1944
2004-07-08 16:00:00,1202.0,1206.0,671.0,1807.0,1301.0,2.4,,16.9,213.0,167.0,40.9,14.6,1.114
2004-07-08 17:00:00,1308.0,1310.0,628.0,1891.0,1385.0,3.1,,20.5,250.0,200.0,39.1,16.9,1.1705
2004-07-08 18:00:00,1440.0,1281.0,580.0,2021.0,1474.0,3.5,,19.4,253.0,178.0,36.4,27.3,1.6308
2004-07-08 19:00:00,1611.0,1552.0,487.0,2371.0,1948.0,5.1,,30.0,317.0,206.0,34.9,29.3,1.611
2004-07-08 20:00:00,1387.0,1419.0,559.0,2113.0,1677.0,4.5,,24.6,309.0,192.0,33.6,26.4,1.3515
2004-07-08 21:00:00,1268.0,1206.0,648.0,1900.0,1434.0,2.9,,16.9,201.0,137.0,32.2,27.6,1.3044
2004-07-08 22:00:00,1237.0,1175.0,660.0,1834.0,1424.0,2.6,,15.8,173.0,128.0,30.5,29.7,1.2742
2004-07-08 23:00:00,1302.0,1198.0,628.0,1934.0,1504.0,2.7,,16.6,156.0,121.0,29.4,35.6,1.4383
2004-07-09 00:00:00,1347.0,1282.0,575.0,1996.0,1661.0,3.2,,19.5,190.0,136.0,29.1,34.8,1.38
2004-07-09 01:00:00,1355.0,1198.0,564.0,1905.0,1714.0,2.3,,16.6,129.0,109.0,27.7,41.9,1.537
2004-07-09 02:00:00,1023.0,822.0,823.0,1585.0,1050.0,1.0,,6.2,65.0,74.0,27.9,41.6,1.5425
2004-07-09 03:00:00,903.0,631.0,1070.0,1458.0,550.0,0.5,,2.7,,,27.8,43.7,1.6039
2004-07-09 04:00:00,876.0,605.0,1144.0,1432.0,456.0,0.4,,2.3,29.0,40.0,27.4,42.2,1.5177
2004-07-09 05:00:00,932.0,707.0,1011.0,1509.0,554.0,0.6,,3.9,58.0,61.0,26.6,42.8,1.4713
2004-07-09 06:00:00,1020.0,866.0,847.0,1636.0,744.0,1.0,,7.2,92.0,83.0,26.9,40.3,1.4041
2004-07-09 07:00:00,1264.0,1241.0,609.0,1989.0,1280.0,2.9,,18.1,228.0,129.0,27.0,37.3,1.3081
2004-07-09 08:00:00,1179.0,1153.0,654.0,1877.0,1096.0,2.7,,15.1,172.0,,27.0,35.3,1.2396
2004-07-09 09:00:00,1079.0,966.0,785.0,1640.0,927.0,1.8,,9.7,154.0,115.0,27.4,32.0,1.1545
2004-07-09 10:00:00,1036.0,955.0,829.0,1527.0,840.0,1.8,,9.4,166.0,130.0,30.5,24.7,1.0592
2004-07-09 11:00:00,1002.0,964.0,828.0,1546.0,786.0,1.7,,9.6,149.0,137.0,32.9,20.1,0.9902
2004-07-09 12:00:00,995.0,959.0,856.0,1544.0,690.0,1.5,,9.5,111.0,116.0,33.9,18.4,0.9587
2004-07-09 13:00:00,1008.0,962.0,845.0,1545.0,742.0,1.7,,9.6,145.0,129.0,34.4,19.3,1.0325
2004-07-09 14:00:00,978.0,962.0,846.0,1527.0,680.0,1.3,,9.6,105.0,117.0,34.2,19.6,1.0399
2004-07-09 15:00:00,989.0,990.0,822.0,1577.0,705.0,1.5,,10.3,113.0,138.0,33.2,20.4,1.0195
2004-07-09 16:00:00,961.0,985.0,845.0,1554.0,677.0,1.5,,10.2,115.0,139.0,32.4,19.1,0.915
2004-07-09 17:00:00,1009.0,1116.0,779.0,1602.0,877.0,2.3,,14.0,202.0,180.0,32.2,17.1,0.8124
2004-07-09 18:00:00,970.0,1117.0,786.0,1579.0,844.0,2.2,,14.0,180.0,162.0,31.0,17.1,0.7526
2004-07-09 19:00:00,1097.0,1199.0,699.0,1738.0,1006.0,2.8,,16.6,190.0,158.0,28.3,24.9,0.9412
2004-07-09 20:00:00,1065.0,1105.0,723.0,1672.0,987.0,2.7,,13.6,207.0,162.0,26.6,30.2,1.033
2004-07-09 21:00:00,1036.0,986.0,776.0,1614.0,868.0,1.7,,10.2,113.0,112.0,24.8,36.8,1.1357
2004-07-09 22:00:00,1049.0,958.0,794.0,1648.0,861.0,1.5,,9.5,98.0,104.0,23.7,43.4,1.2495
2004-07-09 23:00:00,1147.0,1043.0,727.0,1719.0,1042.0,2.3,,11.8,152.0,125.0,23.0,46.2,1.2815
2004-07-10 00:00:00,1118.0,1082.0,694.0,1792.0,1080.0,2.3,,13.0,161.0,127.0,22.7,47.7,1.2977
2004-07-10 01:00:00,1016.0,963.0,776.0,1661.0,811.0,1.5,,9.6,91.0,95.0,22.2,49.5,1.3081
2004-07-10 02:00:00,940.0,845.0,845.0,1539.0,704.0,1.0,,6.7,57.0,70.0,21.6,51.9,1.3254
2004-07-10 03:00:00,836.0,643.0,1114.0,1405.0,522.0,0.5,,2.9,,,22.3,50.4,1.3379
2004-07-10 04:00:00,831.0,626.0,1126.0,1406.0,484.0,0.3,,2.6,22.0,33.0,22.4,49.7,1.3333
2004-07-10 05:00:00,877.0,711.0,1018.0,1475.0,580.0,0.4,,4.0,41.0,45.0,21.7,52.0,1.3313
2004-07-10 06:00:00,872.0,725.0,976.0,1471.0,668.0,0.5,,4.3,53.0,56.0,21.1,53.2,1.3181
2004-07-10 07:00:00,958.0,805.0,886.0,1551.0,835.0,0.9,,5.9,92.0,74.0,22.0,51.0,1.3296
2004-07-10 08:00:00,959.0,848.0,859.0,1572.0,739.0,1.1,,6.8,91.0,84.0,25.0,41.6,1.301
2004-07-10 09:00:00,997.0,933.0,799.0,1612.0,763.0,1.4,,8.8,89.0,93.0,26.7,36.4,1.2596
2004-07-10 10:00:00,916.0,843.0,891.0,1511.0,614.0,1.1,,6.7,81.0,97.0,29.1,29.7,1.1751
2004-07-10 11:00:00,895.0,831.0,946.0,1473.0,566.0,0.9,,6.4,66.0,83.0,31.2,23.4,1.0487
2004-07-10 12:00:00,855.0,812.0,982.0,1416.0,508.0,0.8,,6.0,53.0,71.0,32.4,20.5,0.9806
2004-07-10 13:00:00,861.0,811.0,997.0,1409.0,509.0,0.8,,6.0,61.0,78.0,33.3,19.2,0.9634
2004-07-10 14:00:00,821.0,766.0,1071.0,1323.0,457.0,0.6,,5.0,48.0,62.0,33.1,16.8,0.8391
2004-07-10 15:00:00,835.0,731.0,1108.0,1323.0,438.0,0.6,,4.4,39.0,54.0,33.1,18.3,0.9081
2004-07-10 16:00:00,813.0,732.0,1118.0,1303.0,427.0,0.5,,4.4,41.0,59.0,32.4,18.0,0.8599
2004-07-10 17:00:00,833.0,786.0,1064.0,1328.0,453.0,0.7,,5.5,48.0,69.0,31.8,18.7,0.8624
2004-07-10 18:00:00,859.0,803.0,1032.0,1363.0,479.0,0.8,,5.8,50.0,67.0,30.3,21.4,0.9064
2004-07-10 19:00:00,887.0,778.0,978.0,1387.0,500.0,0.9,,5.3,51.0,58.0,27.2,28.2,1.0013
2004-07-10 20:00:00,970.0,900.0,856.0,1559.0,647.0,1.3,,8.0,70.0,77.0,26.1,33.7,1.1228
2004-07-10 21:00:00,990.0,866.0,866.0,1551.0,728.0,1.3,,7.2,89.0,94.0,24.7,38.8,1.1929
2004-07-10 22:00:00,1022.0,899.0,846.0,1588.0,820.0,1.4,,8.0,100.0,97.0,23.4,43.2,1.229
2004-07-10 23:00:00,1075.0,993.0,781.0,1682.0,946.0,1.9,,10.4,139.0,110.0,23.1,44.2,1.2317
2004-07-11 00:00:00,1088.0,1035.0,751.0,1713.0,1018.0,2.3,,11.6,176.0,116.0,22.7,45.3,1.2299
2004-07-11 01:00:00,925.0,831.0,880.0,1513.0,789.0,1.0,,6.4,71.0,74.0,21.6,47.5,1.2118
2004-07-11 02:00:00,853.0,716.0,994.0,1423.0,647.0,0.5,,4.1,37.0,51.0,22.0,45.8,1.1965
2004-07-11 03:00:00,918.0,830.0,875.0,1548.0,785.0,1.0,,6.4,,,20.4,51.3,1.2131
2004-07-11 04:00:00,796.0,636.0,1092.0,1387.0,576.0,0.4,,2.7,30.0,40.0,20.6,50.3,1.2041
2004-07-11 05:00:00,796.0,628.0,1136.0,1385.0,555.0,0.3,,2.6,29.0,36.0,20.6,50.6,1.2119
2004-07-11 06:00:00,795.0,606.0,1152.0,1369.0,552.0,0.2,,2.3,25.0,35.0,21.3,48.8,1.2189
2004-07-11 07:00:00,842.0,656.0,1080.0,1427.0,620.0,0.4,,3.1,40.0,48.0,20.4,52.6,1.247
2004-07-11 08:00:00,850.0,659.0,1077.0,1402.0,557.0,0.3,,3.1,32.0,38.0,23.5,44.0,1.2596
2004-07-11 09:00:00,884.0,709.0,1027.0,1442.0,556.0,0.6,,4.0,43.0,54.0,25.7,37.9,1.2334
2004-07-11 10:00:00,907.0,741.0,983.0,1486.0,573.0,0.6,,4.6,44.0,57.0,27.9,33.6,1.2433
2004-07-11 11:00:00,846.0,703.0,1034.0,1380.0,514.0,0.6,,3.9,35.0,54.0,29.0,28.3,1.1116
2004-07-11 12:00:00,827.0,697.0,1070.0,1371.0,478.0,0.5,,3.8,32.0,46.0,29.5,25.9,1.0489
2004-07-11 13:00:00,804.0,636.0,1185.0,1321.0,424.0,0.4,,2.8,21.0,36.0,31.8,22.3,1.0366
2004-07-11 14:00:00,775.0,619.0,1254.0,1272.0,386.0,0.2,,2.5,10.0,19.0,32.2,20.0,0.9488
2004-07-11 15:00:00,802.0,651.0,1206.0,1282.0,403.0,0.4,,3.0,22.0,34.0,32.4,19.3,0.922
2004-07-11 16:00:00,844.0,751.0,1064.0,1327.0,462.0,0.6,,4.7,46.0,63.0,33.0,17.7,0.8758
2004-07-11 17:00:00,881.0,765.0,1029.0,1359.0,489.0,0.9,,5.0,66.0,86.0,32.0,19.8,0.9273
2004-07-11 18:00:00,877.0,736.0,1077.0,1347.0,463.0,0.7,,4.5,49.0,65.0,29.6,24.1,0.9831
2004-07-11 19:00:00,931.0,885.0,892.0,1467.0,585.0,1.2,,7.7,86.0,101.0,26.9,27.1,0.948
2004-07-11 20:00:00,1011.0,967.0,818.0,1565.0,748.0,1.6,,9.7,111.0,116.0,25.3,30.9,0.9815
2004-07-11 21:00:00,1035.0,1015.0,757.0,1651.0,940.0,1.8,,11.0,143.0,124.0,24.2,35.9,1.0684
2004-07-11 22:00:00,1153.0,1042.0,733.0,1700.0,1022.0,2.4,,11.8,184.0,136.0,23.2,43.2,1.2104
2004-07-11 23:00:00,1020.0,929.0,805.0,1615.0,929.0,1.5,,8.7,134.0,108.0,22.7,43.9,1.1962
2004-07-12 00:00:00,954.0,879.0,837.0,1550.0,834.0,0.9,,7.5,78.0,82.0,21.6,44.0,1.1244
2004-07-12 01:00:00,903.0,800.0,911.0,1478.0,751.0,0.8,,5.7,50.0,68.0,20.7,46.4,1.1198
2004-07-12 02:00:00,779.0,581.0,1204.0,1323.0,505.0,0.2,,2.0,13.0,22.0,21.2,46.2,1.1482
2004-07-12 03:00:00,761.0,540.0,1269.0,1303.0,486.0,0.1,,1.4,,,22.7,42.3,1.1491
2004-07-12 04:00:00,780.0,568.0,1200.0,1331.0,501.0,,,1.8,24.0,34.0,19.9,51.3,1.1803
2004-07-12 05:00:00,835.0,672.0,1053.0,1423.0,628.0,0.5,,3.3,43.0,43.0,20.0,51.8,1.1967
2004-07-12 06:00:00,1004.0,955.0,758.0,1671.0,1043.0,1.4,,9.4,146.0,84.0,18.5,57.4,1.2076
2004-07-12 07:00:00,1272.0,1328.0,567.0,2085.0,1463.0,3.3,,21.1,333.0,108.0,19.6,54.3,1.2278
2004-07-12 08:00:00,1173.0,1217.0,625.0,1945.0,1358.0,3.6,,17.2,298.0,112.0,21.3,49.7,1.2452
2004-07-12 09:00:00,986.0,922.0,820.0,1586.0,971.0,1.7,,8.5,178.0,104.0,21.7,46.3,1.1867
2004-07-12 10:00:00,942.0,849.0,907.0,1496.0,894.0,1.5,,6.8,177.0,107.0,23.4,39.4,1.1172
2004-07-12 11:00:00,957.0,875.0,891.0,1525.0,871.0,1.6,,7.4,172.0,102.0,25.7,33.0,1.0763
2004-07-12 12:00:00,1024.0,1052.0,779.0,1690.0,952.0,2.1,,12.1,183.0,104.0,28.5,27.3,1.0479
2004-07-12 13:00:00,962.0,963.0,835.0,1592.0,843.0,2.1,,9.6,164.0,96.0,27.0,27.9,0.9812
2004-07-12 14:00:00,958.0,873.0,868.0,1550.0,750.0,1.6,,7.4,122.0,80.0,24.2,36.9,1.0966
2004-07-12 15:00:00,933.0,831.0,888.0,1514.0,710.0,1.3,,6.4,105.0,72.0,26.0,34.9,1.1509
2004-07-12 16:00:00,942.0,912.0,842.0,1551.0,814.0,1.6,,8.3,144.0,106.0,24.8,33.1,1.0222
2004-07-12 17:00:00,1073.0,1117.0,693.0,1762.0,1052.0,3.1,,14.0,220.0,119.0,24.0,36.3,1.0708
2004-07-12 18:00:00,1086.0,1159.0,686.0,1782.0,1060.0,3.3,,15.3,207.0,119.0,23.6,35.5,1.0187
2004-07-12 19:00:00,1091.0,1161.0,682.0,1797.0,1153.0,3.4,,15.4,210.0,128.0,23.6,35.7,1.0282
2004-07-12 20:00:00,980.0,1009.0,786.0,1625.0,986.0,2.8,,10.9,175.0,112.0,23.3,34.5,0.9768
2004-07-12 21:00:00,904.0,877.0,890.0,1488.0,781.0,1.5,,7.5,117.0,95.0,22.5,36.8,0.988
2004-07-12 22:00:00,865.0,773.0,991.0,1414.0,653.0,1.3,,5.2,93.0,85.0,21.3,38.7,0.9686
2004-07-12 23:00:00,898.0,863.0,911.0,1493.0,777.0,1.6,,7.1,118.0,101.0,20.9,39.4,0.9596
2004-07-13 00:00:00,945.0,883.0,837.0,1563.0,1015.0,1.5,,7.6,132.0,94.0,19.8,47.7,1.093
2004-07-13 01:00:00,854.0,764.0,932.0,1476.0,922.0,1.0,,5.0,88.0,76.0,19.3,51.4,1.1387
2004-07-13 02:00:00,751.0,587.0,1165.0,1353.0,678.0,0.5,,2.0,43.0,50.0,18.4,53.4,1.117
2004-07-13 03:00:00,723.0,544.0,1274.0,1315.0,584.0,0.4,,1.5,,,18.8,51.1,1.1
2004-07-13 04:00:00,754.0,620.0,1102.0,1372.0,725.0,0.6,,2.5,44.0,51.0,16.3,59.8,1.1042
2004-07-13 05:00:00,758.0,670.0,1070.0,1365.0,688.0,0.7,,3.3,50.0,42.0,16.6,56.8,1.0629
2004-07-13 06:00:00,873.0,871.0,871.0,1528.0,887.0,1.3,,7.3,101.0,62.0,16.2,57.4,1.0515
2004-07-13 07:00:00,1176.0,1398.0,567.0,2120.0,1494.0,4.0,,23.8,339.0,111.0,17.3,54.3,1.0631
2004-07-13 08:00:00,1257.0,1495.0,524.0,2245.0,1647.0,5.0,,27.6,379.0,129.0,19.2,48.8,1.0751
2004-07-13 09:00:00,1137.0,1200.0,648.0,1821.0,1489.0,3.6,,16.7,321.0,135.0,21.7,42.4,1.0859
2004-07-13 10:00:00,1064.0,1126.0,711.0,1656.0,1361.0,2.8,,14.3,272.0,139.0,26.4,29.9,1.0138
2004-07-13 11:00:00,1026.0,1094.0,769.0,1629.0,1224.0,2.6,,13.3,278.0,134.0,31.3,19.1,0.8634
2004-07-13 12:00:00,986.0,1133.0,773.0,1619.0,1174.0,2.7,,14.5,253.0,141.0,33.7,15.4,0.7913
2004-07-13 13:00:00,908.0,1031.0,857.0,1469.0,901.0,2.3,,11.5,187.0,112.0,34.5,13.3,0.7158
2004-07-13 14:00:00,888.0,1007.0,870.0,1448.0,794.0,2.0,,10.8,149.0,105.0,33.8,13.9,0.7172
2004-07-13 15:00:00,843.0,830.0,995.0,1339.0,577.0,1.3,,6.4,89.0,72.0,30.1,19.4,0.8157
2004-07-13 16:00:00,905.0,931.0,876.0,1460.0,776.0,1.7,,8.8,124.0,90.0,28.3,21.3,0.8054
2004-07-13 17:00:00,1023.0,1127.0,760.0,1635.0,982.0,2.8,,14.3,206.0,126.0,31.9,18.3,0.8523
2004-07-13 18:00:00,1125.0,1279.0,662.0,1840.0,1256.0,3.8,,19.4,241.0,154.0,32.0,20.1,0.9364
2004-07-13 19:00:00,1211.0,1483.0,586.0,2092.0,1483.0,4.9,,27.1,303.0,173.0,28.9,24.1,0.9495
2004-07-13 20:00:00,1140.0,1289.0,634.0,1884.0,1390.0,4.3,,19.7,294.0,162.0,27.3,27.1,0.967
2004-07-13 21:00:00,1029.0,1105.0,737.0,1666.0,1195.0,2.6,,13.6,203.0,128.0,26.0,28.5,0.9484
2004-07-13 22:00:00,981.0,1054.0,768.0,1592.0,1135.0,2.4,,12.1,176.0,120.0,25.2,28.6,0.9008
2004-07-13 23:00:00,971.0,1014.0,788.0,1585.0,1115.0,1.9,,11.0,155.0,111.0,24.3,31.1,0.9316
2004-07-14 00:00:00,927.0,930.0,840.0,1522.0,1026.0,1.4,,8.8,108.0,89.0,23.6,33.8,0.9685
2004-07-14 01:00:00,868.0,846.0,925.0,1448.0,836.0,1.1,,6.7,72.0,69.0,23.0,33.8,0.9406
2004-07-14 02:00:00,863.0,824.0,905.0,1469.0,925.0,0.9,,6.3,65.0,70.0,22.2,38.4,1.0126
2004-07-14 03:00:00,820.0,716.0,994.0,1380.0,933.0,0.7,,4.1,,,20.4,42.6,1.0083
2004-07-14 04:00:00,777.0,645.0,1076.0,1334.0,781.0,0.5,,2.9,39.0,59.0,20.5,42.3,1.0091
2004-07-14 05:00:00,855.0,762.0,942.0,1444.0,959.0,0.8,,5.0,79.0,73.0,18.8,49.0,1.0505
2004-07-14 06:00:00,960.0,973.0,769.0,1616.0,1155.0,1.3,,9.9,140.0,89.0,18.8,49.4,1.0624
2004-07-14 07:00:00,1310.0,1492.0,527.0,2194.0,1686.0,4.7,,27.5,427.0,142.0,19.9,46.5,1.071
2004-07-14 08:00:00,1339.0,1561.0,498.0,2357.0,1791.0,4.6,,30.4,366.0,145.0,22.1,41.7,1.098
2004-07-14 09:00:00,1211.0,1290.0,606.0,1913.0,1643.0,3.7,,19.8,311.0,156.0,24.0,36.4,1.0706
2004-07-14 10:00:00,1068.0,1171.0,711.0,1717.0,1360.0,2.8,,15.7,275.0,148.0,30.2,22.8,0.9616
2004-07-14 11:00:00,932.0,1026.0,851.0,1523.0,944.0,1.8,,11.3,195.0,122.0,33.4,17.1,0.8627
2004-07-14 12:00:00,949.0,1069.0,819.0,1547.0,905.0,1.9,,12.6,144.0,106.0,35.1,15.0,0.8381
2004-07-14 13:00:00,944.0,1045.0,829.0,1525.0,884.0,2.0,,11.9,162.0,106.0,34.1,16.0,0.8408
2004-07-14 14:00:00,966.0,1131.0,800.0,1612.0,968.0,2.0,,14.4,200.0,127.0,35.7,13.6,0.7836
2004-07-14 15:00:00,940.0,1063.0,848.0,1539.0,929.0,2.1,,12.4,176.0,113.0,35.3,13.8,0.7767
2004-07-14 16:00:00,934.0,1041.0,865.0,1496.0,936.0,2.1,,11.7,203.0,136.0,32.3,16.7,0.7946
2004-07-14 17:00:00,1052.0,1252.0,739.0,1729.0,1107.0,3.2,,18.4,237.0,153.0,36.0,13.3,0.7773
2004-07-14 18:00:00,1109.0,1374.0,676.0,1795.0,1225.0,4.0,,22.9,263.0,172.0,35.8,13.7,0.7868
2004-07-14 19:00:00,1169.0,1430.0,636.0,1901.0,1372.0,4.6,,25.0,300.0,190.0,32.3,18.4,0.8753
2004-07-14 20:00:00,1093.0,1163.0,717.0,1705.0,1139.0,3.0,,15.5,189.0,160.0,29.7,25.0,1.0246
2004-07-14 21:00:00,1084.0,1200.0,686.0,1753.0,1505.0,2.9,,16.7,185.0,159.0,27.8,26.6,0.9748
2004-07-14 22:00:00,970.0,1023.0,787.0,1552.0,1074.0,1.9,,11.2,134.0,123.0,26.3,27.3,0.9238
2004-07-14 23:00:00,951.0,939.0,849.0,1488.0,868.0,1.4,,9.0,96.0,101.0,25.3,30.0,0.9508
2004-07-15 00:00:00,1038.0,1053.0,744.0,1631.0,1095.0,2.1,,12.1,122.0,116.0,24.0,34.9,1.0271
2004-07-15 01:00:00,950.0,937.0,802.0,1566.0,989.0,1.2,,8.9,64.0,80.0,23.4,38.6,1.0968
2004-07-15 02:00:00,831.0,695.0,1033.0,1355.0,658.0,0.6,,3.7,30.0,51.0,23.5,38.3,1.0972
2004-07-15 03:00:00,813.0,656.0,1070.0,1332.0,603.0,0.4,,3.1,,,22.0,42.6,1.1146
2004-07-15 04:00:00,797.0,621.0,1105.0,1303.0,562.0,,,2.5,23.0,37.0,21.6,44.0,1.1225
2004-07-15 05:00:00,824.0,660.0,1033.0,1342.0,618.0,0.4,,3.1,36.0,46.0,21.4,45.6,1.1493
2004-07-15 06:00:00,879.0,796.0,912.0,1454.0,747.0,0.7,,5.7,58.0,64.0,21.1,47.1,1.1641
2004-07-15 07:00:00,1132.0,1166.0,652.0,1827.0,1229.0,2.3,,15.6,168.0,108.0,21.3,48.4,1.2119
2004-07-15 08:00:00,1291.0,1434.0,526.0,2239.0,1494.0,4.0,,25.2,306.0,151.0,22.9,47.9,1.3208
2004-07-15 09:00:00,1193.0,1160.0,630.0,1927.0,1281.0,2.8,,15.4,231.0,153.0,24.4,45.5,1.3721
2004-07-15 10:00:00,1057.0,914.0,796.0,1665.0,954.0,1.6,,8.4,157.0,116.0,27.6,38.0,1.3818
2004-07-15 11:00:00,1027.0,899.0,822.0,1563.0,810.0,1.6,,8.0,132.0,116.0,31.1,29.6,1.318
2004-07-15 12:00:00,1084.0,1052.0,736.0,1677.0,882.0,2.0,,12.1,136.0,130.0,33.4,24.7,1.2516
2004-07-15 13:00:00,1032.0,1071.0,742.0,1619.0,840.0,2.0,,12.6,127.0,131.0,35.7,18.9,1.0865
2004-07-15 14:00:00,977.0,998.0,810.0,1554.0,743.0,1.7,,10.6,125.0,131.0,36.2,18.1,1.0724
2004-07-15 15:00:00,1039.0,1069.0,773.0,1646.0,880.0,2.0,,12.6,138.0,135.0,37.1,17.7,1.094
2004-07-15 16:00:00,1056.0,1127.0,734.0,1694.0,928.0,2.2,,14.3,163.0,152.0,36.5,18.1,1.0887
2004-07-15 17:00:00,1164.0,1306.0,648.0,1886.0,1218.0,3.2,,20.3,259.0,198.0,35.5,19.1,1.0888
2004-07-15 18:00:00,1124.0,1309.0,655.0,1845.0,1170.0,3.6,,20.5,236.0,183.0,33.7,20.0,1.0275
2004-07-15 19:00:00,1152.0,1355.0,628.0,1879.0,1620.0,3.8,,22.1,245.0,175.0,30.5,22.7,0.9763
2004-07-15 20:00:00,1223.0,1399.0,592.0,1940.0,1508.0,4.8,,23.8,344.0,193.0,28.7,26.2,1.0144
2004-07-15 21:00:00,1058.0,1139.0,696.0,1699.0,1318.0,2.8,,14.7,188.0,140.0,26.7,28.9,0.9981
2004-07-15 22:00:00,1049.0,1152.0,693.0,1730.0,1189.0,2.6,,15.1,149.0,128.0,25.7,31.6,1.0285
2004-07-15 23:00:00,1010.0,1006.0,779.0,1589.0,1000.0,1.9,,10.8,102.0,100.0,24.5,35.7,1.0807
2004-07-16 00:00:00,981.0,985.0,779.0,1572.0,1020.0,1.7,,10.2,99.0,97.0,24.3,36.3,1.0852
2004-07-16 01:00:00,886.0,834.0,904.0,1440.0,767.0,1.0,,6.5,48.0,67.0,23.8,36.9,1.0748
2004-07-16 02:00:00,821.0,706.0,1021.0,1360.0,674.0,0.7,,3.9,36.0,58.0,23.7,37.3,1.076
2004-07-16 03:00:00,784.0,641.0,1114.0,1319.0,588.0,0.5,,2.8,,,22.2,40.6,1.0729
2004-07-16 04:00:00,771.0,593.0,1155.0,1291.0,545.0,0.4,,2.1,30.0,45.0,21.6,42.2,1.0762
2004-07-16 05:00:00,819.0,677.0,1048.0,1379.0,685.0,0.6,,3.4,56.0,62.0,20.3,46.8,1.1
2004-07-16 06:00:00,836.0,747.0,961.0,1384.0,702.0,0.7,,4.7,51.0,59.0,20.7,45.9,1.1088
2004-07-16 07:00:00,1114.0,1174.0,667.0,1819.0,1188.0,2.4,,15.8,172.0,102.0,20.5,47.7,1.1419
2004-07-16 08:00:00,1319.0,1470.0,520.0,2276.0,1589.0,4.4,,26.6,316.0,154.0,22.4,46.6,1.247
2004-07-16 09:00:00,1211.0,1143.0,632.0,1860.0,1331.0,3.1,,14.8,269.0,157.0,24.2,48.5,1.4452
2004-07-16 10:00:00,1051.0,950.0,802.0,1593.0,1040.0,2.0,,9.3,196.0,138.0,28.8,33.0,1.2825
2004-07-16 11:00:00,1108.0,1049.0,749.0,1701.0,1137.0,2.1,,12.0,206.0,142.0,32.8,25.2,1.2325
2004-07-16 12:00:00,1014.0,1012.0,795.0,1548.0,851.0,2.1,,10.9,156.0,125.0,34.4,19.9,1.0647
2004-07-16 13:00:00,1003.0,1047.0,769.0,1578.0,782.0,2.1,,11.9,120.0,120.0,36.5,16.7,1.0045
2004-07-16 14:00:00,1021.0,1092.0,764.0,1606.0,908.0,2.2,,13.2,161.0,150.0,37.5,14.3,0.9099
2004-07-16 15:00:00,986.0,937.0,833.0,1473.0,806.0,1.6,,8.9,114.0,120.0,38.0,15.5,1.0119
2004-07-16 16:00:00,1098.0,1084.0,754.0,1648.0,985.0,2.4,,13.0,191.0,173.0,38.1,16.5,1.0828
2004-07-16 17:00:00,1157.0,1245.0,665.0,1782.0,1211.0,3.3,,18.2,236.0,187.0,37.3,17.3,1.084
2004-07-16 18:00:00,1190.0,1395.0,606.0,1914.0,1411.0,4.0,,23.7,287.0,206.0,35.9,17.7,1.0316
2004-07-16 19:00:00,1183.0,1341.0,628.0,1881.0,1395.0,4.1,,21.6,266.0,187.0,32.4,21.5,1.0303
2004-07-16 20:00:00,1231.0,1341.0,626.0,1937.0,1578.0,4.2,,21.6,274.0,170.0,30.3,25.6,1.0879
2004-07-16 21:00:00,1102.0,1195.0,690.0,1762.0,1325.0,2.9,,16.5,196.0,149.0,28.5,27.8,1.0665
2004-07-16 22:00:00,1041.0,1060.0,748.0,1629.0,1185.0,2.3,,12.3,144.0,124.0,26.9,30.5,1.0671
2004-07-16 23:00:00,1090.0,1103.0,695.0,1686.0,1235.0,2.2,,13.6,142.0,119.0,25.7,33.5,1.0918
2004-07-17 00:00:00,1074.0,1078.0,685.0,1673.0,1317.0,2.1,,12.8,124.0,108.0,24.7,36.9,1.1302
2004-07-17 01:00:00,977.0,956.0,765.0,1581.0,1114.0,1.6,,9.4,93.0,93.0,23.6,39.2,1.1306
2004-07-17 02:00:00,949.0,910.0,816.0,1552.0,1015.0,1.2,,8.3,71.0,77.0,22.2,43.0,1.1363
2004-07-17 03:00:00,912.0,842.0,863.0,1489.0,1015.0,1.2,,6.7,,,21.2,45.8,1.1353
2004-07-17 04:00:00,863.0,746.0,919.0,1415.0,961.0,0.9,,4.6,56.0,76.0,21.3,45.9,1.1471
2004-07-17 05:00:00,834.0,689.0,988.0,1367.0,796.0,0.6,,3.6,46.0,58.0,21.6,45.0,1.151
2004-07-17 06:00:00,865.0,764.0,917.0,1430.0,826.0,0.7,,5.0,51.0,63.0,21.3,46.5,1.1608
2004-07-17 07:00:00,974.0,908.0,793.0,1546.0,1057.0,1.3,,8.2,83.0,75.0,21.1,46.9,1.1585
2004-07-17 08:00:00,1079.0,1004.0,713.0,1628.0,1302.0,2.0,,10.7,175.0,111.0,22.8,43.0,1.1731
2004-07-17 09:00:00,1084.0,990.0,734.0,1633.0,1284.0,1.9,,10.3,148.0,116.0,25.0,38.3,1.198
2004-07-17 10:00:00,1107.0,1080.0,714.0,1675.0,1348.0,2.2,,12.9,167.0,138.0,30.9,26.9,1.1835
2004-07-17 11:00:00,1040.0,1015.0,775.0,1543.0,1025.0,1.9,,11.0,120.0,117.0,35.1,19.2,1.0664
2004-07-17 12:00:00,1019.0,913.0,840.0,1428.0,759.0,1.5,,8.3,78.0,94.0,36.9,17.2,1.0576
2004-07-17 13:00:00,1003.0,907.0,862.0,1427.0,680.0,1.4,,8.2,76.0,91.0,39.3,13.9,0.9715
2004-07-17 14:00:00,925.0,772.0,1001.0,1308.0,516.0,1.0,,5.2,45.0,60.0,40.3,12.6,0.9302
2004-07-17 15:00:00,910.0,743.0,1039.0,1282.0,500.0,1.0,,4.6,54.0,66.0,39.7,13.5,0.965
2004-07-17 16:00:00,1012.0,868.0,884.0,1435.0,700.0,1.4,,7.2,70.0,87.0,41.1,13.1,1.0124
2004-07-17 17:00:00,1100.0,954.0,809.0,1512.0,1360.0,1.6,,9.4,87.0,106.0,40.1,14.9,1.0828
2004-07-17 18:00:00,1046.0,901.0,849.0,1464.0,722.0,1.6,,8.0,69.0,94.0,37.4,17.0,1.0757
2004-07-17 19:00:00,1083.0,1003.0,787.0,1524.0,842.0,2.1,,10.7,95.0,112.0,34.0,19.2,1.0073
2004-07-17 20:00:00,1050.0,962.0,810.0,1496.0,879.0,2.0,,9.6,107.0,120.0,31.7,21.6,0.9959
2004-07-17 21:00:00,1050.0,927.0,830.0,1475.0,836.0,1.9,,8.7,88.0,106.0,29.7,24.2,0.9926
2004-07-17 22:00:00,1142.0,1035.0,746.0,1611.0,1062.0,2.3,,11.6,100.0,112.0,27.9,27.6,1.0252
2004-07-17 23:00:00,1165.0,1043.0,717.0,1644.0,1188.0,2.4,,11.8,125.0,120.0,26.8,29.9,1.0402
2004-07-18 00:00:00,1136.0,995.0,727.0,1591.0,1236.0,2.2,,10.5,132.0,114.0,25.8,33.0,1.0826
2004-07-18 01:00:00,986.0,790.0,869.0,1422.0,853.0,1.2,,5.5,57.0,70.0,26.3,33.1,1.1199
2004-07-18 02:00:00,971.0,790.0,871.0,1447.0,875.0,1.1,,5.5,46.0,64.0,24.3,38.1,1.1398
2004-07-18 03:00:00,908.0,701.0,971.0,1381.0,704.0,0.8,,3.8,,,24.7,36.4,1.1158
2004-07-18 04:00:00,882.0,648.0,1023.0,1338.0,666.0,,,2.9,34.0,55.0,23.3,39.5,1.1176
2004-07-18 05:00:00,900.0,674.0,974.0,1355.0,679.0,0.6,,3.4,33.0,50.0,21.1,45.6,1.1246
2004-07-18 06:00:00,935.0,716.0,915.0,1415.0,877.0,0.7,,4.1,50.0,62.0,20.2,48.5,1.1319
2004-07-18 07:00:00,939.0,718.0,927.0,1395.0,826.0,0.4,,4.1,39.0,53.0,21.3,45.5,1.1405
2004-07-18 08:00:00,982.0,750.0,893.0,1417.0,881.0,0.6,,4.7,84.0,85.0,22.6,31.0,0.8372
2004-07-18 09:00:00,1088.0,862.0,786.0,1519.0,1110.0,0.9,,7.1,93.0,102.0,25.7,34.8,1.1292
2004-07-18 10:00:00,1065.0,872.0,831.0,1481.0,927.0,0.9,,7.4,82.0,97.0,31.6,23.8,1.0842
2004-07-18 11:00:00,1016.0,868.0,889.0,1407.0,665.0,0.8,,7.3,73.0,91.0,36.3,16.3,0.9727
2004-07-18 12:00:00,930.0,723.0,1035.0,1263.0,474.0,0.4,,4.2,43.0,62.0,37.9,15.0,0.9728
2004-07-18 13:00:00,928.0,716.0,1060.0,1252.0,459.0,0.3,,4.1,39.0,57.0,39.4,13.7,0.9639
2004-07-18 14:00:00,889.0,698.0,1132.0,1234.0,437.0,0.1,,3.8,27.0,40.0,40.2,12.3,0.8983
2004-07-18 15:00:00,966.0,802.0,968.0,1383.0,607.0,0.5,,5.8,46.0,60.0,41.3,11.9,0.9252
2004-07-18 16:00:00,973.0,792.0,977.0,1356.0,620.0,0.4,,5.6,53.0,70.0,41.4,11.8,0.9282
2004-07-18 17:00:00,950.0,754.0,1003.0,1325.0,551.0,0.3,,4.8,38.0,53.0,40.1,13.6,0.9953
2004-07-18 18:00:00,982.0,780.0,974.0,1374.0,532.0,0.4,,5.3,39.0,54.0,37.6,16.4,1.0458
2004-07-18 19:00:00,990.0,814.0,929.0,1399.0,578.0,0.6,,6.1,49.0,58.0,33.9,20.3,1.0522
2004-07-18 20:00:00,1017.0,873.0,874.0,1464.0,721.0,0.8,,7.4,68.0,73.0,31.6,22.9,1.0469
2004-07-18 21:00:00,1067.0,938.0,825.0,1520.0,912.0,1.2,,9.0,102.0,99.0,29.7,24.8,1.016
2004-07-18 22:00:00,1147.0,1040.0,745.0,1635.0,1155.0,1.6,,11.7,123.0,102.0,29.0,27.0,1.063
2004-07-18 23:00:00,1132.0,1014.0,728.0,1628.0,1279.0,1.2,,11.0,106.0,101.0,27.9,30.4,1.1249
2004-07-19 00:00:00,976.0,814.0,855.0,1448.0,1018.0,0.5,,6.0,66.0,77.0,28.0,30.6,1.1396
2004-07-19 01:00:00,920.0,730.0,944.0,1393.0,842.0,0.3,,4.3,43.0,55.0,26.8,32.3,1.1235
2004-07-19 02:00:00,879.0,642.0,1031.0,1343.0,740.0,0.1,,2.8,33.0,51.0,26.6,33.0,1.1338
2004-07-19 03:00:00,854.0,604.0,1090.0,1317.0,625.0,,,2.3,,,23.7,38.6,1.1159
2004-07-19 04:00:00,880.0,649.0,1022.0,1374.0,739.0,0.1,,2.9,33.0,50.0,22.2,42.8,1.1317
2004-07-19 05:00:00,925.0,717.0,936.0,1455.0,970.0,0.3,,4.1,75.0,75.0,21.2,46.3,1.1501
2004-07-19 06:00:00,1044.0,912.0,758.0,1604.0,1177.0,0.8,,8.3,111.0,89.0,21.4,46.5,1.172
2004-07-19 07:00:00,1279.0,1197.0,599.0,1906.0,1518.0,2.3,,16.6,250.0,112.0,22.9,43.0,1.1826
2004-07-19 08:00:00,1403.0,1443.0,508.0,2234.0,1811.0,3.4,,25.6,313.0,142.0,25.2,38.6,1.2215
2004-07-19 09:00:00,1282.0,1230.0,594.0,1924.0,1696.0,2.5,,17.7,263.0,145.0,27.1,34.9,1.231
2004-07-19 10:00:00,1262.0,1187.0,633.0,1842.0,1603.0,2.4,,16.2,282.0,165.0,32.4,24.8,1.1886
2004-07-19 11:00:00,1195.0,1153.0,678.0,1732.0,1370.0,2.1,,15.1,226.0,159.0,36.8,18.0,1.0945
2004-07-19 12:00:00,1173.0,1127.0,709.0,1678.0,1194.0,,,14.3,176.0,159.0,39.1,16.0,1.11
2004-07-19 13:00:00,1102.0,1007.0,777.0,1534.0,880.0,,,10.8,120.0,131.0,39.2,16.4,1.1439
2004-07-19 14:00:00,1076.0,982.0,799.0,1523.0,748.0,,,10.1,96.0,123.0,40.5,14.9,1.111
2004-07-19 15:00:00,1078.0,1012.0,777.0,1523.0,868.0,,,10.9,115.0,129.0,41.4,13.8,1.0786
2004-07-19 16:00:00,1100.0,1014.0,761.0,1533.0,959.0,,,11.0,108.0,126.0,40.5,14.9,1.114
2004-07-19 17:00:00,1234.0,1205.0,658.0,1781.0,1160.0,,,16.8,142.0,149.0,39.6,17.0,1.2064
2004-07-19 18:00:00,1323.0,1316.0,586.0,1911.0,1453.0,,,20.7,219.0,200.0,37.7,19.8,1.2715
2004-07-19 19:00:00,1263.0,1283.0,610.0,1863.0,1400.0,,,19.5,193.0,174.0,34.3,24.2,1.2857
2004-07-19 20:00:00,1216.0,1136.0,658.0,1737.0,1265.0,,,14.6,128.0,131.0,31.7,28.1,1.2912
2004-07-19 21:00:00,1247.0,1127.0,664.0,1761.0,1366.0,,,14.3,127.0,135.0,30.2,30.8,1.3008
2004-07-19 22:00:00,1264.0,1177.0,628.0,1820.0,1593.0,,,15.9,132.0,134.0,29.4,33.0,1.3343
2004-07-19 23:00:00,1111.0,988.0,728.0,1619.0,1336.0,,,10.3,77.0,96.0,29.2,33.1,1.3202
2004-07-20 00:00:00,1068.0,931.0,762.0,1576.0,1317.0,,,8.8,72.0,94.0,27.6,36.6,1.332
2004-07-20 01:00:00,1015.0,850.0,802.0,1531.0,1173.0,,,6.8,57.0,79.0,27.2,36.9,1.3147
2004-07-20 02:00:00,989.0,827.0,827.0,1513.0,1163.0,,,6.3,56.0,79.0,25.4,41.0,1.3079
2004-07-20 03:00:00,930.0,708.0,924.0,1440.0,1012.0,,,3.9,,,25.2,41.5,1.3106
2004-07-20 04:00:00,952.0,717.0,879.0,1481.0,1164.0,,,4.1,64.0,89.0,23.4,47.4,1.3475
2004-07-20 05:00:00,981.0,747.0,856.0,1493.0,1090.0,,,4.7,52.0,69.0,25.1,44.0,1.3794
2004-07-20 06:00:00,1138.0,974.0,683.0,1716.0,1338.0,,,9.9,122.0,91.0,23.9,46.5,1.3637
2004-07-20 07:00:00,1472.0,1424.0,499.0,2257.0,1808.0,,,24.8,314.0,135.0,24.8,43.2,1.3387
2004-07-20 08:00:00,1626.0,1713.0,412.0,2643.0,2176.0,,,37.3,395.0,166.0,27.0,38.7,1.361
2004-07-20 09:00:00,1480.0,1460.0,494.0,2238.0,2028.0,,,26.2,357.0,189.0,29.4,33.6,1.3526
2004-07-20 10:00:00,1367.0,1342.0,567.0,2002.0,1758.0,,,21.6,308.0,193.0,34.8,23.4,1.2781
2004-07-20 11:00:00,1245.0,1181.0,645.0,1747.0,1350.0,,,16.1,184.0,164.0,38.1,18.5,1.2108
2004-07-20 12:00:00,1194.0,1083.0,685.0,1632.0,1060.0,,,13.0,128.0,139.0,38.9,18.0,1.2318
2004-07-20 13:00:00,1156.0,1096.0,713.0,1615.0,954.0,,,13.4,125.0,130.0,39.8,16.0,1.1444
2004-07-20 14:00:00,1107.0,1106.0,727.0,1615.0,1024.0,,,13.7,135.0,129.0,41.7,12.5,0.9941
2004-07-20 15:00:00,1127.0,1117.0,714.0,1625.0,1092.0,,,14.0,158.0,132.0,42.8,12.3,1.0326
2004-07-20 16:00:00,1083.0,994.0,771.0,1544.0,927.0,,,10.4,106.0,101.0,41.4,14.2,1.1128
2004-07-20 17:00:00,1289.0,1225.0,632.0,1796.0,1274.0,,,17.5,163.0,145.0,41.3,15.5,1.21
2004-07-20 18:00:00,1209.0,1082.0,685.0,1662.0,978.0,,,12.9,143.0,133.0,38.3,19.4,1.2851
2004-07-20 19:00:00,1221.0,1145.0,648.0,1753.0,1050.0,,,14.9,96.0,110.0,34.7,23.3,1.2653
2004-07-20 20:00:00,1255.0,1164.0,638.0,1793.0,1301.0,,,15.5,127.0,126.0,32.6,26.3,1.2754
2004-07-20 21:00:00,1163.0,1022.0,695.0,1644.0,1141.0,,,11.2,95.0,102.0,30.9,29.0,1.275
2004-07-20 22:00:00,1234.0,1126.0,644.0,1782.0,1252.0,,,14.3,104.0,104.0,30.1,30.2,1.2711
2004-07-20 23:00:00,1240.0,1124.0,645.0,1799.0,1300.0,,,14.2,131.0,112.0,29.0,33.4,1.3149
2004-07-21 00:00:00,1128.0,978.0,733.0,1683.0,1193.0,,,10.0,92.0,89.0,28.3,36.8,1.3906
2004-07-21 01:00:00,1057.0,881.0,784.0,1574.0,1081.0,,,7.6,53.0,67.0,27.6,38.2,1.3911
2004-07-21 02:00:00,1026.0,801.0,816.0,1545.0,1094.0,,,5.8,45.0,63.0,25.8,43.1,1.4113
2004-07-21 03:00:00,925.0,656.0,967.0,1440.0,917.0,,,3.1,,,27.4,39.1,1.4072
2004-07-21 04:00:00,917.0,635.0,1006.0,1421.0,727.0,,,2.7,19.0,34.0,26.3,40.9,1.3803
2004-07-21 05:00:00,1011.0,782.0,828.0,1562.0,1116.0,,,5.4,75.0,73.0,23.3,50.1,1.41
2004-07-21 06:00:00,1079.0,869.0,751.0,1634.0,1223.0,,,7.3,84.0,76.0,23.1,49.7,1.3863
2004-07-21 07:00:00,1322.0,1250.0,562.0,1999.0,1556.0,,,18.4,160.0,102.0,24.2,46.4,1.3834
2004-07-21 08:00:00,1526.0,1495.0,471.0,2405.0,1904.0,,,27.7,286.0,140.0,25.8,42.2,1.3774
2004-07-21 09:00:00,1338.0,1207.0,576.0,1951.0,1697.0,,,16.9,212.0,150.0,28.1,37.3,1.3922
2004-07-21 10:00:00,1421.0,1354.0,545.0,2063.0,1854.0,,,22.1,279.0,194.0,33.9,26.8,1.397
2004-07-21 11:00:00,1197.0,1209.0,656.0,1770.0,1306.0,,,17.0,207.0,162.0,38.0,17.2,1.1227
2004-07-21 12:00:00,1116.0,1063.0,736.0,1571.0,980.0,,,12.4,140.0,138.0,38.9,15.9,1.0896
2004-07-21 13:00:00,1115.0,1031.0,741.0,1561.0,870.0,,,11.5,110.0,123.0,40.4,15.0,1.1125
2004-07-21 14:00:00,1018.0,880.0,865.0,1421.0,613.0,,,7.5,67.0,86.0,40.1,15.2,1.1065
2004-07-21 15:00:00,1109.0,989.0,778.0,1537.0,819.0,,,10.3,98.0,107.0,42.0,14.2,1.1517
2004-07-21 16:00:00,1105.0,984.0,767.0,1532.0,868.0,,,10.2,97.0,106.0,42.7,14.4,1.2092
2004-07-21 17:00:00,1128.0,1032.0,733.0,1576.0,876.0,,,11.5,87.0,99.0,41.6,14.5,1.1483
2004-07-21 18:00:00,1301.0,1210.0,623.0,1813.0,1153.0,4.1,,17.0,124.0,140.0,39.6,18.8,1.3413
2004-07-21 19:00:00,1416.0,1339.0,544.0,1998.0,1492.0,3.8,,21.5,165.0,163.0,36.1,25.5,1.4949
2004-07-21 20:00:00,1301.0,1256.0,593.0,1914.0,1382.0,3.4,,18.6,164.0,144.0,33.3,29.9,1.5079
2004-07-21 21:00:00,1261.0,1158.0,628.0,1837.0,1303.0,2.9,,15.3,122.0,120.0,31.2,33.2,1.4831
2004-07-21 22:00:00,1295.0,1211.0,602.0,1917.0,1404.0,3.1,,17.0,134.0,120.0,30.1,35.8,1.5034
2004-07-21 23:00:00,1239.0,1129.0,637.0,1839.0,1308.0,3.5,,14.4,121.0,106.0,28.9,39.1,1.537
2004-07-22 00:00:00,1229.0,1103.0,627.0,1866.0,1320.0,2.4,,13.6,112.0,95.0,27.8,43.3,1.5929
2004-07-22 01:00:00,1125.0,963.0,713.0,1719.0,1179.0,1.6,,9.6,62.0,70.0,26.9,46.1,1.608
2004-07-22 02:00:00,1044.0,832.0,794.0,1580.0,1160.0,1.3,,6.4,50.0,67.0,26.4,47.1,1.5947
2004-07-22 03:00:00,976.0,754.0,842.0,1545.0,1070.0,0.9,,4.8,,,25.2,51.4,1.621
2004-07-22 04:00:00,1015.0,781.0,796.0,1595.0,1181.0,1.0,,5.4,72.0,70.0,23.8,55.4,1.6073
2004-07-22 05:00:00,954.0,715.0,867.0,1527.0,1010.0,0.8,,4.1,48.0,50.0,24.9,50.6,1.5755
2004-07-22 06:00:00,1032.0,826.0,781.0,1627.0,1075.0,1.1,,6.3,58.0,60.0,25.0,49.2,1.5418
2004-07-22 07:00:00,1518.0,1476.0,469.0,2388.0,1839.0,4.4,,26.9,306.0,127.0,24.7,50.9,1.5593
2004-07-22 08:00:00,1602.0,1678.0,410.0,2662.0,2105.0,,,35.6,351.0,149.0,26.4,46.3,1.5722
2004-07-22 09:00:00,1362.0,1225.0,551.0,2003.0,1826.0,,,17.5,252.0,158.0,28.1,42.0,1.5735
2004-07-22 10:00:00,1394.0,1294.0,555.0,2031.0,1834.0,3.3,,19.9,266.0,190.0,34.0,29.9,1.5614
2004-07-22 11:00:00,1205.0,1070.0,682.0,1735.0,1268.0,2.1,,12.6,159.0,127.0,37.3,22.9,1.4373
2004-07-22 12:00:00,1210.0,1118.0,658.0,1742.0,1422.0,2.1,,14.0,144.0,130.0,40.1,19.0,1.3849
2004-07-22 13:00:00,1138.0,1055.0,712.0,1624.0,1028.0,2.0,,12.2,117.0,125.0,42.0,15.8,1.2759
2004-07-22 14:00:00,1079.0,1019.0,749.0,1559.0,929.0,1.5,,11.1,108.0,113.0,42.8,14.3,1.2003
2004-07-22 15:00:00,1158.0,1126.0,693.0,1654.0,1150.0,2.1,,14.3,153.0,143.0,44.3,13.0,1.183
2004-07-22 16:00:00,1186.0,1151.0,680.0,1686.0,1235.0,2.3,,15.1,166.0,157.0,44.6,12.6,1.1684
2004-07-22 17:00:00,1261.0,1258.0,629.0,1813.0,1315.0,2.8,,18.6,179.0,170.0,43.4,14.8,1.2882
2004-07-22 18:00:00,1339.0,1352.0,569.0,1990.0,1469.0,3.6,,22.0,225.0,187.0,40.6,18.2,1.368
2004-07-22 19:00:00,1342.0,1377.0,567.0,2017.0,1515.0,4.0,,23.0,261.0,181.0,37.1,21.3,1.3223
2004-07-22 20:00:00,1317.0,1327.0,575.0,1996.0,1510.0,3.7,,21.1,228.0,158.0,34.5,25.5,1.368
2004-07-22 21:00:00,1210.0,1148.0,639.0,1849.0,1327.0,2.5,,15.0,137.0,112.0,32.2,30.4,1.4433
2004-07-22 22:00:00,1220.0,1105.0,643.0,1838.0,1318.0,2.3,,13.6,116.0,100.0,30.4,35.4,1.5144
2004-07-22 23:00:00,1276.0,1135.0,625.0,1887.0,1436.0,2.5,,14.6,143.0,105.0,29.4,38.7,1.5581
2004-07-23 00:00:00,1270.0,1189.0,592.0,1917.0,1608.0,2.7,,16.3,157.0,107.0,28.6,38.7,1.4921
2004-07-23 01:00:00,1053.0,933.0,743.0,1658.0,1257.0,1.3,,8.8,72.0,72.0,27.7,40.5,1.4835
2004-07-23 02:00:00,956.0,813.0,846.0,1544.0,1094.0,0.8,,6.0,42.0,59.0,28.0,39.8,1.4803
2004-07-23 03:00:00,954.0,790.0,826.0,1564.0,1066.0,0.9,,5.5,,,24.8,48.5,1.4953
2004-07-23 04:00:00,912.0,706.0,891.0,1500.0,1022.0,0.5,,3.9,34.0,55.0,25.6,45.8,1.4801
2004-07-23 05:00:00,973.0,802.0,806.0,1597.0,1139.0,0.8,,5.8,74.0,70.0,23.6,51.5,1.4852
2004-07-23 06:00:00,1037.0,906.0,743.0,1707.0,1158.0,1.0,,8.2,75.0,59.0,25.1,46.5,1.4615
2004-07-23 07:00:00,1306.0,1299.0,519.0,2116.0,1602.0,2.9,,20.1,199.0,95.0,24.5,48.3,1.4593
2004-07-23 08:00:00,1367.0,1441.0,470.0,2283.0,1770.0,3.8,,25.5,262.0,120.0,26.6,42.8,1.4675
2004-07-23 09:00:00,1335.0,1340.0,519.0,2141.0,1651.0,3.5,,21.6,236.0,133.0,29.0,37.6,1.4866
2004-07-23 10:00:00,1250.0,1166.0,626.0,1925.0,1435.0,2.4,,15.5,186.0,133.0,34.2,28.5,1.5071
2004-07-23 11:00:00,1142.0,1021.0,712.0,1670.0,1159.0,1.8,,11.2,132.0,120.0,37.3,22.9,1.4369
2004-07-23 12:00:00,1168.0,1160.0,671.0,1784.0,1193.0,2.1,,15.4,140.0,132.0,40.1,17.5,1.2721
2004-07-23 13:00:00,1125.0,1137.0,691.0,1696.0,1094.0,2.1,,14.6,143.0,135.0,42.2,14.6,1.192
2004-07-23 14:00:00,1083.0,1066.0,725.0,1621.0,912.0,1.5,,12.5,99.0,121.0,41.9,15.2,1.2173
2004-07-23 15:00:00,1080.0,1059.0,733.0,1622.0,908.0,1.5,,12.3,107.0,123.0,43.1,13.8,1.1803
2004-07-23 16:00:00,1085.0,1091.0,723.0,1638.0,1010.0,1.8,,13.2,130.0,129.0,42.8,13.8,1.1681
2004-07-23 17:00:00,1115.0,1140.0,682.0,1746.0,1020.0,2.1,,14.7,133.0,129.0,41.1,16.5,1.2701
2004-07-23 18:00:00,1259.0,1295.0,600.0,1990.0,1280.0,3.0,,19.9,188.0,156.0,38.7,20.3,1.3743
2004-07-23 19:00:00,1241.0,1271.0,606.0,1971.0,1287.0,2.8,,19.1,155.0,131.0,35.8,24.1,1.3924
2004-07-23 20:00:00,1156.0,1144.0,651.0,1832.0,1216.0,2.5,,14.8,154.0,115.0,33.1,28.3,1.4121
2004-07-23 21:00:00,1055.0,922.0,784.0,1634.0,990.0,1.4,,8.6,95.0,79.0,30.1,33.9,1.4257
2004-07-23 22:00:00,1144.0,1014.0,712.0,1744.0,1146.0,1.7,,11.0,110.0,86.0,29.0,36.6,1.4431
2004-07-23 23:00:00,1169.0,1084.0,655.0,1831.0,1273.0,1.8,,13.0,116.0,91.0,28.5,38.4,1.468
2004-07-24 00:00:00,1195.0,1156.0,621.0,1897.0,1346.0,2.4,,15.2,153.0,99.0,27.8,39.9,1.4682
2004-07-24 01:00:00,1158.0,1052.0,649.0,1785.0,1353.0,1.9,,12.1,111.0,83.0,27.0,42.8,1.503
2004-07-24 02:00:00,1075.0,973.0,695.0,1748.0,1231.0,1.4,,9.9,79.0,74.0,26.4,44.5,1.5119
2004-07-24 03:00:00,973.0,810.0,820.0,1599.0,1002.0,0.8,,6.0,,,25.8,46.6,1.5269
2004-07-24 04:00:00,989.0,825.0,774.0,1602.0,1126.0,0.7,,6.3,47.0,64.0,25.1,48.5,1.5266
2004-07-24 05:00:00,967.0,789.0,810.0,1597.0,995.0,0.8,,5.5,61.0,61.0,24.6,52.2,1.5881
2004-07-24 06:00:00,968.0,803.0,806.0,1586.0,1003.0,0.7,,5.8,56.0,62.0,24.4,50.5,1.5243
2004-07-24 07:00:00,1062.0,902.0,733.0,1715.0,1055.0,1.0,,8.1,69.0,65.0,25.2,49.1,1.5546
2004-07-24 08:00:00,1143.0,979.0,677.0,1829.0,1156.0,1.7,,10.0,109.0,79.0,26.6,50.8,1.7419
2004-07-24 09:00:00,1152.0,976.0,672.0,1800.0,1179.0,1.9,,9.9,111.0,90.0,28.0,46.9,1.748
2004-07-24 10:00:00,1238.0,1088.0,636.0,1883.0,1306.0,2.3,,13.1,150.0,116.0,32.7,34.5,1.6798
2004-07-24 11:00:00,1103.0,946.0,737.0,1686.0,934.0,1.7,,9.2,87.0,89.0,36.6,26.5,1.599
2004-07-24 12:00:00,1043.0,843.0,799.0,1628.0,689.0,1.3,,6.7,64.0,68.0,37.8,26.3,1.6951
2004-07-24 13:00:00,1058.0,833.0,804.0,1623.0,626.0,1.2,,6.5,47.0,53.0,38.3,27.1,1.797
2004-07-24 14:00:00,960.0,676.0,983.0,1488.0,488.0,0.8,,3.4,34.0,34.0,35.4,32.4,1.837
2004-07-24 15:00:00,972.0,699.0,982.0,1505.0,495.0,0.9,,3.8,37.0,38.0,37.3,28.8,1.8087
2004-07-24 16:00:00,1012.0,775.0,899.0,1547.0,562.0,1.1,,5.2,49.0,53.0,36.6,28.2,1.697
2004-07-24 17:00:00,1021.0,814.0,858.0,1545.0,615.0,1.2,,6.0,54.0,62.0,35.1,29.6,1.6452
2004-07-24 18:00:00,1034.0,812.0,866.0,1563.0,660.0,1.3,,6.0,70.0,82.0,32.3,33.4,1.59
2004-07-24 19:00:00,1026.0,791.0,875.0,1549.0,664.0,1.4,,5.6,76.0,88.0,29.9,37.9,1.5745
2004-07-24 20:00:00,966.0,735.0,932.0,1494.0,567.0,1.2,,4.4,59.0,70.0,28.2,41.9,1.5776
2004-07-24 21:00:00,948.0,697.0,983.0,1475.0,506.0,0.9,,3.7,44.0,53.0,27.2,45.9,1.6316
2004-07-24 22:00:00,984.0,762.0,870.0,1557.0,560.0,1.1,,5.0,47.0,57.0,27.3,45.7,1.6308
2004-07-24 23:00:00,1077.0,859.0,790.0,1673.0,724.0,1.5,,7.1,71.0,73.0,27.0,47.1,1.6573
2004-07-25 00:00:00,1163.0,893.0,706.0,1760.0,977.0,1.7,,7.9,90.0,83.0,23.7,69.3,2.0042
2004-07-25 01:00:00,965.0,692.0,927.0,1549.0,653.0,0.9,,3.7,45.0,52.0,23.8,63.5,1.8495
2004-07-25 02:00:00,941.0,687.0,949.0,1530.0,642.0,0.7,,3.6,44.0,52.0,24.7,56.9,1.739
2004-07-25 03:00:00,851.0,589.0,1119.0,1432.0,501.0,0.4,,2.1,,,25.0,53.1,1.6541
2004-07-25 04:00:00,870.0,581.0,1119.0,1463.0,450.0,,,2.0,15.0,26.0,24.1,59.6,1.7657
2004-07-25 05:00:00,834.0,527.0,1242.0,1458.0,427.0,0.3,,1.3,10.0,17.0,22.5,69.1,1.8578
2004-07-25 06:00:00,859.0,561.0,1162.0,1476.0,470.0,0.4,,1.7,19.0,28.0,23.4,64.4,1.835
2004-07-25 07:00:00,843.0,544.0,1242.0,1442.0,447.0,0.4,,1.5,20.0,29.0,24.4,57.9,1.7476
2004-07-25 08:00:00,851.0,551.0,1224.0,1443.0,463.0,0.5,,1.6,30.0,37.0,24.5,56.9,1.7225
2004-07-25 09:00:00,853.0,557.0,1215.0,1435.0,454.0,0.5,,1.7,24.0,31.0,24.9,54.8,1.7063
2004-07-25 10:00:00,908.0,632.0,1095.0,1494.0,500.0,0.7,,2.7,35.0,46.0,27.0,47.4,1.6661
2004-07-25 11:00:00,928.0,687.0,1025.0,1491.0,528.0,0.9,,3.6,48.0,66.0,27.6,43.7,1.5877
2004-07-25 12:00:00,905.0,652.0,1076.0,1446.0,490.0,0.8,,3.0,41.0,54.0,28.2,42.6,1.6062
2004-07-25 13:00:00,901.0,646.0,1105.0,1446.0,488.0,0.8,,2.9,37.0,50.0,29.1,40.8,1.6203
2004-07-25 14:00:00,869.0,619.0,1163.0,1417.0,475.0,0.7,,2.5,32.0,44.0,29.8,38.6,1.5911
2004-07-25 15:00:00,891.0,655.0,1107.0,1452.0,486.0,0.8,,3.1,43.0,52.0,31.5,34.5,1.5666
2004-07-25 16:00:00,855.0,606.0,1214.0,1403.0,438.0,0.7,,2.3,28.0,37.0,31.2,36.3,1.6217
2004-07-25 17:00:00,911.0,654.0,1102.0,1466.0,477.0,0.8,,3.0,38.0,51.0,30.0,41.3,1.7259
2004-07-25 18:00:00,989.0,713.0,954.0,1552.0,626.0,1.2,,4.0,72.0,78.0,27.6,47.5,1.7266
2004-07-25 19:00:00,1048.0,826.0,853.0,1637.0,747.0,1.6,,6.3,89.0,90.0,28.8,41.3,1.6164
2004-07-25 20:00:00,1049.0,839.0,846.0,1636.0,858.0,1.6,,6.6,103.0,110.0,28.5,41.6,1.5959
2004-07-25 21:00:00,1035.0,868.0,833.0,1653.0,775.0,1.5,,7.3,77.0,86.0,27.7,43.4,1.5833
2004-07-25 22:00:00,1034.0,850.0,831.0,1643.0,803.0,1.5,,6.8,84.0,88.0,27.3,44.1,1.5751
2004-07-25 23:00:00,1022.0,826.0,857.0,1627.0,777.0,1.5,,6.3,82.0,91.0,26.9,45.5,1.5926
2004-07-26 00:00:00,1007.0,809.0,876.0,1611.0,770.0,1.5,,5.9,81.0,93.0,26.6,47.2,1.616
2004-07-26 01:00:00,945.0,755.0,935.0,1553.0,663.0,1.2,,4.8,50.0,68.0,26.0,48.0,1.5882
2004-07-26 02:00:00,880.0,649.0,1056.0,1465.0,529.0,0.8,,2.9,30.0,48.0,26.2,45.7,1.5324
2004-07-26 03:00:00,837.0,597.0,1129.0,1414.0,478.0,,,2.2,,,25.9,46.3,1.524
2004-07-26 04:00:00,822.0,569.0,1204.0,1396.0,429.0,,,1.8,14.0,22.0,25.6,46.8,1.5111
2004-07-26 05:00:00,860.0,623.0,1097.0,1466.0,552.0,,,2.5,51.0,59.0,25.3,47.6,1.5159
2004-07-26 06:00:00,1023.0,847.0,830.0,1663.0,916.0,,,6.8,120.0,102.0,25.4,48.5,1.5507
2004-07-26 07:00:00,1150.0,1020.0,686.0,1842.0,1169.0,,,11.2,180.0,116.0,26.5,46.3,1.5768
2004-07-26 08:00:00,1088.0,965.0,734.0,1744.0,1049.0,,,9.7,168.0,109.0,27.9,42.7,1.5754
2004-07-26 09:00:00,993.0,866.0,832.0,1637.0,823.0,,,7.2,111.0,98.0,28.8,38.9,1.5184
2004-07-26 10:00:00,962.0,849.0,861.0,1559.0,804.0,,,6.8,111.0,97.0,31.7,31.5,1.4487
2004-07-26 11:00:00,974.0,905.0,838.0,1596.0,805.0,,,8.1,97.0,97.0,33.9,26.9,1.3964
2004-07-26 12:00:00,998.0,913.0,834.0,1635.0,826.0,,,8.3,90.0,90.0,34.7,26.5,1.4408
2004-07-26 13:00:00,964.0,923.0,834.0,1590.0,782.0,,,8.6,87.0,92.0,35.4,24.8,1.4017
2004-07-26 14:00:00,903.0,780.0,975.0,1464.0,593.0,,,5.3,67.0,76.0,35.2,24.1,1.351
2004-07-26 15:00:00,973.0,903.0,866.0,1563.0,698.0,,,8.1,84.0,97.0,36.3,22.8,1.3564
2004-07-26 16:00:00,976.0,907.0,867.0,1546.0,719.0,,,8.2,86.0,101.0,35.4,23.8,1.3443
2004-07-26 17:00:00,1026.0,1048.0,767.0,1651.0,912.0,,,12.0,124.0,118.0,34.6,23.5,1.2691
2004-07-26 18:00:00,1163.0,1227.0,659.0,1931.0,1129.0,,,17.6,144.0,129.0,33.0,28.2,1.3921
2004-07-26 19:00:00,1082.0,1134.0,709.0,1763.0,1089.0,,,14.5,130.0,131.0,32.5,27.9,1.3373
2004-07-26 20:00:00,1029.0,1042.0,756.0,1697.0,1062.0,,,11.8,122.0,130.0,30.5,29.9,1.2875
2004-07-26 21:00:00,991.0,953.0,815.0,1616.0,924.0,,,9.4,82.0,106.0,29.1,33.1,1.3126
2004-07-26 22:00:00,950.0,856.0,881.0,1549.0,780.0,,,7.0,62.0,92.0,28.4,35.8,1.3665
2004-07-26 23:00:00,997.0,898.0,813.0,1613.0,856.0,,,8.0,65.0,97.0,27.7,37.9,1.3842
2004-07-27 00:00:00,912.0,810.0,873.0,1511.0,861.0,,,6.0,52.0,80.0,28.3,35.5,1.3414
2004-07-27 01:00:00,861.0,729.0,942.0,1479.0,684.0,,,4.3,22.0,40.0,27.1,38.6,1.3632
2004-07-27 02:00:00,838.0,719.0,949.0,1466.0,707.0,,,4.1,27.0,49.0,25.8,40.9,1.3377
2004-07-27 03:00:00,784.0,587.0,1128.0,1392.0,554.0,,,2.0,,,26.0,40.6,1.3467
2004-07-27 04:00:00,800.0,615.0,1064.0,1396.0,614.0,,,2.4,29.0,46.0,24.6,43.4,1.3248
2004-07-27 05:00:00,825.0,634.0,1035.0,1402.0,606.0,,,2.7,29.0,37.0,25.1,42.3,1.326
2004-07-27 06:00:00,996.0,853.0,796.0,1621.0,1023.0,,,6.9,135.0,92.0,23.1,48.8,1.3638
2004-07-27 07:00:00,1086.0,947.0,724.0,1724.0,1134.0,,,9.2,181.0,115.0,24.7,46.8,1.4337
2004-07-27 08:00:00,1041.0,962.0,728.0,1694.0,936.0,,,9.6,119.0,102.0,24.6,45.1,1.3714
2004-07-27 09:00:00,991.0,944.0,765.0,1608.0,868.0,,,9.1,116.0,104.0,26.2,38.5,1.2932
2004-07-27 10:00:00,999.0,953.0,780.0,1600.0,879.0,,,9.3,143.0,109.0,29.3,31.0,1.2445
2004-07-27 11:00:00,981.0,918.0,839.0,1572.0,785.0,,,8.5,126.0,108.0,31.2,26.6,1.192
2004-07-27 12:00:00,926.0,853.0,894.0,1478.0,651.0,,,6.9,94.0,90.0,31.1,26.2,1.1619
2004-07-27 13:00:00,939.0,853.0,890.0,1528.0,679.0,,,6.9,96.0,81.0,31.7,26.4,1.2153
2004-07-27 14:00:00,915.0,828.0,928.0,1474.0,630.0,,,6.4,90.0,87.0,31.7,25.6,1.179
2004-07-27 15:00:00,883.0,820.0,942.0,1413.0,594.0,,,6.2,93.0,82.0,32.6,22.5,1.0901
2004-07-27 16:00:00,926.0,869.0,925.0,1470.0,655.0,,,7.3,101.0,99.0,32.8,22.2,1.0835
2004-07-27 17:00:00,989.0,1004.0,818.0,1577.0,783.0,,,10.7,123.0,119.0,32.4,22.4,1.0701
2004-07-27 18:00:00,1003.0,1045.0,781.0,1602.0,865.0,,,11.9,136.0,128.0,31.4,22.7,1.027
2004-07-27 19:00:00,933.0,1001.0,819.0,1536.0,776.0,,,10.6,109.0,111.0,28.4,24.7,0.9404
2004-07-27 20:00:00,912.0,951.0,846.0,1479.0,861.0,,,9.3,124.0,114.0,27.7,24.2,0.882
2004-07-27 21:00:00,888.0,843.0,892.0,1438.0,729.0,,,6.7,82.0,100.0,26.1,28.3,0.9456
2004-07-27 22:00:00,858.0,866.0,874.0,1421.0,715.0,,,7.2,69.0,88.0,25.3,28.4,0.9041
2004-07-27 23:00:00,837.0,809.0,940.0,1355.0,615.0,,,5.9,60.0,78.0,25.2,27.7,0.874
2004-07-28 00:00:00,902.0,929.0,835.0,1482.0,824.0,,,8.7,90.0,101.0,24.5,28.0,0.8489
2004-07-28 01:00:00,860.0,847.0,873.0,1426.0,748.0,,,6.8,58.0,77.0,23.6,31.9,0.9195
2004-07-28 02:00:00,794.0,698.0,999.0,1336.0,767.0,,,3.8,53.0,78.0,22.8,34.7,0.9514
2004-07-28 03:00:00,742.0,602.0,1156.0,1283.0,513.0,,,2.2,,,23.6,33.2,0.9577
2004-07-28 04:00:00,779.0,663.0,1022.0,1337.0,671.0,,,3.2,45.0,65.0,20.5,41.2,0.9802
2004-07-28 05:00:00,798.0,706.0,977.0,1363.0,798.0,,,3.9,61.0,74.0,20.6,41.5,0.9982
2004-07-28 06:00:00,851.0,827.0,875.0,1449.0,912.0,,,6.3,76.0,83.0,20.2,42.5,0.9949
2004-07-28 07:00:00,1048.0,1105.0,670.0,1726.0,1151.0,,,13.6,144.0,96.0,20.9,40.4,0.9884
2004-07-28 08:00:00,1210.0,1472.0,515.0,2112.0,1525.0,,,26.7,221.0,120.0,22.4,38.0,1.0201
2004-07-28 09:00:00,1172.0,1372.0,575.0,1964.0,1465.0,,,22.8,282.0,147.0,26.0,29.7,0.9831
2004-07-28 10:00:00,1026.0,1186.0,719.0,1662.0,1138.0,,,16.2,235.0,148.0,31.4,18.6,0.8398
2004-07-28 11:00:00,914.0,994.0,872.0,1481.0,763.0,,,10.4,113.0,91.0,34.2,15.8,0.8371
2004-07-28 12:00:00,938.0,1025.0,829.0,1517.0,753.0,,,11.3,93.0,94.0,35.4,15.3,0.8649
2004-07-28 13:00:00,908.0,962.0,877.0,1409.0,665.0,,,9.6,88.0,95.0,34.6,15.5,0.8435
2004-07-28 14:00:00,892.0,889.0,909.0,1383.0,597.0,,,7.8,87.0,92.0,33.9,16.2,0.8454
2004-07-28 15:00:00,949.0,1003.0,830.0,1473.0,730.0,,,10.7,109.0,113.0,35.3,15.0,0.8463
2004-07-28 16:00:00,956.0,1007.0,838.0,1464.0,730.0,,,10.8,106.0,111.0,36.8,13.7,0.8335
2004-07-28 17:00:00,1070.0,1218.0,704.0,1697.0,1108.0,,,17.3,182.0,166.0,34.4,16.4,0.8761
2004-07-28 18:00:00,1103.0,1232.0,679.0,1732.0,1085.0,,,17.7,,,35.3,16.8,0.9448
2004-07-28 19:00:00,1074.0,1166.0,687.0,1713.0,1013.0,,,15.5,144.0,143.0,32.3,20.7,0.9875
2004-07-28 20:00:00,1086.0,1105.0,710.0,1682.0,1109.0,,,13.6,144.0,131.0,29.6,26.1,1.0682
2004-07-28 21:00:00,960.0,964.0,780.0,1532.0,913.0,,,9.6,84.0,102.0,28.6,27.2,1.048
2004-07-28 22:00:00,974.0,958.0,783.0,1528.0,908.0,,,9.5,74.0,94.0,27.6,27.4,0.9926
2004-07-28 23:00:00,939.0,918.0,805.0,1472.0,923.0,,,8.5,80.0,96.0,26.3,29.0,0.9807
2004-07-29 00:00:00,954.0,940.0,776.0,1518.0,959.0,,,9.0,78.0,88.0,25.4,30.1,0.9602
2004-07-29 01:00:00,925.0,890.0,808.0,1480.0,898.0,,,7.8,50.0,72.0,24.7,32.1,0.9878
2004-07-29 02:00:00,797.0,624.0,1074.0,1276.0,546.0,,,2.6,18.0,33.0,25.7,30.9,1.0048
2004-07-29 03:00:00,787.0,610.0,1087.0,1259.0,543.0,,,2.4,,,25.1,32.6,1.0203
2004-07-29 04:00:00,774.0,577.0,1158.0,1265.0,488.0,,,1.9,21.0,33.0,23.9,34.4,1.0079
2004-07-29 05:00:00,838.0,693.0,995.0,1371.0,704.0,,,3.7,62.0,60.0,21.4,40.3,1.0157
2004-07-29 06:00:00,918.0,860.0,807.0,1488.0,943.0,,,7.1,74.0,72.0,21.2,41.2,1.0246
2004-07-29 07:00:00,1125.0,1199.0,601.0,1850.0,1304.0,,,16.6,171.0,97.0,21.6,40.9,1.0468
2004-07-29 08:00:00,1281.0,1469.0,491.0,2179.0,1669.0,,,26.6,287.0,136.0,24.0,36.6,1.0763
2004-07-29 09:00:00,1145.0,1238.0,600.0,1809.0,1507.0,,,17.9,230.0,140.0,26.8,29.5,1.0209
2004-07-29 10:00:00,1088.0,1238.0,654.0,1709.0,1359.0,,,17.9,261.0,171.0,31.8,19.4,0.8936
2004-07-29 11:00:00,1043.0,1117.0,742.0,1586.0,1076.0,,,14.0,178.0,150.0,34.4,16.6,0.8892
2004-07-29 12:00:00,998.0,981.0,786.0,1480.0,797.0,,,10.1,116.0,117.0,35.3,16.7,0.9402
2004-07-29 13:00:00,998.0,958.0,800.0,1484.0,677.0,,,9.5,96.0,106.0,36.4,16.8,1.0033
2004-07-29 14:00:00,960.0,860.0,887.0,1417.0,559.0,,,7.1,83.0,95.0,34.8,19.5,1.0667
2004-07-29 15:00:00,1062.0,1060.0,725.0,1601.0,830.0,,,12.3,120.0,137.0,38.6,16.1,1.0853
2004-07-29 16:00:00,1050.0,1039.0,756.0,1558.0,734.0,,,11.7,108.0,129.0,38.5,16.5,1.1037
2004-07-29 17:00:00,1096.0,1078.0,713.0,1600.0,801.0,,,12.8,115.0,135.0,37.4,18.1,1.1467
2004-07-29 18:00:00,1081.0,1117.0,689.0,1668.0,828.0,,,14.0,102.0,127.0,35.7,19.8,1.1399
2004-07-29 19:00:00,1096.0,1112.0,687.0,1694.0,865.0,,,13.9,118.0,122.0,32.0,24.9,1.1663
2004-07-29 20:00:00,1051.0,1039.0,720.0,1641.0,916.0,,,11.7,107.0,118.0,29.7,28.1,1.1544
2004-07-29 21:00:00,1106.0,1109.0,658.0,1752.0,1106.0,,,13.8,129.0,135.0,28.5,32.1,1.2296
2004-07-29 22:00:00,1177.0,1142.0,601.0,1868.0,1226.0,,,14.8,133.0,134.0,27.6,40.5,1.4715
2004-07-29 23:00:00,1111.0,1046.0,651.0,1754.0,1106.0,,,11.9,98.0,105.0,26.3,45.6,1.5349
2004-07-30 00:00:00,1083.0,1019.0,677.0,1720.0,1087.0,,,11.1,110.0,104.0,25.7,46.1,1.5025
2004-07-30 01:00:00,1005.0,900.0,747.0,1620.0,1000.0,,,8.0,62.0,81.0,25.1,46.3,1.4486
2004-07-30 02:00:00,942.0,791.0,841.0,1551.0,859.0,,,5.6,55.0,69.0,23.5,51.3,1.467
2004-07-30 03:00:00,907.0,863.0,782.0,1669.0,919.0,,,7.1,,,23.1,52.1,1.4518
2004-07-30 04:00:00,867.0,680.0,932.0,1477.0,777.0,,,3.5,35.0,51.0,23.7,51.2,1.4795
2004-07-30 05:00:00,882.0,716.0,894.0,1494.0,790.0,,,4.1,52.0,52.0,23.0,52.2,1.4516
2004-07-30 06:00:00,894.0,761.0,862.0,1504.0,768.0,,,4.9,36.0,48.0,23.0,49.9,1.3849
2004-07-30 07:00:00,1263.0,1279.0,559.0,2132.0,1388.0,,,19.4,182.0,105.0,23.0,50.9,1.4105
2004-07-30 08:00:00,1380.0,1463.0,470.0,2322.0,1691.0,,,26.3,297.0,150.0,24.4,49.3,1.4814
2004-07-30 09:00:00,1333.0,1350.0,511.0,2186.0,1655.0,,,22.0,237.0,160.0,26.8,46.6,1.6157
2004-07-30 10:00:00,1264.0,1244.0,584.0,1972.0,1496.0,,,18.1,235.0,167.0,32.2,32.6,1.5412
2004-07-30 11:00:00,1115.0,1053.0,686.0,1722.0,1086.0,,,12.1,158.0,141.0,34.8,26.0,1.4241
2004-07-30 12:00:00,1078.0,956.0,742.0,1628.0,763.0,,,9.4,89.0,104.0,36.1,24.8,1.4628
2004-07-30 13:00:00,1055.0,980.0,742.0,1610.0,688.0,,,10.1,80.0,101.0,37.7,21.8,1.3977
2004-07-30 14:00:00,1031.0,995.0,752.0,1580.0,694.0,,,10.5,93.0,118.0,36.9,21.8,1.3384
2004-07-30 15:00:00,1033.0,1006.0,749.0,1564.0,725.0,,,10.8,96.0,121.0,39.1,18.7,1.2884
2004-07-30 16:00:00,1043.0,962.0,777.0,1554.0,686.0,,,9.6,98.0,124.0,39.3,18.9,1.318
2004-07-30 17:00:00,1118.0,1084.0,684.0,1723.0,838.0,,,13.0,104.0,127.0,38.2,21.8,1.4312
2004-07-30 18:00:00,1137.0,1165.0,649.0,1840.0,974.0,,,15.5,121.0,137.0,36.6,23.3,1.4042
2004-07-30 19:00:00,1153.0,1194.0,628.0,1874.0,1038.0,,,16.5,116.0,137.0,33.3,28.7,1.4454
2004-07-30 20:00:00,1145.0,1134.0,647.0,1828.0,1108.0,,,14.5,121.0,135.0,30.9,34.2,1.5064
2004-07-30 21:00:00,1149.0,1092.0,667.0,1808.0,1135.0,,,13.2,114.0,118.0,29.1,38.9,1.5384
2004-07-30 22:00:00,1149.0,1143.0,620.0,1827.0,1143.0,,,14.8,112.0,111.0,28.1,40.3,1.5086
2004-07-30 23:00:00,1052.0,1002.0,716.0,1667.0,908.0,,,10.7,81.0,85.0,27.0,41.6,1.4596
2004-07-31 00:00:00,,,,,,,,,220.0,158.0,,,
2004-07-31 01:00:00,935.0,832.0,809.0,1566.0,778.0,,,6.4,81.0,77.0,25.7,46.8,1.523
2004-07-31 02:00:00,935.0,787.0,864.0,1588.0,728.0,,,5.5,43.0,56.0,25.1,51.1,1.6044
2004-07-31 03:00:00,930.0,772.0,854.0,1613.0,728.0,,,5.2,,,23.7,56.5,1.6341
2004-07-31 04:00:00,880.0,704.0,913.0,1529.0,676.0,,,3.9,26.0,37.0,23.8,55.3,1.6068
2004-07-31 05:00:00,916.0,748.0,878.0,1559.0,742.0,0.8,,4.7,40.0,49.0,23.7,54.6,1.5823
2004-07-31 06:00:00,975.0,871.0,771.0,1666.0,942.0,1.2,,7.3,72.0,71.0,22.6,58.8,1.5903
2004-07-31 07:00:00,948.0,829.0,801.0,1600.0,926.0,1.0,,6.4,68.0,71.0,24.0,53.4,1.5748
2004-07-31 08:00:00,1069.0,947.0,728.0,1763.0,1039.0,1.5,,9.2,89.0,86.0,25.2,51.0,1.6131
2004-07-31 09:00:00,1210.0,1067.0,642.0,1879.0,1158.0,2.8,,12.5,151.0,125.0,27.3,47.1,1.6807
2004-07-31 10:00:00,1272.0,1170.0,620.0,1957.0,1347.0,3.4,,15.7,215.0,160.0,32.8,33.4,1.633
2004-07-31 11:00:00,1240.0,1175.0,614.0,1895.0,1262.0,3.3,,15.9,196.0,174.0,36.0,28.0,1.6304
2004-07-31 12:00:00,1171.0,1135.0,654.0,1797.0,1073.0,2.9,,14.6,161.0,146.0,38.5,23.8,1.5944
2004-07-31 13:00:00,1072.0,1039.0,745.0,1611.0,817.0,2.2,,11.7,120.0,127.0,39.8,20.5,1.4687
2004-07-31 14:00:00,970.0,873.0,859.0,1423.0,606.0,1.6,,7.4,88.0,114.0,38.1,22.0,1.4402
2004-07-31 15:00:00,938.0,816.0,917.0,1418.0,506.0,0.9,,6.1,38.0,65.0,40.0,20.0,1.4517
2004-07-31 16:00:00,976.0,852.0,866.0,1467.0,559.0,1.1,,6.9,47.0,77.0,40.4,19.8,1.4724
2004-07-31 17:00:00,958.0,820.0,886.0,1452.0,530.0,1.0,,6.2,40.0,68.0,39.1,20.7,1.427
2004-07-31 18:00:00,1014.0,903.0,816.0,1554.0,612.0,1.3,,8.1,58.0,92.0,37.3,24.3,1.5222
2004-07-31 19:00:00,1091.0,987.0,737.0,1711.0,774.0,1.6,,10.2,71.0,104.0,34.0,30.9,1.6158
2004-07-31 20:00:00,1080.0,1004.0,724.0,1704.0,899.0,1.8,,10.7,90.0,114.0,31.8,34.5,1.5911
2004-07-31 21:00:00,1128.0,1082.0,675.0,1817.0,1066.0,2.2,,13.0,95.0,105.0,30.1,37.7,1.5799
2004-07-31 22:00:00,1105.0,1027.0,684.0,1758.0,1040.0,1.8,,11.4,85.0,85.0,28.6,42.3,1.6251
2004-07-31 23:00:00,1141.0,1095.0,642.0,1816.0,1139.0,2.3,,13.3,119.0,92.0,27.7,44.6,1.6304
2004-08-01 00:00:00,1104.0,1020.0,681.0,1771.0,1086.0,2.0,,11.2,106.0,82.0,26.6,47.5,1.6265
2004-08-01 01:00:00,1065.0,970.0,698.0,1724.0,1049.0,1.8,,9.8,77.0,70.0,25.7,50.7,1.6491
2004-08-01 02:00:00,971.0,821.0,820.0,1637.0,811.0,0.9,,6.2,28.0,40.0,25.1,53.9,1.689
2004-08-01 03:00:00,891.0,691.0,941.0,1553.0,629.0,0.5,,3.6,,,24.8,58.7,1.8089
2004-08-01 04:00:00,936.0,713.0,883.0,1584.0,723.0,0.6,,4.0,21.0,26.0,23.5,63.6,1.8223
2004-08-01 05:00:00,845.0,625.0,993.0,1513.0,646.0,0.4,,2.6,17.0,21.0,24.3,59.4,1.7838
2004-08-01 06:00:00,872.0,627.0,997.0,1530.0,670.0,0.4,,2.6,24.0,30.0,23.3,62.0,1.7547
2004-08-01 07:00:00,903.0,648.0,975.0,1559.0,603.0,0.4,,2.9,19.0,21.0,24.1,63.1,1.8619
2004-08-01 08:00:00,971.0,722.0,876.0,1624.0,687.0,0.8,,4.2,39.0,35.0,25.0,60.7,1.892
2004-08-01 09:00:00,1006.0,789.0,824.0,1657.0,733.0,0.8,,5.5,46.0,36.0,27.3,52.4,1.8707
2004-08-01 10:00:00,1012.0,804.0,832.0,1638.0,766.0,0.9,,5.8,53.0,48.0,32.4,37.3,1.7808
2004-08-01 11:00:00,975.0,737.0,896.0,1531.0,621.0,0.7,,4.5,32.0,39.0,35.4,31.3,1.7736
2004-08-01 12:00:00,944.0,730.0,933.0,1495.0,560.0,0.6,,4.3,30.0,34.0,37.4,28.2,1.7808
2004-08-01 13:00:00,857.0,685.0,1055.0,1331.0,451.0,0.5,,3.5,24.0,33.0,39.2,20.2,1.4104
2004-08-01 14:00:00,824.0,683.0,1119.0,1270.0,393.0,0.6,,3.5,34.0,42.0,38.1,18.5,1.2141
2004-08-01 15:00:00,868.0,707.0,1063.0,1325.0,417.0,0.7,,3.9,63.0,85.0,40.2,17.7,1.2989
2004-08-01 16:00:00,908.0,748.0,1020.0,1373.0,451.0,0.9,,4.7,69.0,92.0,39.7,19.1,1.3646
2004-08-01 17:00:00,912.0,776.0,991.0,1379.0,461.0,0.9,,5.3,61.0,84.0,38.5,19.8,1.326
2004-08-01 18:00:00,986.0,830.0,906.0,1482.0,536.0,1.2,,6.4,73.0,100.0,36.6,24.6,1.4872
2004-08-01 19:00:00,1037.0,900.0,817.0,1584.0,619.0,1.4,,8.0,75.0,95.0,33.1,32.7,1.62
2004-08-01 20:00:00,1088.0,948.0,743.0,1667.0,766.0,1.5,,9.2,69.0,77.0,30.7,38.7,1.678
2004-08-01 21:00:00,1093.0,944.0,711.0,1655.0,785.0,1.7,,9.1,71.0,85.0,29.5,42.7,1.7316
2004-08-01 22:00:00,1142.0,945.0,682.0,1736.0,793.0,1.7,,9.1,73.0,83.0,27.8,52.6,1.9398
2004-08-01 23:00:00,1170.0,959.0,666.0,1798.0,838.0,1.7,,9.5,86.0,88.0,27.4,55.5,1.9998
2004-08-02 00:00:00,1142.0,945.0,672.0,1775.0,799.0,1.9,,9.1,65.0,68.0,27.3,57.1,2.0426
2004-08-02 01:00:00,986.0,762.0,821.0,1573.0,553.0,1.2,,5.0,74.0,97.0,26.7,60.1,2.067
2004-08-02 02:00:00,942.0,696.0,916.0,1542.0,465.0,0.7,,3.7,45.0,51.0,26.2,61.6,2.0575
2004-08-02 03:00:00,882.0,595.0,1097.0,1463.0,406.0,0.3,,2.2,,,25.5,62.8,2.0236
2004-08-02 04:00:00,854.0,553.0,1203.0,1418.0,396.0,0.2,,1.6,2.0,5.0,25.5,61.8,1.9831
2004-08-02 05:00:00,910.0,630.0,1061.0,1504.0,468.0,0.4,,2.7,29.0,35.0,25.1,62.4,1.9602
2004-08-02 06:00:00,1005.0,791.0,829.0,1650.0,638.0,0.8,,5.6,42.0,56.0,24.6,62.7,1.9158
2004-08-02 07:00:00,1193.0,1085.0,610.0,1947.0,1097.0,1.9,,13.0,146.0,110.0,25.7,58.9,1.9156
2004-08-02 08:00:00,1297.0,1233.0,544.0,2129.0,1248.0,,,17.8,,,27.1,54.4,1.9206
2004-08-02 09:00:00,1180.0,1031.0,633.0,1866.0,1067.0,1.9,,11.5,163.0,124.0,28.4,50.7,1.9329
2004-08-02 10:00:00,1134.0,1017.0,689.0,1774.0,964.0,1.9,,11.1,144.0,115.0,32.7,36.9,1.7953
2004-08-02 11:00:00,1113.0,1013.0,702.0,1781.0,903.0,1.9,,11.0,125.0,119.0,34.0,32.7,1.7146
2004-08-02 12:00:00,1084.0,1004.0,706.0,1761.0,839.0,1.7,,10.7,90.0,107.0,35.6,29.2,1.6684
2004-08-02 13:00:00,1009.0,921.0,778.0,1635.0,692.0,1.4,,8.5,76.0,99.0,37.1,25.6,1.5868
2004-08-02 14:00:00,1002.0,928.0,798.0,1636.0,629.0,1.2,,8.7,73.0,95.0,36.1,26.4,1.5505
2004-08-02 15:00:00,1007.0,956.0,763.0,1654.0,666.0,1.4,,9.4,73.0,105.0,37.9,23.8,1.5392
2004-08-02 16:00:00,996.0,959.0,779.0,1636.0,684.0,1.4,,9.5,80.0,117.0,38.0,22.2,1.4483
2004-08-02 17:00:00,1050.0,1082.0,705.0,1731.0,816.0,1.9,,12.9,121.0,157.0,36.9,22.7,1.3887
2004-08-02 18:00:00,1100.0,1107.0,676.0,1801.0,876.0,2.2,,13.7,129.0,173.0,35.5,25.7,1.4626
2004-08-02 19:00:00,1085.0,1057.0,689.0,1775.0,836.0,1.9,,12.2,103.0,139.0,32.8,32.2,1.5779
2004-08-02 20:00:00,1079.0,1042.0,697.0,1773.0,846.0,1.7,,11.8,87.0,116.0,30.5,38.2,1.6376
2004-08-02 21:00:00,1086.0,974.0,707.0,1733.0,795.0,1.2,,9.9,58.0,91.0,28.8,43.5,1.6989
2004-08-02 22:00:00,1092.0,1005.0,669.0,1746.0,836.0,0.3,,10.7,64.0,98.0,28.0,46.2,1.721
2004-08-02 23:00:00,1097.0,956.0,708.0,1724.0,818.0,0.1,,9.4,58.0,93.0,27.1,49.4,1.7398
2004-08-03 00:00:00,1075.0,904.0,720.0,1692.0,777.0,0.1,,8.1,44.0,74.0,26.4,52.2,1.7708
2004-08-03 01:00:00,1008.0,838.0,774.0,1640.0,733.0,,,6.6,28.0,50.0,26.2,52.3,1.7561
2004-08-03 02:00:00,895.0,672.0,941.0,1469.0,703.0,,,3.3,19.0,36.0,27.1,47.4,1.6809
2004-08-03 03:00:00,838.0,559.0,1186.0,1428.0,559.0,,,1.7,,,28.0,45.2,1.6832
2004-08-03 04:00:00,866.0,603.0,1077.0,1459.0,589.0,,,2.3,48.0,55.0,25.8,50.9,1.6605
2004-08-03 05:00:00,872.0,617.0,1026.0,1456.0,585.0,,,2.5,77.0,86.0,27.2,47.2,1.6803
2004-08-03 06:00:00,922.0,664.0,973.0,1503.0,644.0,,,3.2,110.0,137.0,27.0,48.3,1.6946
2004-08-03 07:00:00,1362.0,1277.0,529.0,2188.0,1392.0,,,19.3,282.0,140.0,25.9,51.5,1.7
2004-08-03 08:00:00,1349.0,1333.0,487.0,2256.0,1533.0,,,21.3,275.0,142.0,27.4,48.6,1.7447
2004-08-03 09:00:00,1298.0,1215.0,539.0,2068.0,1404.0,,,17.2,253.0,185.0,29.1,45.5,1.7998
2004-08-03 10:00:00,1234.0,1154.0,596.0,1965.0,1204.0,,,15.2,211.0,173.0,32.8,36.9,1.803
2004-08-03 11:00:00,1147.0,999.0,697.0,1788.0,915.0,,,10.6,176.0,158.0,34.7,32.1,1.741
2004-08-03 12:00:00,1173.0,1061.0,650.0,1858.0,940.0,,,12.3,153.0,127.0,33.7,35.1,1.8022
2004-08-03 13:00:00,1118.0,995.0,689.0,1779.0,863.0,,,10.5,144.0,111.0,35.1,32.4,1.7996
2004-08-03 14:00:00,1078.0,951.0,722.0,1718.0,747.0,,,9.3,127.0,114.0,35.4,30.9,1.7505
2004-08-03 15:00:00,1076.0,951.0,730.0,1675.0,704.0,,,9.3,112.0,109.0,36.5,28.7,1.7256
2004-08-03 16:00:00,1103.0,1014.0,684.0,1749.0,791.0,,,11.0,,,38.0,24.7,1.6073
2004-08-03 17:00:00,1117.0,1052.0,671.0,1780.0,824.0,,,12.1,148.0,137.0,37.5,24.4,1.5515
2004-08-03 18:00:00,1166.0,1108.0,622.0,1854.0,913.0,,,13.7,140.0,134.0,35.5,28.9,1.6468
2004-08-03 19:00:00,1157.0,1082.0,631.0,1854.0,907.0,,,12.9,125.0,114.0,31.9,37.5,1.7442
2004-08-03 20:00:00,1136.0,990.0,672.0,1807.0,918.0,,,10.3,111.0,100.0,30.1,45.0,1.8891
2004-08-03 21:00:00,1122.0,959.0,685.0,1798.0,914.0,,,9.5,102.0,92.0,28.8,48.9,1.9105
2004-08-03 22:00:00,1121.0,989.0,659.0,1821.0,955.0,,,10.3,108.0,97.0,28.8,48.8,1.9039
2004-08-03 23:00:00,1150.0,1020.0,645.0,1835.0,1063.0,,,11.2,132.0,111.0,28.0,49.0,1.8237
2004-08-04 00:00:00,1074.0,949.0,678.0,1751.0,982.0,,,9.2,104.0,89.0,27.5,51.5,1.8664
2004-08-04 01:00:00,1039.0,899.0,714.0,1717.0,914.0,,,8.0,92.0,87.0,27.3,51.5,1.844
2004-08-04 02:00:00,963.0,804.0,791.0,1658.0,861.0,,,5.8,78.0,69.0,26.7,53.3,1.8366
2004-08-04 03:00:00,889.0,710.0,889.0,1566.0,713.0,,,4.0,,,25.9,55.1,1.8117
2004-08-04 04:00:00,868.0,652.0,962.0,1526.0,740.0,,,3.0,,,27.0,51.8,1.8147
2004-08-04 05:00:00,877.0,654.0,987.0,1529.0,801.0,,,3.0,,,26.8,50.9,1.7693
2004-08-04 06:00:00,1056.0,893.0,733.0,1743.0,1132.0,,,7.8,,,25.0,57.0,1.7792
2004-08-04 07:00:00,1288.0,1278.0,521.0,2182.0,1473.0,,,19.3,,,26.2,52.8,1.7729
2004-08-04 08:00:00,1381.0,1454.0,455.0,2404.0,1607.0,,,26.0,,,28.3,47.6,1.7981
2004-08-04 09:00:00,1113.0,1001.0,663.0,1783.0,1146.0,,,10.6,,,29.9,42.1,1.7474
2004-08-04 10:00:00,1062.0,909.0,764.0,1687.0,867.0,,,8.2,,,33.0,35.4,1.7504
2004-08-04 11:00:00,1094.0,976.0,719.0,1753.0,869.0,,,9.9,,,35.6,30.6,1.7493
2004-08-04 12:00:00,1050.0,923.0,747.0,1662.0,744.0,,,8.6,,,37.1,27.9,1.7309
2004-08-04 13:00:00,1056.0,926.0,748.0,1643.0,702.0,,,8.7,,,37.9,25.7,1.6651
2004-08-04 14:00:00,944.0,814.0,852.0,1489.0,554.0,,,6.0,,,37.2,23.6,1.4764
2004-08-04 15:00:00,1003.0,901.0,813.0,1589.0,661.0,,,8.0,,,39.1,21.7,1.5031
2004-08-04 16:00:00,1018.0,881.0,828.0,1590.0,630.0,,,7.6,,,39.3,22.0,1.5366
2004-08-04 17:00:00,1108.0,1003.0,727.0,1710.0,803.0,,,10.7,,,38.2,23.8,1.5666
2004-08-04 18:00:00,1049.0,927.0,750.0,1659.0,727.0,,,8.7,,,34.0,33.2,1.7395
2004-08-04 19:00:00,1078.0,897.0,732.0,1751.0,894.0,,,8.0,,,25.5,58.6,1.8891
2004-08-04 20:00:00,999.0,867.0,785.0,1644.0,864.0,,,7.2,,,27.2,46.0,1.6376
2004-08-04 21:00:00,943.0,798.0,846.0,1571.0,743.0,,,5.7,,,27.6,45.2,1.6479
2004-08-04 22:00:00,987.0,790.0,838.0,1608.0,830.0,,,5.5,,,25.4,52.7,1.6867
2004-08-04 23:00:00,939.0,743.0,894.0,1539.0,675.0,,,4.6,,,26.1,49.4,1.6491
2004-08-05 00:00:00,1015.0,840.0,783.0,1664.0,839.0,,,6.6,,,25.0,53.6,1.6721
2004-08-05 01:00:00,935.0,737.0,869.0,1548.0,758.0,,,4.5,,,25.4,52.9,1.698
2004-08-05 02:00:00,908.0,700.0,922.0,1547.0,644.0,,,3.8,,,25.4,54.4,1.7384
2004-08-05 03:00:00,853.0,605.0,1032.0,1488.0,615.0,,,2.3,,,25.4,54.6,1.7432
2004-08-05 04:00:00,851.0,592.0,1054.0,1482.0,578.0,,,2.1,,,24.5,57.1,1.7327
2004-08-05 05:00:00,957.0,705.0,857.0,1578.0,843.0,,,3.9,,,22.8,63.7,1.7392
2004-08-05 06:00:00,1059.0,836.0,742.0,1675.0,1113.0,,,6.5,,,22.6,64.1,1.7358
2004-08-05 07:00:00,1261.0,1134.0,557.0,2015.0,1388.0,,,14.5,,,24.3,58.0,1.7429
2004-08-05 08:00:00,1215.0,1150.0,574.0,1962.0,1310.0,,,15.1,,,26.5,50.4,1.7215
2004-08-05 09:00:00,1097.0,940.0,676.0,1727.0,1056.0,,,9.0,,,28.1,45.4,1.697
2004-08-05 10:00:00,1135.0,1030.0,662.0,1789.0,1104.0,,,11.4,,,31.7,36.7,1.6843
2004-08-05 11:00:00,1117.0,1020.0,706.0,1731.0,973.0,,,11.2,104.0,115.0,35.8,28.7,1.6626
2004-08-05 12:00:00,1108.0,985.0,727.0,1708.0,1001.0,,,10.2,98.0,108.0,36.8,27.2,1.6623
2004-08-05 13:00:00,1038.0,906.0,808.0,1567.0,747.0,,,8.2,66.0,86.0,38.3,24.5,1.622
2004-08-05 14:00:00,985.0,838.0,850.0,1541.0,653.0,,,6.6,60.0,84.0,34.2,30.8,1.6299
2004-08-05 15:00:00,1100.0,832.0,767.0,1695.0,934.0,,,6.4,85.0,97.0,28.7,51.4,1.9871
2004-08-05 16:00:00,1067.0,855.0,748.0,1700.0,811.0,,,7.0,90.0,102.0,23.9,69.1,2.0202
2004-08-05 17:00:00,1140.0,963.0,669.0,1815.0,918.0,,,9.6,122.0,102.0,21.5,78.8,1.9939
2004-08-05 18:00:00,1113.0,954.0,682.0,1801.0,899.0,,,9.4,117.0,99.0,21.6,78.5,1.994
2004-08-05 19:00:00,1124.0,984.0,678.0,1826.0,902.0,,,10.2,115.0,97.0,21.5,78.4,1.9818
2004-08-05 20:00:00,1056.0,886.0,732.0,1721.0,900.0,,,7.7,127.0,101.0,20.8,80.9,1.9637
2004-08-05 21:00:00,1002.0,783.0,805.0,1623.0,875.0,,,5.4,79.0,92.0,20.7,81.8,1.9717
2004-08-05 22:00:00,971.0,789.0,816.0,1594.0,879.0,,,5.5,61.0,70.0,23.1,70.1,1.9582
2004-08-05 23:00:00,1001.0,799.0,829.0,1619.0,859.0,,,5.7,67.0,72.0,22.7,68.4,1.8627
2004-08-06 00:00:00,1058.0,867.0,731.0,1685.0,1048.0,,,7.2,93.0,80.0,22.1,72.6,1.9105
2004-08-06 01:00:00,1030.0,848.0,734.0,1691.0,1048.0,,,6.8,77.0,71.0,21.8,74.1,1.915
2004-08-06 02:00:00,950.0,762.0,827.0,1616.0,959.0,,,5.0,60.0,69.0,21.9,72.8,1.8944
2004-08-06 03:00:00,912.0,716.0,875.0,1586.0,898.0,,,4.1,,,21.7,73.2,1.8763
2004-08-06 04:00:00,893.0,676.0,930.0,1567.0,859.0,,,3.4,45.0,55.0,21.4,75.5,1.9033
2004-08-06 05:00:00,938.0,734.0,847.0,1607.0,947.0,0.7,,4.4,65.0,57.0,21.4,75.5,1.9069
2004-08-06 06:00:00,1065.0,889.0,722.0,1760.0,1081.0,1.2,,7.7,94.0,56.0,21.9,74.9,1.9396
2004-08-06 07:00:00,1240.0,1102.0,588.0,1989.0,1257.0,2.3,,13.6,205.0,72.0,22.0,75.9,1.9817
2004-08-06 08:00:00,1307.0,1270.0,516.0,2191.0,1404.0,3.0,,19.1,240.0,84.0,22.5,74.9,2.019
2004-08-06 09:00:00,1229.0,1188.0,557.0,2033.0,1412.0,2.9,,16.3,237.0,97.0,24.5,66.2,2.0011
2004-08-06 10:00:00,1220.0,1122.0,601.0,1974.0,1428.0,2.6,,14.2,245.0,107.0,25.6,61.2,1.9808
2004-08-06 11:00:00,1218.0,1168.0,607.0,2000.0,1451.0,2.6,,15.6,206.0,117.0,29.3,48.4,1.9367
2004-08-06 12:00:00,1171.0,1129.0,631.0,1911.0,1346.0,2.6,,14.4,156.0,120.0,33.5,36.0,1.8395
2004-08-06 13:00:00,1067.0,995.0,717.0,1730.0,1093.0,2.1,,10.5,126.0,110.0,35.6,29.8,1.7045
2004-08-06 14:00:00,1054.0,985.0,735.0,1742.0,940.0,1.7,,10.2,108.0,104.0,33.7,33.4,1.7186
2004-08-06 15:00:00,1051.0,1003.0,711.0,1715.0,909.0,1.9,,10.7,102.0,110.0,34.1,33.3,1.7509
2004-08-06 16:00:00,1103.0,1035.0,672.0,1834.0,1005.0,2.5,,11.6,110.0,111.0,31.5,43.5,1.9797
2004-08-06 17:00:00,970.0,894.0,761.0,1649.0,756.0,1.1,,7.9,57.0,64.0,32.5,40.6,1.9481
2004-08-06 18:00:00,1100.0,1038.0,668.0,1873.0,1080.0,2.1,,11.7,109.0,92.0,29.8,45.2,1.8642
2004-08-06 19:00:00,1129.0,1137.0,606.0,1952.0,1220.0,2.6,,14.6,151.0,114.0,27.7,49.9,1.8189
2004-08-06 20:00:00,1126.0,1089.0,620.0,1886.0,1208.0,2.6,,13.2,153.0,116.0,26.4,54.6,1.8459
2004-08-06 21:00:00,1019.0,971.0,692.0,1760.0,1057.0,1.7,,9.8,103.0,94.0,25.5,58.0,1.8611
2004-08-06 22:00:00,1011.0,930.0,728.0,1723.0,1009.0,1.5,,8.8,76.0,77.0,25.1,59.9,1.8797
2004-08-06 23:00:00,1039.0,991.0,685.0,1820.0,1088.0,1.8,,10.4,93.0,74.0,24.1,63.5,1.8828
2004-08-07 00:00:00,974.0,920.0,718.0,1755.0,1062.0,1.4,,8.5,75.0,62.0,23.8,65.0,1.8897
2004-08-07 01:00:00,925.0,831.0,789.0,1662.0,975.0,1.2,,6.4,57.0,57.0,23.4,64.9,1.843
2004-08-07 02:00:00,810.0,674.0,976.0,1530.0,793.0,0.7,,3.4,32.0,45.0,24.4,58.6,1.7714
2004-08-07 03:00:00,800.0,627.0,1032.0,1519.0,787.0,0.6,,2.6,,,23.3,63.3,1.7895
2004-08-07 04:00:00,813.0,645.0,990.0,1530.0,802.0,0.7,,2.9,42.0,49.0,21.9,67.1,1.7414
2004-08-07 05:00:00,788.0,604.0,1068.0,1507.0,754.0,0.5,,2.3,37.0,45.0,23.6,61.2,1.7588
2004-08-07 06:00:00,815.0,670.0,971.0,1538.0,774.0,0.6,,3.3,44.0,44.0,22.6,63.4,1.7136
2004-08-07 07:00:00,868.0,771.0,840.0,1608.0,860.0,0.9,,5.1,51.0,43.0,22.9,62.6,1.7253
2004-08-07 08:00:00,951.0,886.0,742.0,1705.0,988.0,1.2,,7.7,74.0,51.0,23.3,61.8,1.7504
2004-08-07 09:00:00,1075.0,996.0,649.0,1838.0,1113.0,2.0,,10.5,115.0,84.0,25.4,56.2,1.7961
2004-08-07 10:00:00,1058.0,1012.0,676.0,1782.0,1063.0,1.9,,10.9,109.0,96.0,30.6,41.9,1.8104
2004-08-07 11:00:00,1012.0,914.0,760.0,1653.0,858.0,1.7,,8.4,80.0,88.0,33.5,34.0,1.73
2004-08-07 12:00:00,929.0,811.0,862.0,1541.0,642.0,1.2,,6.0,57.0,67.0,35.5,29.8,1.7004
2004-08-07 13:00:00,902.0,813.0,875.0,1518.0,588.0,1.1,,6.0,56.0,64.0,37.5,24.7,1.5637
2004-08-07 14:00:00,836.0,750.0,960.0,1390.0,484.0,1.0,,4.7,43.0,54.0,35.1,25.2,1.402
2004-08-07 15:00:00,858.0,776.0,947.0,1431.0,498.0,1.0,,5.3,43.0,56.0,38.1,21.1,1.3863
2004-08-07 16:00:00,886.0,803.0,939.0,1460.0,538.0,1.0,,5.8,51.0,68.0,38.5,21.8,1.4653
2004-08-07 17:00:00,974.0,833.0,864.0,1577.0,565.0,1.2,,6.5,46.0,67.0,36.8,29.5,1.8037
2004-08-07 18:00:00,1008.0,915.0,783.0,1643.0,672.0,1.6,,8.4,71.0,95.0,34.9,33.4,1.8384
2004-08-07 19:00:00,990.0,912.0,777.0,1648.0,689.0,1.6,,8.3,65.0,86.0,32.2,37.4,1.7655
2004-08-07 20:00:00,981.0,917.0,740.0,1649.0,714.0,1.6,,8.4,78.0,93.0,29.7,41.7,1.7081
2004-08-07 21:00:00,954.0,828.0,793.0,1589.0,631.0,1.3,,6.4,51.0,68.0,27.7,47.4,1.7344
2004-08-07 22:00:00,1030.0,988.0,686.0,1751.0,829.0,1.9,,10.3,84.0,95.0,27.3,49.4,1.7602
2004-08-07 23:00:00,1033.0,1011.0,681.0,1768.0,875.0,1.9,,10.9,89.0,93.0,26.3,51.3,1.7251
2004-08-08 00:00:00,963.0,872.0,767.0,1617.0,803.0,1.5,,7.4,65.0,69.0,25.7,54.1,1.7546
2004-08-08 01:00:00,918.0,805.0,816.0,1571.0,759.0,1.1,,5.8,43.0,55.0,25.4,55.1,1.7628
2004-08-08 02:00:00,868.0,736.0,894.0,1548.0,638.0,0.8,,4.5,32.0,39.0,24.9,57.3,1.7822
2004-08-08 03:00:00,886.0,744.0,869.0,1590.0,700.0,0.9,,4.6,,,24.1,61.8,1.8339
2004-08-08 04:00:00,813.0,609.0,1017.0,1473.0,615.0,0.6,,2.4,22.0,33.0,23.9,61.2,1.7871
2004-08-08 05:00:00,815.0,616.0,1080.0,1532.0,596.0,0.6,,2.4,21.0,29.0,23.8,61.3,1.7881
2004-08-08 06:00:00,815.0,627.0,1049.0,1518.0,650.0,0.7,,2.6,27.0,36.0,23.4,61.7,1.7495
2004-08-08 07:00:00,835.0,638.0,1024.0,1506.0,655.0,0.6,,2.8,31.0,38.0,24.3,58.4,1.7508
2004-08-08 08:00:00,921.0,738.0,901.0,1585.0,779.0,1.0,,4.5,46.0,47.0,25.1,56.6,1.7798
2004-08-08 09:00:00,963.0,774.0,839.0,1621.0,758.0,1.2,,5.2,62.0,64.0,27.3,51.3,1.835
2004-08-08 10:00:00,935.0,724.0,936.0,1574.0,598.0,1.0,,4.2,43.0,49.0,29.5,45.9,1.8662
2004-08-08 11:00:00,1007.0,751.0,849.0,1649.0,643.0,1.3,,4.8,53.0,64.0,27.6,52.4,1.9055
2004-08-08 12:00:00,1032.0,744.0,813.0,1695.0,778.0,1.4,,4.6,87.0,79.0,25.4,68.0,2.1806
2004-08-08 13:00:00,901.0,689.0,964.0,1543.0,522.0,0.8,,3.6,36.0,45.0,32.2,40.3,1.8999
2004-08-08 14:00:00,851.0,627.0,1129.0,1433.0,419.0,0.6,,2.6,21.0,30.0,31.6,38.9,1.7838
2004-08-08 15:00:00,877.0,655.0,1061.0,1471.0,444.0,0.7,,3.0,27.0,35.0,33.0,37.3,1.8481
2004-08-08 16:00:00,909.0,690.0,1039.0,1488.0,474.0,0.8,,3.6,29.0,37.0,35.1,32.1,1.7841
2004-08-08 17:00:00,908.0,715.0,988.0,1479.0,495.0,0.9,,4.1,38.0,46.0,35.0,31.1,1.7173
2004-08-08 18:00:00,926.0,763.0,949.0,1491.0,504.0,1.0,,5.0,41.0,54.0,33.8,32.1,1.6596
2004-08-08 19:00:00,1010.0,836.0,848.0,1577.0,616.0,1.5,,6.5,66.0,79.0,31.1,38.8,1.7295
2004-08-08 20:00:00,1031.0,868.0,798.0,1634.0,690.0,1.5,,7.3,63.0,79.0,29.0,46.1,1.8141
2004-08-08 21:00:00,1070.0,905.0,745.0,1702.0,846.0,1.7,,8.1,88.0,98.0,28.1,50.6,1.8969
2004-08-08 22:00:00,1124.0,992.0,660.0,1791.0,1013.0,1.9,,10.4,87.0,93.0,27.1,54.7,1.9284
2004-08-08 23:00:00,1066.0,940.0,683.0,1744.0,978.0,1.7,,9.0,86.0,89.0,26.6,56.4,1.9349
2004-08-09 00:00:00,1001.0,836.0,771.0,1662.0,821.0,1.2,,6.5,49.0,57.0,25.8,60.4,1.9759
2004-08-09 01:00:00,967.0,824.0,774.0,1637.0,862.0,1.1,,6.3,40.0,51.0,25.5,61.6,1.9804
2004-08-09 02:00:00,901.0,733.0,888.0,1605.0,755.0,0.8,,4.4,27.0,39.0,24.9,63.5,1.9647
2004-08-09 03:00:00,835.0,638.0,997.0,1526.0,715.0,0.5,,2.8,,,24.3,65.1,1.9475
2004-08-09 04:00:00,820.0,598.0,1065.0,1511.0,684.0,,,2.2,23.0,30.0,23.8,65.7,1.9079
2004-08-09 05:00:00,896.0,694.0,941.0,1583.0,853.0,0.7,,3.7,58.0,46.0,23.2,68.0,1.9045
2004-08-09 06:00:00,996.0,872.0,756.0,1727.0,990.0,1.2,,7.4,87.0,55.0,23.2,67.5,1.899
2004-08-09 07:00:00,1159.0,1151.0,579.0,2005.0,1206.0,2.3,,15.1,143.0,63.0,24.3,63.3,1.8929
2004-08-09 08:00:00,1185.0,1152.0,578.0,2003.0,1274.0,2.5,,15.1,96.0,42.0,25.5,59.7,1.9193
2004-08-09 09:00:00,1168.0,1138.0,585.0,1946.0,1336.0,2.4,,14.7,16.0,5.0,27.7,52.5,1.9138
2004-08-09 10:00:00,1044.0,970.0,715.0,1751.0,1068.0,1.4,,9.8,54.0,39.0,31.8,38.9,1.8005
2004-08-09 11:00:00,983.0,897.0,800.0,1608.0,804.0,1.2,,8.0,42.0,39.0,32.7,34.1,1.6592
2004-08-09 12:00:00,1032.0,912.0,764.0,1661.0,826.0,1.6,,8.3,72.0,71.0,34.3,31.5,1.6745
2004-08-09 13:00:00,1019.0,889.0,787.0,1630.0,745.0,1.4,,7.7,54.0,65.0,34.2,31.5,1.6675
2004-08-09 14:00:00,982.0,844.0,835.0,1567.0,638.0,1.2,,6.7,52.0,71.0,33.9,32.3,1.6809
2004-08-09 15:00:00,1016.0,880.0,783.0,1617.0,684.0,1.5,,7.5,64.0,72.0,34.4,31.9,1.7005
2004-08-09 16:00:00,,,,,,1.4,,,70.0,76.0,,,
2004-08-09 17:00:00,,,,,,1.5,,,65.0,75.0,,,
2004-08-09 18:00:00,,,,,,1.7,,,80.0,86.0,,,
2004-08-09 19:00:00,,,,,,2.2,,,88.0,96.0,,,
2004-08-09 20:00:00,1091.0,925.0,730.0,1685.0,1020.0,1.9,,8.6,81.0,95.0,29.8,41.7,1.7167
2004-08-09 21:00:00,1109.0,965.0,696.0,1742.0,1100.0,1.6,,9.7,59.0,74.0,28.8,45.9,1.7884
2004-08-09 22:00:00,1098.0,944.0,687.0,1772.0,1086.0,1.5,,9.1,69.0,76.0,28.2,51.1,1.9221
2004-08-09 23:00:00,1088.0,945.0,674.0,1765.0,1060.0,1.4,,9.1,58.0,66.0,27.5,54.4,1.9705
2004-08-10 00:00:00,1035.0,859.0,732.0,1680.0,996.0,1.0,,7.0,33.0,49.0,27.4,55.0,1.9827
2004-08-10 01:00:00,942.0,758.0,824.0,1567.0,856.0,0.7,,4.9,17.0,29.0,28.1,51.6,1.9269
2004-08-10 02:00:00,902.0,680.0,919.0,1535.0,722.0,0.5,,3.5,6.0,11.0,26.3,56.5,1.9027
2004-08-10 03:00:00,919.0,704.0,861.0,1603.0,860.0,0.5,,3.9,,,24.4,65.0,1.9612
2004-08-10 04:00:00,875.0,665.0,919.0,1559.0,772.0,0.5,,3.2,20.0,25.0,24.4,63.6,1.9218
2004-08-10 05:00:00,927.0,747.0,830.0,1633.0,910.0,0.7,,4.7,58.0,34.0,23.5,67.4,1.9305
2004-08-10 06:00:00,1032.0,883.0,718.0,1742.0,1051.0,1.2,,7.6,106.0,42.0,23.4,65.7,1.872
2004-08-10 07:00:00,1193.0,1139.0,563.0,2009.0,1257.0,2.2,,14.7,143.0,47.0,24.5,61.3,1.8522
2004-08-10 08:00:00,1268.0,1259.0,519.0,2114.0,1410.0,2.9,,18.7,167.0,62.0,26.0,55.8,1.8536
2004-08-10 09:00:00,1238.0,1144.0,565.0,1939.0,1433.0,2.6,,14.8,188.0,81.0,28.5,48.5,1.8607
2004-08-10 10:00:00,1230.0,1133.0,604.0,1909.0,1413.0,2.6,,14.5,164.0,90.0,33.6,35.7,1.8229
2004-08-10 11:00:00,1161.0,1074.0,646.0,1777.0,1206.0,2.2,,12.7,128.0,95.0,36.5,28.9,1.7359
2004-08-10 12:00:00,1048.0,949.0,764.0,1607.0,831.0,1.5,,9.2,88.0,86.0,39.0,23.7,1.6346
2004-08-10 13:00:00,929.0,752.0,955.0,1385.0,544.0,0.9,,4.8,51.0,64.0,38.8,23.7,1.6093
2004-08-10 14:00:00,950.0,783.0,914.0,1443.0,525.0,1.0,,5.4,52.0,62.0,38.0,24.0,1.5686
2004-08-10 15:00:00,1013.0,864.0,819.0,1544.0,644.0,1.1,,7.2,59.0,75.0,40.5,23.3,1.7416
2004-08-10 16:00:00,1034.0,845.0,841.0,1566.0,702.0,1.2,,6.7,67.0,88.0,39.8,25.4,1.8213
2004-08-10 17:00:00,1082.0,965.0,760.0,1649.0,844.0,1.8,,9.7,105.0,126.0,39.6,23.3,1.6535
2004-08-10 18:00:00,1110.0,1012.0,720.0,1725.0,905.0,1.8,,10.9,91.0,96.0,38.8,24.7,1.6772
2004-08-10 19:00:00,1118.0,999.0,706.0,1766.0,878.0,1.7,,10.6,69.0,79.0,34.7,35.9,1.9528
2004-08-10 20:00:00,1136.0,967.0,703.0,1801.0,927.0,1.7,,9.7,65.0,67.0,32.3,43.6,2.07
2004-08-10 21:00:00,1106.0,924.0,725.0,1757.0,910.0,1.6,,8.6,58.0,62.0,30.7,48.1,2.0821
2004-08-10 22:00:00,1151.0,984.0,678.0,1823.0,1024.0,1.7,,10.2,67.0,64.0,29.5,50.6,2.0492
2004-08-10 23:00:00,1144.0,997.0,669.0,1816.0,1021.0,1.8,,10.5,64.0,63.0,28.8,52.0,2.0297
2004-08-11 00:00:00,1118.0,930.0,697.0,1748.0,1027.0,1.5,,8.8,65.0,60.0,28.2,55.0,2.0697
2004-08-11 01:00:00,1066.0,839.0,740.0,1700.0,993.0,1.2,,6.6,47.0,49.0,27.2,59.1,2.0997
2004-08-11 02:00:00,991.0,778.0,797.0,1665.0,910.0,0.8,,5.3,29.0,36.0,26.7,60.7,2.0977
2004-08-11 03:00:00,906.0,650.0,961.0,1581.0,768.0,0.5,,3.0,,,26.9,60.3,2.1074
2004-08-11 04:00:00,903.0,662.0,932.0,1590.0,760.0,0.5,,3.2,16.0,24.0,26.4,61.6,2.0931
2004-08-11 05:00:00,941.0,685.0,895.0,1632.0,834.0,0.7,,3.5,50.0,32.0,25.9,63.6,2.102
2004-08-11 06:00:00,1074.0,866.0,717.0,1768.0,1075.0,1.1,,7.2,78.0,42.0,26.1,63.7,2.117
2004-08-11 07:00:00,1114.0,958.0,663.0,1836.0,1167.0,1.4,,9.5,89.0,42.0,26.8,60.5,2.1008
2004-08-11 08:00:00,1162.0,1019.0,622.0,1904.0,1178.0,1.7,,11.1,97.0,51.0,27.9,56.5,2.0895
2004-08-11 09:00:00,1165.0,967.0,651.0,1825.0,1120.0,1.8,,9.7,93.0,58.0,29.8,51.1,2.1054
2004-08-11 10:00:00,1179.0,957.0,680.0,1819.0,1131.0,1.8,,9.5,105.0,67.0,33.6,41.0,2.0995
2004-08-11 11:00:00,1144.0,913.0,715.0,1782.0,972.0,1.7,,8.3,89.0,68.0,35.1,38.1,2.1144
2004-08-11 12:00:00,1066.0,813.0,792.0,1657.0,764.0,1.3,,6.0,63.0,56.0,36.2,34.9,2.0578
2004-08-11 13:00:00,1056.0,802.0,824.0,1620.0,670.0,1.3,,5.8,52.0,47.0,38.0,30.7,2.0022
2004-08-11 14:00:00,995.0,769.0,882.0,1576.0,615.0,1.0,,5.1,48.0,46.0,36.6,30.8,1.8617
2004-08-11 15:00:00,967.0,740.0,926.0,1526.0,557.0,1.0,,4.5,50.0,50.0,38.8,25.4,1.7282
2004-08-11 16:00:00,1048.0,839.0,845.0,1607.0,700.0,1.4,,6.6,80.0,65.0,38.7,25.8,1.7426
2004-08-11 17:00:00,1092.0,901.0,777.0,1691.0,734.0,1.6,,8.0,78.0,69.0,37.4,29.9,1.8848
2004-08-11 18:00:00,1056.0,883.0,799.0,1672.0,684.0,1.4,,7.6,64.0,63.0,36.2,31.1,1.8371
2004-08-11 19:00:00,1100.0,982.0,720.0,1760.0,823.0,1.7,,10.1,84.0,69.0,33.8,34.5,1.7788
2004-08-11 20:00:00,1057.0,890.0,778.0,1701.0,801.0,1.4,,7.8,72.0,57.0,31.4,40.7,1.8377
2004-08-11 21:00:00,1068.0,917.0,736.0,1728.0,916.0,1.5,,8.4,70.0,59.0,30.8,45.0,1.9733
2004-08-11 22:00:00,1050.0,887.0,770.0,1696.0,820.0,1.4,,7.7,59.0,54.0,29.4,50.0,2.0181
2004-08-11 23:00:00,1074.0,884.0,764.0,1726.0,838.0,1.5,,7.6,63.0,57.0,28.1,54.1,2.029
2004-08-12 00:00:00,1053.0,895.0,745.0,1727.0,882.0,1.6,,7.9,58.0,46.0,27.3,57.8,2.0646
2004-08-12 01:00:00,1003.0,825.0,794.0,1716.0,801.0,1.2,,6.3,68.0,65.0,26.7,60.6,2.0942
2004-08-12 02:00:00,933.0,701.0,906.0,1638.0,690.0,0.9,,3.8,57.0,62.0,25.9,64.5,2.1247
2004-08-12 03:00:00,869.0,614.0,1001.0,1565.0,674.0,0.6,,2.4,,,25.6,63.5,2.0566
2004-08-12 04:00:00,864.0,617.0,1027.0,1561.0,622.0,,,2.5,15.0,25.0,26.7,61.0,2.101
2004-08-12 05:00:00,931.0,721.0,888.0,1651.0,799.0,0.7,,4.2,47.0,37.0,25.8,64.6,2.1195
2004-08-12 06:00:00,921.0,738.0,893.0,1623.0,818.0,0.7,,4.5,39.0,41.0,26.5,60.6,2.063
2004-08-12 07:00:00,1139.0,1013.0,672.0,1932.0,1034.0,1.7,,11.0,87.0,60.0,26.4,61.7,2.0929
2004-08-12 08:00:00,1205.0,1118.0,585.0,2019.0,1189.0,2.2,,14.1,122.0,65.0,27.5,60.1,2.1719
2004-08-12 09:00:00,1126.0,957.0,694.0,1841.0,1034.0,1.9,,9.5,122.0,71.0,29.4,53.1,2.1362
2004-08-12 10:00:00,1066.0,855.0,803.0,1712.0,929.0,1.5,,6.9,101.0,61.0,33.4,39.9,2.0177
2004-08-12 11:00:00,1069.0,867.0,785.0,1717.0,880.0,1.6,,7.2,92.0,65.0,33.2,39.2,1.9642
2004-08-12 12:00:00,975.0,788.0,851.0,1629.0,701.0,1.3,,5.5,70.0,54.0,34.5,35.1,1.8856
2004-08-12 13:00:00,955.0,766.0,898.0,1597.0,620.0,1.1,,5.1,58.0,58.0,37.1,30.5,1.8962
2004-08-12 14:00:00,949.0,764.0,898.0,1579.0,573.0,1.0,,5.0,44.0,56.0,35.9,32.1,1.8697
2004-08-12 15:00:00,941.0,792.0,897.0,1582.0,544.0,1.0,,5.6,44.0,60.0,37.3,28.0,1.7537
2004-08-12 16:00:00,942.0,800.0,877.0,1567.0,581.0,1.1,,5.7,52.0,69.0,38.1,26.3,1.7252
2004-08-12 17:00:00,974.0,855.0,836.0,1607.0,610.0,1.3,,7.0,53.0,67.0,37.1,27.2,1.6844
2004-08-12 18:00:00,1012.0,904.0,794.0,1653.0,695.0,1.5,,8.1,65.0,79.0,35.2,31.2,1.7485
2004-08-12 19:00:00,1017.0,929.0,772.0,1702.0,709.0,1.6,,8.7,67.0,86.0,32.1,38.7,1.819
2004-08-12 20:00:00,1006.0,896.0,797.0,1697.0,736.0,1.5,,7.9,67.0,79.0,30.3,45.1,1.9129
2004-08-12 21:00:00,1008.0,878.0,792.0,1691.0,722.0,1.3,,7.5,53.0,67.0,29.3,50.2,2.0127
2004-08-12 22:00:00,989.0,814.0,845.0,1657.0,680.0,1.2,,6.0,53.0,65.0,28.6,53.7,2.0691
2004-08-12 23:00:00,1080.0,920.0,739.0,1761.0,772.0,1.6,,8.5,60.0,67.0,27.8,57.4,2.1107
2004-08-13 00:00:00,1033.0,856.0,774.0,1736.0,769.0,1.4,,7.0,60.0,62.0,27.4,59.4,2.1395
2004-08-13 01:00:00,968.0,794.0,836.0,1688.0,654.0,1.1,,5.6,39.0,48.0,27.2,59.3,2.1059
2004-08-13 02:00:00,853.0,626.0,1045.0,1557.0,516.0,0.7,,2.6,22.0,33.0,26.7,61.0,2.1005
2004-08-13 03:00:00,810.0,544.0,1264.0,1485.0,447.0,0.4,,1.5,,,26.0,62.7,2.0737
2004-08-13 04:00:00,817.0,558.0,1232.0,1485.0,452.0,0.5,,1.7,7.0,11.0,25.4,63.1,2.0184
2004-08-13 05:00:00,840.0,586.0,1154.0,1499.0,492.0,0.5,,2.0,25.0,34.0,26.1,60.3,2.012
2004-08-13 06:00:00,940.0,709.0,956.0,1641.0,588.0,0.8,,4.0,47.0,52.0,25.2,67.1,2.1164
2004-08-13 07:00:00,1076.0,924.0,720.0,1806.0,909.0,1.6,,8.6,101.0,80.0,26.0,61.9,2.0511
2004-08-13 08:00:00,1086.0,981.0,688.0,1818.0,1007.0,1.6,,10.1,100.0,86.0,27.0,57.5,2.0183
2004-08-13 09:00:00,1031.0,929.0,759.0,1722.0,809.0,1.4,,8.7,79.0,77.0,30.5,44.4,1.9076
2004-08-13 10:00:00,1016.0,896.0,766.0,1704.0,820.0,1.5,,7.9,91.0,93.0,33.4,35.1,1.781
2004-08-13 11:00:00,953.0,801.0,868.0,1573.0,657.0,1.2,,5.8,83.0,109.0,35.7,29.0,1.6716
2004-08-13 12:00:00,918.0,779.0,896.0,1537.0,551.0,1.1,,5.3,65.0,89.0,35.8,27.7,1.6041
2004-08-13 13:00:00,892.0,724.0,971.0,1490.0,511.0,0.8,,4.2,55.0,71.0,36.3,27.4,1.6264
2004-08-13 14:00:00,841.0,673.0,1061.0,1394.0,451.0,0.7,,3.3,40.0,56.0,33.6,28.8,1.4695
2004-08-13 15:00:00,799.0,709.0,1078.0,1332.0,462.0,0.7,,4.0,48.0,68.0,35.2,20.5,1.1418
2004-08-13 16:00:00,838.0,726.0,1056.0,1382.0,440.0,0.7,,4.3,46.0,61.0,35.0,22.4,1.2371
2004-08-13 17:00:00,870.0,745.0,998.0,1400.0,472.0,1.0,,4.6,54.0,70.0,34.0,25.2,1.314
2004-08-13 18:00:00,892.0,771.0,965.0,1465.0,494.0,1.0,,5.1,55.0,76.0,32.0,28.2,1.3204
2004-08-13 19:00:00,926.0,805.0,901.0,1511.0,524.0,1.2,,5.9,60.0,78.0,29.4,34.4,1.3899
2004-08-13 20:00:00,919.0,796.0,870.0,1538.0,560.0,1.1,,5.7,62.0,80.0,28.1,41.1,1.535
2004-08-13 21:00:00,932.0,746.0,912.0,1528.0,534.0,1.0,,4.7,51.0,71.0,26.9,47.5,1.6595
2004-08-13 22:00:00,957.0,767.0,867.0,1534.0,577.0,1.2,,5.1,57.0,74.0,26.6,50.4,1.724
2004-08-13 23:00:00,994.0,806.0,830.0,1580.0,674.0,1.4,,5.9,72.0,90.0,25.9,52.9,1.7478
2004-08-14 00:00:00,984.0,795.0,838.0,1570.0,676.0,1.3,,5.6,63.0,78.0,25.4,54.6,1.7483
2004-08-14 01:00:00,919.0,737.0,899.0,1534.0,611.0,1.0,,4.5,49.0,63.0,25.1,55.7,1.7471
2004-08-14 02:00:00,847.0,618.0,1075.0,1442.0,529.0,0.6,,2.5,30.0,42.0,25.1,55.3,1.733
2004-08-14 03:00:00,802.0,559.0,1232.0,1414.0,478.0,0.4,,1.7,,,25.0,56.0,1.7428
2004-08-14 04:00:00,795.0,569.0,1178.0,1426.0,497.0,0.4,,1.8,18.0,27.0,25.2,55.0,1.7405
2004-08-14 05:00:00,809.0,578.0,1170.0,1445.0,513.0,0.4,,1.9,22.0,29.0,25.6,53.5,1.7291
2004-08-14 06:00:00,835.0,626.0,1088.0,1471.0,563.0,0.5,,2.6,39.0,41.0,24.7,55.9,1.7114
2004-08-14 07:00:00,967.0,826.0,821.0,1639.0,822.0,1.1,,6.3,68.0,61.0,24.0,57.2,1.6835
2004-08-14 08:00:00,969.0,849.0,800.0,1626.0,890.0,1.2,,6.8,84.0,68.0,25.0,53.2,1.663
2004-08-14 09:00:00,913.0,749.0,911.0,1535.0,742.0,0.9,,4.7,54.0,58.0,28.0,43.4,1.6162
2004-08-14 10:00:00,933.0,748.0,948.0,1551.0,629.0,0.9,,4.7,51.0,52.0,31.6,35.5,1.6269
2004-08-14 11:00:00,922.0,712.0,924.0,1494.0,609.0,1.0,,4.0,52.0,57.0,35.0,29.0,1.6017
2004-08-14 12:00:00,914.0,726.0,959.0,1496.0,534.0,0.8,,4.3,44.0,51.0,35.3,27.6,1.5512
2004-08-14 13:00:00,873.0,699.0,999.0,1413.0,528.0,0.8,,3.8,47.0,53.0,36.2,24.1,1.4235
2004-08-14 14:00:00,831.0,676.0,1041.0,1350.0,463.0,0.7,,3.4,37.0,49.0,34.8,24.5,1.3373
2004-08-14 15:00:00,840.0,685.0,1051.0,1339.0,462.0,0.7,,3.6,33.0,44.0,38.2,19.6,1.2915
2004-08-14 16:00:00,874.0,686.0,1032.0,1402.0,501.0,0.7,,3.6,36.0,48.0,38.9,20.3,1.382
2004-08-14 17:00:00,896.0,687.0,1006.0,1438.0,493.0,0.7,,3.6,33.0,46.0,36.9,27.1,1.6683
2004-08-14 18:00:00,964.0,769.0,873.0,1546.0,572.0,0.9,,5.1,40.0,56.0,35.2,32.1,1.7898
2004-08-14 19:00:00,1001.0,838.0,801.0,1614.0,668.0,1.2,,6.6,56.0,73.0,32.0,38.2,1.788
2004-08-14 20:00:00,1005.0,868.0,779.0,1633.0,771.0,1.4,,7.3,71.0,85.0,29.8,41.8,1.7269
2004-08-14 21:00:00,979.0,818.0,797.0,1590.0,732.0,1.2,,6.1,57.0,72.0,28.2,45.9,1.7272
2004-08-14 22:00:00,935.0,774.0,825.0,1562.0,687.0,1.0,,5.2,43.0,53.0,27.1,48.2,1.7075
2004-08-14 23:00:00,939.0,758.0,858.0,1544.0,664.0,0.9,,4.9,40.0,47.0,26.7,49.5,1.7048
2004-08-15 00:00:00,878.0,684.0,947.0,1475.0,588.0,0.7,,3.5,26.0,37.0,26.1,50.8,1.6917
2004-08-15 01:00:00,848.0,650.0,989.0,1479.0,610.0,0.5,,3.0,24.0,34.0,25.7,52.5,1.7077
2004-08-15 02:00:00,826.0,631.0,1028.0,1473.0,593.0,0.5,,2.7,24.0,33.0,24.8,55.4,1.7054
2004-08-15 03:00:00,804.0,597.0,1077.0,1454.0,566.0,0.4,,2.2,,,23.8,57.5,1.6723
2004-08-15 04:00:00,789.0,584.0,1107.0,1457.0,571.0,,,2.0,18.0,27.0,22.4,62.2,1.6648
2004-08-15 05:00:00,785.0,612.0,1054.0,1443.0,614.0,0.4,,2.4,18.0,27.0,22.5,61.8,1.6654
2004-08-15 06:00:00,772.0,584.0,1149.0,1414.0,566.0,0.4,,2.0,19.0,27.0,22.7,59.2,1.6139
2004-08-15 07:00:00,796.0,623.0,1064.0,1425.0,594.0,0.5,,2.5,22.0,28.0,23.0,58.4,1.6223
2004-08-15 08:00:00,875.0,682.0,983.0,1457.0,611.0,0.7,,3.5,34.0,36.0,23.9,56.3,1.6489
2004-08-15 09:00:00,955.0,811.0,841.0,1562.0,759.0,1.1,,6.0,61.0,59.0,26.3,50.1,1.6889
2004-08-15 10:00:00,938.0,778.0,896.0,1520.0,700.0,1.0,,5.3,46.0,56.0,32.1,34.0,1.6039
2004-08-15 11:00:00,954.0,826.0,870.0,1531.0,691.0,1.2,,6.3,56.0,70.0,35.8,25.7,1.4861
2004-08-15 12:00:00,875.0,753.0,978.0,1402.0,579.0,1.1,,4.8,31.0,36.0,38.3,19.8,1.3067
2004-08-15 13:00:00,810.0,664.0,1123.0,1312.0,478.0,0.6,,3.2,11.0,17.0,37.3,20.5,1.286
2004-08-15 14:00:00,746.0,624.0,1227.0,1209.0,410.0,0.4,,2.6,8.0,14.0,36.3,18.4,1.0976
2004-08-15 15:00:00,738.0,610.0,1281.0,1204.0,404.0,0.4,,2.4,14.0,24.0,36.8,16.9,1.0347
2004-08-15 16:00:00,771.0,652.0,1223.0,1239.0,440.0,0.5,,3.0,21.0,36.0,37.9,15.9,1.0296
2004-08-15 17:00:00,799.0,658.0,1216.0,1254.0,461.0,0.6,,3.1,26.0,43.0,36.7,17.1,1.0398
2004-08-15 18:00:00,831.0,679.0,1143.0,1291.0,526.0,0.8,,3.4,37.0,60.0,33.8,21.9,1.1303
2004-08-15 19:00:00,885.0,743.0,1016.0,1379.0,647.0,1.0,,4.6,53.0,81.0,32.6,24.6,1.1885
2004-08-15 20:00:00,883.0,731.0,988.0,1384.0,693.0,1.1,,4.4,56.0,87.0,30.6,28.4,1.2247
2004-08-15 21:00:00,906.0,790.0,936.0,1430.0,729.0,1.1,,5.5,51.0,85.0,29.4,30.5,1.2288
2004-08-15 22:00:00,982.0,906.0,784.0,1561.0,1002.0,1.6,,8.2,79.0,91.0,28.4,34.4,1.314
2004-08-15 23:00:00,892.0,766.0,880.0,1399.0,797.0,0.9,,5.0,38.0,55.0,28.3,34.1,1.2951
2004-08-16 00:00:00,841.0,711.0,956.0,1367.0,685.0,0.7,,4.0,25.0,42.0,27.8,35.2,1.2968
2004-08-16 01:00:00,859.0,693.0,988.0,1377.0,710.0,0.7,,3.7,24.0,43.0,25.3,39.7,1.2656
2004-08-16 02:00:00,810.0,657.0,1016.0,1337.0,629.0,0.5,,3.1,11.0,20.0,24.5,41.5,1.2589
2004-08-16 03:00:00,759.0,566.0,1175.0,1267.0,503.0,0.4,,1.8,,,24.8,39.8,1.2231
2004-08-16 04:00:00,749.0,543.0,1238.0,1244.0,462.0,0.3,,1.5,16.0,23.0,23.3,41.9,1.1856
2004-08-16 05:00:00,766.0,616.0,1163.0,1306.0,530.0,0.4,,2.4,43.0,43.0,21.5,45.6,1.1558
2004-08-16 06:00:00,865.0,783.0,893.0,1446.0,838.0,0.9,,5.4,86.0,68.0,21.3,47.0,1.1793
2004-08-16 07:00:00,924.0,920.0,767.0,1534.0,946.0,1.3,,8.5,92.0,62.0,22.2,45.0,1.1867
2004-08-16 08:00:00,973.0,1010.0,722.0,1616.0,1014.0,1.6,,10.9,102.0,65.0,23.6,40.8,1.1746
2004-08-16 09:00:00,1028.0,1048.0,719.0,1624.0,1135.0,2.1,,12.0,171.0,93.0,27.1,32.4,1.1462
2004-08-16 10:00:00,979.0,999.0,796.0,1515.0,1027.0,2.0,,10.6,148.0,110.0,33.4,20.1,1.0142
2004-08-16 11:00:00,892.0,874.0,923.0,1369.0,749.0,1.4,,7.4,119.0,106.0,35.3,17.0,0.9546
2004-08-16 12:00:00,892.0,869.0,953.0,1363.0,632.0,1.4,,7.3,71.0,77.0,37.4,14.7,0.9295
2004-08-16 13:00:00,836.0,741.0,1065.0,1277.0,479.0,0.9,,4.6,53.0,60.0,38.6,14.6,0.9821
2004-08-16 14:00:00,824.0,708.0,1091.0,1256.0,463.0,0.8,,4.0,61.0,67.0,35.8,17.8,1.0274
2004-08-16 15:00:00,825.0,702.0,1077.0,1267.0,458.0,0.8,,3.8,53.0,57.0,38.4,16.4,1.0957
2004-08-16 16:00:00,871.0,761.0,1015.0,1346.0,520.0,1.0,,5.0,61.0,60.0,39.7,15.3,1.0963
2004-08-16 17:00:00,903.0,853.0,930.0,1420.0,606.0,1.3,,6.9,72.0,69.0,38.8,15.8,1.0706
2004-08-16 18:00:00,944.0,857.0,880.0,1463.0,631.0,1.3,,7.0,67.0,77.0,35.2,22.3,1.2467
2004-08-16 19:00:00,969.0,850.0,857.0,1503.0,695.0,1.3,,6.8,70.0,77.0,31.7,28.2,1.2962
2004-08-16 20:00:00,1005.0,919.0,788.0,1543.0,871.0,1.6,,8.5,81.0,87.0,30.4,30.9,1.3219
2004-08-16 21:00:00,972.0,898.0,807.0,1508.0,879.0,1.4,,8.0,79.0,88.0,29.5,32.1,1.3005
2004-08-16 22:00:00,960.0,798.0,854.0,1459.0,780.0,1.3,,5.7,73.0,84.0,28.0,34.9,1.2989
2004-08-16 23:00:00,946.0,767.0,870.0,1443.0,728.0,1.0,,5.1,57.0,65.0,28.2,36.6,1.3722
2004-08-17 00:00:00,959.0,787.0,830.0,1460.0,821.0,0.9,,5.5,45.0,54.0,26.5,40.7,1.3873
2004-08-17 01:00:00,877.0,658.0,964.0,1349.0,663.0,0.6,,3.1,25.0,37.0,28.3,36.7,1.3878
2004-08-17 02:00:00,867.0,645.0,1001.0,1385.0,656.0,0.5,,2.9,23.0,36.0,25.7,43.8,1.4233
2004-08-17 03:00:00,836.0,626.0,1024.0,1397.0,639.0,0.5,,2.6,,,24.3,49.0,1.4666
2004-08-17 04:00:00,820.0,597.0,1069.0,1346.0,603.0,0.4,,2.2,18.0,29.0,24.3,48.3,1.4449
2004-08-17 05:00:00,828.0,618.0,1039.0,1354.0,560.0,0.4,,2.5,23.0,25.0,23.6,49.2,1.4153
2004-08-17 06:00:00,929.0,791.0,841.0,1493.0,789.0,1.0,,5.6,59.0,41.0,22.2,53.9,1.4201
2004-08-17 07:00:00,1118.0,1079.0,638.0,1761.0,1145.0,2.2,,12.9,135.0,68.0,22.5,52.3,1.41
2004-08-17 08:00:00,1155.0,1181.0,580.0,1850.0,1302.0,2.5,,16.0,167.0,82.0,24.3,47.8,1.4321
2004-08-17 09:00:00,1112.0,1058.0,654.0,1695.0,1297.0,2.3,,12.2,190.0,137.0,27.3,40.7,1.4548
2004-08-17 10:00:00,1094.0,979.0,717.0,1633.0,1192.0,2.0,,10.0,142.0,119.0,33.3,28.2,1.4189
2004-08-17 11:00:00,1022.0,890.0,803.0,1499.0,862.0,,,7.8,,,35.3,23.1,1.2989
2004-08-17 12:00:00,968.0,805.0,875.0,1391.0,649.0,,,5.9,,,36.1,21.3,1.2502
2004-08-17 13:00:00,978.0,840.0,852.0,1422.0,694.0,,,6.6,,,38.5,18.0,1.2055
2004-08-17 14:00:00,947.0,751.0,922.0,1358.0,595.0,,,4.8,,,36.5,20.8,1.2446
2004-08-17 15:00:00,997.0,808.0,870.0,1447.0,662.0,,,5.9,,,38.8,19.1,1.3035
2004-08-17 16:00:00,1026.0,813.0,843.0,1463.0,692.0,,,6.0,,,38.8,19.8,1.3513
2004-08-17 17:00:00,973.0,764.0,914.0,1373.0,619.0,,,5.0,,,38.1,19.7,1.2928
2004-08-17 18:00:00,925.0,721.0,969.0,1317.0,484.0,,,4.2,,,36.1,20.7,1.2151
2004-08-17 19:00:00,957.0,766.0,929.0,1380.0,516.0,,,5.0,,,32.8,24.3,1.1894
2004-08-17 20:00:00,1029.0,877.0,807.0,1489.0,776.0,,,7.5,,,30.4,29.8,1.2712
2004-08-17 21:00:00,1109.0,952.0,735.0,1601.0,1041.0,,,9.3,,,29.1,33.6,1.3314
2004-08-17 22:00:00,1105.0,977.0,692.0,1618.0,1138.0,,,10.0,,,28.6,35.7,1.3726
2004-08-17 23:00:00,1039.0,906.0,728.0,1545.0,1091.0,,,8.2,,,28.0,36.1,1.3425
2004-08-18 00:00:00,965.0,832.0,795.0,1455.0,978.0,,,6.4,,,25.8,39.5,1.2949
2004-08-18 01:00:00,955.0,812.0,823.0,1464.0,936.0,,,6.0,,,25.1,40.1,1.2544
2004-08-18 02:00:00,935.0,782.0,847.0,1428.0,867.0,,,5.4,,,24.4,42.5,1.2854
2004-08-18 03:00:00,902.0,735.0,890.0,1410.0,781.0,,,4.4,,,23.0,46.2,1.2783
2004-08-18 04:00:00,875.0,714.0,903.0,1379.0,746.0,,,4.1,,,22.5,46.7,1.261
2004-08-18 05:00:00,884.0,729.0,920.0,1389.0,837.0,,,4.3,,,22.9,45.7,1.2621
2004-08-18 06:00:00,942.0,825.0,870.0,1450.0,995.0,,,6.3,,,23.8,41.8,1.2149
2004-08-18 07:00:00,1077.0,1012.0,708.0,1633.0,1138.0,,,10.9,,,24.4,42.6,1.2866
2004-08-18 08:00:00,1040.0,1022.0,713.0,1624.0,998.0,,,11.2,,,27.3,36.8,1.3189
2004-08-18 09:00:00,982.0,836.0,840.0,1498.0,696.0,,,6.5,,,29.6,35.4,1.4426
2004-08-18 10:00:00,995.0,800.0,896.0,1501.0,615.0,,,5.7,,,34.6,28.3,1.5338
2004-08-18 11:00:00,1024.0,859.0,810.0,1576.0,710.0,,,7.0,,,33.1,32.6,1.6188
2004-08-18 12:00:00,1029.0,791.0,855.0,1567.0,651.0,,,5.6,,,33.3,33.1,1.6642
2004-08-18 13:00:00,1003.0,787.0,850.0,1518.0,636.0,,,5.5,,,34.6,30.1,1.6296
2004-08-18 14:00:00,987.0,782.0,875.0,1514.0,593.0,,,5.4,,,34.9,29.5,1.6275
2004-08-18 15:00:00,1023.0,859.0,810.0,1590.0,684.0,,,7.0,,,35.6,28.5,1.6293
2004-08-18 16:00:00,1023.0,875.0,785.0,1590.0,711.0,1.4,,7.4,83.0,71.0,36.4,27.1,1.6226
2004-08-18 17:00:00,1064.0,942.0,735.0,1650.0,801.0,1.7,,9.1,94.0,78.0,36.8,26.2,1.5984
2004-08-18 18:00:00,1042.0,936.0,759.0,1630.0,770.0,1.5,,8.9,84.0,72.0,36.4,26.8,1.6038
2004-08-18 19:00:00,1059.0,947.0,733.0,1671.0,813.0,1.7,,9.2,90.0,74.0,33.3,32.8,1.6527
2004-08-18 20:00:00,1050.0,921.0,743.0,1683.0,851.0,1.6,,8.5,91.0,70.0,31.3,39.5,1.7798
2004-08-18 21:00:00,1025.0,896.0,738.0,1693.0,823.0,1.4,,7.9,70.0,55.0,29.9,44.7,1.8511
2004-08-18 22:00:00,1029.0,816.0,804.0,1624.0,778.0,1.4,,6.1,75.0,54.0,29.1,48.4,1.9186
2004-08-18 23:00:00,1055.0,831.0,769.0,1686.0,827.0,1.4,,6.4,72.0,53.0,28.0,52.9,1.964
2004-08-19 00:00:00,1001.0,799.0,800.0,1642.0,753.0,1.2,,5.7,59.0,46.0,27.7,53.0,1.9423
2004-08-19 01:00:00,936.0,730.0,864.0,1551.0,726.0,0.9,,4.4,48.0,38.0,27.7,52.6,1.9202
2004-08-19 02:00:00,863.0,608.0,1035.0,1465.0,597.0,0.6,,2.3,41.0,30.0,28.3,49.5,1.8782
2004-08-19 03:00:00,834.0,565.0,1187.0,1444.0,473.0,0.4,,1.8,,,28.8,49.0,1.9112
2004-08-19 04:00:00,841.0,578.0,1144.0,1464.0,463.0,0.5,,1.9,11.0,16.0,27.7,52.5,1.923
2004-08-19 05:00:00,871.0,611.0,1077.0,1494.0,526.0,0.5,,2.4,11.0,12.0,27.5,53.0,1.9097
2004-08-19 06:00:00,962.0,747.0,862.0,1605.0,712.0,0.8,,4.7,37.0,38.0,27.1,54.4,1.9168
2004-08-19 07:00:00,1083.0,889.0,725.0,1734.0,918.0,1.4,,7.8,72.0,56.0,27.6,52.1,1.8936
2004-08-19 08:00:00,1061.0,891.0,721.0,1697.0,894.0,1.2,,7.8,53.0,57.0,29.0,48.5,1.9133
2004-08-19 09:00:00,1012.0,824.0,803.0,1612.0,710.0,1.0,,6.3,31.0,39.0,31.0,42.9,1.8909
2004-08-19 10:00:00,1031.0,834.0,793.0,1640.0,737.0,1.2,,6.5,47.0,47.0,32.5,39.4,1.8982
2004-08-19 11:00:00,1011.0,816.0,830.0,1614.0,680.0,1.1,,6.1,33.0,35.0,36.9,30.9,1.8934
2004-08-19 12:00:00,1009.0,824.0,822.0,1606.0,670.0,1.2,,6.3,35.0,44.0,36.2,30.6,1.8105
2004-08-19 13:00:00,980.0,793.0,858.0,1549.0,654.0,1.1,,5.6,32.0,43.0,37.7,27.7,1.778
2004-08-19 14:00:00,961.0,803.0,852.0,1552.0,618.0,1.0,,5.8,23.0,34.0,37.1,27.2,1.6874
2004-08-19 15:00:00,966.0,784.0,870.0,1530.0,652.0,1.0,,5.4,27.0,36.0,39.5,24.3,1.7216
2004-08-19 16:00:00,1022.0,849.0,813.0,1583.0,732.0,1.2,,6.8,32.0,44.0,39.9,23.8,1.7127
2004-08-19 17:00:00,1091.0,953.0,723.0,1688.0,853.0,1.7,,9.3,51.0,63.0,39.6,24.3,1.7255
2004-08-19 18:00:00,1063.0,919.0,735.0,1676.0,821.0,1.7,,8.5,46.0,60.0,37.2,29.1,1.8185
2004-08-19 19:00:00,1116.0,952.0,702.0,1759.0,895.0,1.7,,9.3,62.0,66.0,33.9,37.1,1.9264
2004-08-19 20:00:00,1101.0,875.0,722.0,1748.0,927.0,1.7,,7.4,65.0,68.0,31.6,43.6,1.9944
2004-08-19 21:00:00,1072.0,831.0,757.0,1677.0,857.0,,,6.4,,,30.3,47.3,2.0034
2004-08-19 22:00:00,1080.0,890.0,723.0,1702.0,869.0,,,7.8,,,29.8,49.1,2.0248
2004-08-19 23:00:00,1005.0,792.0,809.0,1638.0,725.0,,,5.6,,,29.0,51.7,2.0375
2004-08-20 00:00:00,998.0,776.0,810.0,1608.0,665.0,,,5.3,,,28.5,52.1,2.0036
2004-08-20 01:00:00,1000.0,763.0,807.0,1619.0,680.0,,,5.0,,,27.7,53.7,1.9661
2004-08-20 02:00:00,932.0,720.0,859.0,1562.0,605.0,,,4.2,,,27.4,53.5,1.9267
2004-08-20 03:00:00,808.0,539.0,1206.0,1383.0,427.0,,,1.4,,,28.5,48.7,1.872
2004-08-20 04:00:00,795.0,494.0,1398.0,1353.0,400.0,,,1.0,,,28.9,48.4,1.8982
2004-08-20 05:00:00,886.0,613.0,1075.0,1484.0,522.0,,,2.4,,,27.1,54.8,1.9309
2004-08-20 06:00:00,974.0,740.0,873.0,1595.0,703.0,,,4.5,,,26.1,59.0,1.9669
2004-08-20 07:00:00,1112.0,936.0,683.0,1792.0,965.0,,,8.9,,,26.7,58.0,2.0023
2004-08-20 08:00:00,1175.0,1080.0,591.0,1931.0,1102.0,,,12.9,,,27.9,54.9,2.0353
2004-08-20 09:00:00,1091.0,925.0,701.0,1753.0,1058.0,,,8.6,,,29.7,50.5,2.0767
2004-08-20 10:00:00,1066.0,890.0,747.0,1690.0,906.0,,,7.8,,,32.2,41.4,1.9624
2004-08-20 11:00:00,1031.0,887.0,777.0,1665.0,844.0,,,7.7,,,35.6,32.2,1.8408
2004-08-20 12:00:00,1004.0,868.0,772.0,1632.0,763.0,,,7.3,,,35.7,31.4,1.8025
2004-08-20 13:00:00,927.0,698.0,919.0,1537.0,555.0,,,3.8,,,35.5,34.9,1.9841
2004-08-20 14:00:00,924.0,673.0,960.0,1522.0,520.0,,,3.3,,,35.0,35.5,1.962
2004-08-20 15:00:00,912.0,671.0,964.0,1508.0,508.0,,,3.3,,,35.1,34.6,1.9255
2004-08-20 16:00:00,976.0,752.0,876.0,1561.0,545.0,,,4.8,,,36.8,30.5,1.8572
2004-08-20 17:00:00,989.0,798.0,840.0,1607.0,584.0,,,5.7,,,34.5,34.7,1.8667
2004-08-20 18:00:00,986.0,794.0,845.0,1619.0,590.0,,,5.6,,,33.0,38.1,1.8813
2004-08-20 19:00:00,984.0,800.0,836.0,1607.0,610.0,,,5.7,,,30.8,43.1,1.8761
2004-08-20 20:00:00,1000.0,857.0,767.0,1634.0,689.0,,,7.0,,,29.1,46.9,1.8652
2004-08-20 21:00:00,996.0,848.0,763.0,1657.0,713.0,,,6.8,,,28.2,49.8,1.8795
2004-08-20 22:00:00,1013.0,913.0,717.0,1685.0,785.0,,,8.3,,,27.5,50.4,1.823
2004-08-20 23:00:00,1004.0,851.0,767.0,1632.0,754.0,,,6.9,,,27.3,49.1,1.7503
2004-08-21 00:00:00,949.0,814.0,824.0,1563.0,653.0,,,6.0,,,26.7,46.7,1.6121
2004-08-21 01:00:00,895.0,783.0,863.0,1502.0,575.0,,,5.4,,,26.0,45.0,1.4913
2004-08-21 02:00:00,863.0,707.0,927.0,1407.0,537.0,,,3.9,,,25.0,47.3,1.4771
2004-08-21 03:00:00,786.0,587.0,1150.0,1300.0,413.0,,,2.0,,,25.3,44.3,1.4032
2004-08-21 04:00:00,792.0,597.0,1137.0,1320.0,417.0,,,2.2,,,24.3,46.3,1.3857
2004-08-21 05:00:00,816.0,653.0,1058.0,1332.0,486.0,,,3.0,,,24.8,43.4,1.3347
2004-08-21 06:00:00,826.0,682.0,1088.0,1342.0,532.0,,,3.5,,,24.5,40.6,1.2327
2004-08-21 07:00:00,826.0,698.0,1017.0,1331.0,542.0,,,3.8,,,25.7,36.9,1.1991
2004-08-21 08:00:00,809.0,664.0,1061.0,1323.0,459.0,,,3.2,,,26.8,35.0,1.2175
2004-08-21 09:00:00,809.0,624.0,1131.0,1309.0,415.0,,,2.6,,,28.0,34.9,1.3008
2004-08-21 10:00:00,853.0,681.0,1031.0,1368.0,457.0,,,3.5,,,29.0,34.1,1.3445
2004-08-21 11:00:00,814.0,657.0,1086.0,1332.0,429.0,,,3.1,,,30.4,30.8,1.3155
2004-08-21 12:00:00,807.0,658.0,1113.0,1328.0,428.0,,,3.1,,,32.4,26.3,1.2523
2004-08-21 13:00:00,811.0,653.0,1120.0,1336.0,423.0,,,3.0,,,31.0,28.9,1.277
2004-08-21 14:00:00,796.0,601.0,1171.0,1314.0,410.0,,,2.2,,,29.3,33.1,1.322
2004-08-21 15:00:00,833.0,649.0,1142.0,1354.0,437.0,,,3.0,,,26.9,35.2,1.2334
2004-08-21 16:00:00,856.0,684.0,1023.0,1368.0,520.0,,,3.5,,,28.1,34.2,1.2802
2004-08-21 17:00:00,830.0,696.0,1060.0,1328.0,461.0,,,3.7,,,28.5,29.4,1.1298
2004-08-21 18:00:00,883.0,782.0,958.0,1395.0,571.0,,,5.4,,,27.3,31.0,1.111
2004-08-21 19:00:00,965.0,936.0,808.0,1535.0,866.0,,,8.9,,,25.4,36.2,1.1562
2004-08-21 20:00:00,931.0,890.0,831.0,1474.0,841.0,,,7.8,,,24.6,38.0,1.158
2004-08-21 21:00:00,885.0,791.0,941.0,1425.0,706.0,,,5.6,,,24.3,41.6,1.2467
2004-08-21 22:00:00,900.0,773.0,944.0,1426.0,703.0,,,5.2,,,24.9,40.8,1.2696
2004-08-21 23:00:00,904.0,845.0,878.0,1483.0,775.0,,,6.7,,,23.8,44.7,1.3019
2004-08-22 00:00:00,944.0,900.0,809.0,1549.0,830.0,,,8.0,,,22.8,49.8,1.367
2004-08-22 01:00:00,907.0,832.0,868.0,1492.0,808.0,,,6.4,,,22.8,49.4,1.3568
2004-08-22 02:00:00,886.0,774.0,868.0,1486.0,815.0,,,5.2,,,20.9,57.4,1.4037
2004-08-22 03:00:00,882.0,767.0,856.0,1492.0,897.0,,,5.1,,,20.5,60.6,1.447
2004-08-22 04:00:00,843.0,713.0,917.0,1426.0,836.0,,,4.0,,,19.6,63.7,1.4396
2004-08-22 05:00:00,825.0,694.0,935.0,1415.0,774.0,,,3.7,,,19.4,64.5,1.4394
2004-08-22 06:00:00,791.0,638.0,1038.0,1389.0,698.0,,,2.8,,,18.6,67.4,1.4302
2004-08-22 07:00:00,856.0,735.0,936.0,1455.0,800.0,,,4.5,,,19.6,63.7,1.4419
2004-08-22 08:00:00,861.0,746.0,911.0,1448.0,771.0,,,4.7,,,21.7,56.4,1.4496
2004-08-22 09:00:00,924.0,814.0,830.0,1519.0,798.0,,,6.0,,,25.2,47.4,1.4978
2004-08-22 10:00:00,941.0,805.0,842.0,1512.0,755.0,,,5.8,,,30.4,34.1,1.4577
2004-08-22 11:00:00,879.0,775.0,899.0,1407.0,657.0,,,5.2,,,33.4,25.1,1.2665
2004-08-22 12:00:00,816.0,742.0,1009.0,1305.0,537.0,,,4.6,,,35.5,18.2,1.0376
2004-08-22 13:00:00,715.0,589.0,1286.0,1127.0,390.0,,,2.1,,,35.1,15.7,0.8757
2004-08-22 14:00:00,717.0,570.0,1326.0,1110.0,368.0,,,1.8,,,33.3,17.1,0.8592
2004-08-22 15:00:00,711.0,640.0,1224.0,1084.0,391.0,,,2.8,,,36.6,11.8,0.7107
2004-08-22 16:00:00,731.0,686.0,1212.0,1104.0,413.0,,,3.6,,,38.3,10.0,0.6591
2004-08-22 17:00:00,752.0,713.0,1163.0,1144.0,435.0,,,4.0,,,37.3,10.9,0.6846
2004-08-22 18:00:00,879.0,779.0,999.0,1347.0,535.0,,,5.3,,,34.6,20.0,1.0817
2004-08-22 19:00:00,922.0,874.0,851.0,1447.0,663.0,,,7.4,,,30.4,28.2,1.204
2004-08-22 20:00:00,958.0,900.0,782.0,1493.0,830.0,,,8.0,,,28.1,34.3,1.2821
2004-08-22 21:00:00,949.0,876.0,773.0,1500.0,911.0,,,7.4,,,26.5,36.6,1.2484
2004-08-22 22:00:00,922.0,818.0,826.0,1454.0,848.0,,,6.1,,,25.7,38.5,1.2548
2004-08-22 23:00:00,902.0,790.0,856.0,1428.0,799.0,,,5.5,,,24.7,41.6,1.2751
2004-08-23 00:00:00,932.0,820.0,817.0,1462.0,921.0,,,6.2,,,23.6,45.4,1.3067
2004-08-23 01:00:00,870.0,733.0,903.0,1392.0,762.0,,,4.4,,,23.4,46.3,1.3134
2004-08-23 02:00:00,812.0,675.0,995.0,1348.0,661.0,,,3.4,,,21.6,51.6,1.3171
2004-08-23 03:00:00,773.0,613.0,1065.0,1321.0,597.0,,,2.4,,,21.2,53.3,1.328
2004-08-23 04:00:00,769.0,582.0,1105.0,1306.0,616.0,,,2.0,,,20.6,55.1,1.3237
2004-08-23 05:00:00,763.0,583.0,1093.0,1288.0,596.0,,,2.0,,,22.1,49.6,1.3022
2004-08-23 06:00:00,809.0,701.0,997.0,1384.0,649.0,,,3.8,,,21.1,51.6,1.2784
2004-08-23 07:00:00,893.0,881.0,810.0,1486.0,792.0,,,7.6,,,21.8,48.6,1.2556
2004-08-23 08:00:00,1028.0,1146.0,638.0,1766.0,1080.0,,,14.9,,,21.7,49.1,1.2602
2004-08-23 09:00:00,1011.0,1051.0,702.0,1659.0,1087.0,2.0,,12.0,111.0,,25.3,41.7,1.3243
2004-08-23 10:00:00,994.0,947.0,764.0,1572.0,983.0,,,9.2,,,30.3,30.9,1.3096
2004-08-23 11:00:00,937.0,908.0,822.0,1466.0,826.0,1.6,,8.2,86.0,83.0,32.9,24.9,1.2269
2004-08-23 12:00:00,902.0,808.0,912.0,1408.0,632.0,1.3,,5.9,57.0,64.0,34.4,23.5,1.2541
2004-08-23 13:00:00,860.0,748.0,955.0,1344.0,532.0,1.0,,4.7,39.0,50.0,34.3,22.5,1.1974
2004-08-23 14:00:00,843.0,716.0,1005.0,1305.0,496.0,0.9,,4.1,41.0,53.0,33.4,21.6,1.0927
2004-08-23 15:00:00,872.0,760.0,979.0,1314.0,513.0,1.0,,4.9,47.0,57.0,36.1,18.4,1.0827
2004-08-23 16:00:00,857.0,775.0,979.0,1258.0,512.0,1.1,,5.2,45.0,55.0,37.3,15.4,0.9692
2004-08-23 17:00:00,922.0,878.0,880.0,1363.0,615.0,1.5,,7.5,60.0,70.0,36.8,16.2,0.9922
2004-08-23 18:00:00,951.0,875.0,856.0,1406.0,600.0,1.5,,7.4,51.0,68.0,34.9,20.9,1.1463
2004-08-23 19:00:00,962.0,891.0,813.0,1442.0,634.0,1.6,,7.8,53.0,73.0,30.8,26.5,1.1603
2004-08-23 20:00:00,957.0,926.0,758.0,1480.0,830.0,1.7,,8.6,72.0,92.0,28.9,28.3,1.1078
2004-08-23 21:00:00,928.0,837.0,808.0,1410.0,871.0,1.4,,6.5,62.0,80.0,27.0,30.7,1.079
2004-08-23 22:00:00,895.0,846.0,819.0,1371.0,787.0,1.2,,6.8,41.0,60.0,26.6,30.6,1.0459
2004-08-23 23:00:00,902.0,797.0,845.0,1355.0,841.0,1.1,,5.7,32.0,49.0,26.0,33.1,1.0955
2004-08-24 00:00:00,904.0,801.0,852.0,1400.0,862.0,1.1,,5.8,44.0,53.0,24.1,37.9,1.1204
2004-08-24 01:00:00,919.0,799.0,844.0,1409.0,881.0,1.2,,5.7,29.0,50.0,22.2,43.1,1.1396
2004-08-24 02:00:00,812.0,663.0,982.0,1265.0,709.0,0.7,,3.2,18.0,34.0,22.8,41.3,1.1284
2004-08-24 03:00:00,776.0,590.0,1099.0,1245.0,602.0,0.5,,2.1,,,21.2,43.8,1.088
2004-08-24 04:00:00,762.0,563.0,1181.0,1208.0,492.0,0.4,,1.7,12.0,21.0,21.7,42.6,1.0907
2004-08-24 05:00:00,786.0,642.0,1057.0,1270.0,592.0,0.7,,2.8,39.0,48.0,20.2,47.1,1.1021
2004-08-24 06:00:00,868.0,798.0,866.0,1392.0,824.0,1.1,,5.7,83.0,71.0,20.1,47.8,1.1093
2004-08-24 07:00:00,965.0,977.0,725.0,1515.0,1014.0,1.6,,10.0,149.0,94.0,20.6,45.5,1.0925
2004-08-24 08:00:00,1049.0,1133.0,630.0,1662.0,1208.0,2.3,,14.5,216.0,118.0,22.4,41.1,1.0979
2004-08-24 09:00:00,1008.0,973.0,714.0,1509.0,1178.0,1.6,,9.9,153.0,105.0,25.0,36.6,1.143
2004-08-24 10:00:00,1008.0,1021.0,714.0,1549.0,1176.0,2.0,,11.2,177.0,122.0,29.9,26.2,1.0891
2004-08-24 11:00:00,973.0,911.0,800.0,1441.0,891.0,1.6,,8.3,126.0,121.0,32.9,21.8,1.0714
2004-08-24 12:00:00,964.0,959.0,787.0,1438.0,731.0,1.6,,9.5,96.0,115.0,35.0,17.9,0.99
2004-08-24 13:00:00,923.0,862.0,875.0,1363.0,626.0,1.3,,7.1,92.0,107.0,34.6,18.2,0.9832
2004-08-24 14:00:00,934.0,811.0,896.0,1343.0,553.0,1.0,,6.0,75.0,86.0,33.8,22.8,1.1781
2004-08-24 15:00:00,1036.0,943.0,770.0,1509.0,770.0,1.6,,9.1,109.0,118.0,36.3,19.5,1.1539
2004-08-24 16:00:00,1076.0,994.0,723.0,1549.0,938.0,2.0,,10.4,133.0,129.0,38.3,17.9,1.181
2004-08-24 17:00:00,1055.0,927.0,757.0,1520.0,716.0,1.7,,8.7,87.0,90.0,36.9,20.9,1.2864
2004-08-24 18:00:00,1081.0,938.0,728.0,1568.0,714.0,1.7,,9.0,80.0,87.0,33.9,30.0,1.56
2004-08-24 19:00:00,1072.0,850.0,737.0,1604.0,702.0,1.4,,6.8,70.0,65.0,29.8,43.4,1.7988
2004-08-24 20:00:00,1038.0,773.0,749.0,1568.0,687.0,1.3,,5.2,67.0,61.0,27.5,50.4,1.8274
2004-08-24 21:00:00,1059.0,800.0,740.0,1604.0,739.0,1.3,,5.7,66.0,62.0,27.5,50.4,1.8284
2004-08-24 22:00:00,1070.0,852.0,704.0,1639.0,867.0,1.6,,6.9,97.0,85.0,28.1,48.0,1.7933
2004-08-24 23:00:00,1093.0,893.0,677.0,1678.0,927.0,1.8,,7.8,90.0,83.0,26.9,49.6,1.7299
2004-08-25 00:00:00,1016.0,849.0,729.0,1609.0,872.0,1.5,,6.8,99.0,84.0,26.0,48.0,1.5899
2004-08-25 01:00:00,988.0,825.0,756.0,1559.0,848.0,1.3,,6.3,71.0,71.0,24.9,50.6,1.5747
2004-08-25 02:00:00,930.0,749.0,823.0,1464.0,777.0,1.1,,4.7,59.0,62.0,23.7,53.2,1.5418
2004-08-25 03:00:00,815.0,584.0,1102.0,1363.0,513.0,0.5,,2.0,,,24.5,50.9,1.5416
2004-08-25 04:00:00,884.0,686.0,908.0,1439.0,651.0,0.6,,3.6,26.0,40.0,22.9,56.1,1.5492
2004-08-25 05:00:00,913.0,730.0,883.0,1493.0,774.0,0.7,,4.4,47.0,50.0,23.3,55.5,1.5636
2004-08-25 06:00:00,994.0,829.0,784.0,1581.0,982.0,1.1,,6.4,108.0,78.0,23.6,54.2,1.5583
2004-08-25 07:00:00,1173.0,1047.0,631.0,1815.0,1175.0,1.9,,11.9,160.0,89.0,24.9,52.9,1.643
2004-08-25 08:00:00,1314.0,1325.0,499.0,2143.0,1390.0,3.5,,21.0,204.0,106.0,26.4,50.8,1.7166
2004-08-25 09:00:00,1252.0,1168.0,557.0,1938.0,1352.0,2.9,,15.6,193.0,107.0,28.1,47.4,1.7753
2004-08-25 10:00:00,1151.0,1053.0,623.0,1835.0,1152.0,2.2,,12.1,146.0,93.0,30.2,43.2,1.823
2004-08-25 11:00:00,1122.0,951.0,687.0,1729.0,1022.0,2.0,,9.3,126.0,95.0,31.2,41.9,1.871
2004-08-25 12:00:00,1111.0,927.0,707.0,1715.0,922.0,1.7,,8.7,90.0,78.0,33.9,36.0,1.8692
2004-08-25 13:00:00,1058.0,894.0,736.0,1648.0,825.0,1.6,,7.9,84.0,76.0,33.9,34.1,1.7754
2004-08-25 14:00:00,972.0,820.0,811.0,1535.0,630.0,1.3,,6.2,60.0,66.0,34.4,30.6,1.6402
2004-08-25 15:00:00,985.0,826.0,808.0,1544.0,621.0,1.3,,6.3,66.0,71.0,35.3,28.5,1.6034
2004-08-25 16:00:00,1004.0,814.0,808.0,1520.0,602.0,1.3,,6.0,57.0,61.0,36.3,28.3,1.6851
2004-08-25 17:00:00,1030.0,897.0,733.0,1592.0,668.0,1.6,,7.9,71.0,73.0,35.3,29.4,1.6577
2004-08-25 18:00:00,965.0,802.0,821.0,1504.0,564.0,1.3,,5.8,51.0,54.0,32.5,34.1,1.6453
2004-08-25 19:00:00,987.0,824.0,793.0,1541.0,581.0,1.4,,6.3,49.0,53.0,29.1,42.1,1.6695
2004-08-25 20:00:00,923.0,811.0,804.0,1434.0,604.0,1.4,,6.0,59.0,69.0,27.8,35.6,1.3116
2004-08-25 21:00:00,872.0,824.0,853.0,1346.0,590.0,1.3,,6.3,66.0,77.0,27.0,30.0,1.0542
2004-08-25 22:00:00,939.0,849.0,804.0,1479.0,650.0,1.4,,6.8,72.0,83.0,26.3,37.3,1.2555
2004-08-25 23:00:00,954.0,855.0,792.0,1474.0,745.0,1.5,,7.0,89.0,94.0,25.2,40.8,1.2877
2004-08-26 00:00:00,969.0,857.0,753.0,1485.0,821.0,1.5,,7.0,75.0,84.0,24.3,43.3,1.2973
2004-08-26 01:00:00,882.0,763.0,879.0,1388.0,656.0,0.9,,5.0,38.0,55.0,23.3,45.3,1.2794
2004-08-26 02:00:00,805.0,637.0,1048.0,1276.0,520.0,0.6,,2.8,24.0,35.0,24.1,44.0,1.3034
2004-08-26 03:00:00,790.0,590.0,1122.0,1257.0,493.0,0.5,,2.1,,,23.8,44.8,1.3061
2004-08-26 04:00:00,779.0,560.0,1189.0,1231.0,487.0,,,1.7,19.0,31.0,23.0,47.7,1.3232
2004-08-26 05:00:00,842.0,640.0,1070.0,1293.0,595.0,0.5,,2.8,40.0,45.0,23.7,46.7,1.3501
2004-08-26 06:00:00,,,,,,1.0,,,63.0,59.0,,,
2004-08-26 07:00:00,,,,,,1.9,,,121.0,83.0,,,
2004-08-26 08:00:00,,,,,,2.6,,,143.0,90.0,,,
2004-08-26 09:00:00,,,,,,1.7,,,104.0,87.0,,,
2004-08-26 10:00:00,,,,,,1.7,,,111.0,83.0,,,
2004-08-26 11:00:00,,,,,,1.4,,,83.0,71.0,,,
2004-08-26 12:00:00,,,,,,1.6,,,90.0,77.0,,,
2004-08-26 13:00:00,,,,,,1.3,,,82.0,75.0,,,
2004-08-26 14:00:00,,,,,,0.9,,,48.0,52.0,,,
2004-08-26 15:00:00,,,,,,1.4,,,89.0,76.0,,,
2004-08-26 16:00:00,,,,,,1.0,,,58.0,60.0,,,
2004-08-26 17:00:00,,,,,,2.2,,,129.0,99.0,,,
2004-08-26 18:00:00,,,,,,1.9,,,103.0,88.0,,,
2004-08-26 19:00:00,,,,,,2.1,,,115.0,91.0,,,
2004-08-26 20:00:00,,,,,,1.7,,,108.0,91.0,,,
2004-08-26 21:00:00,,,,,,1.0,,,60.0,68.0,,,
2004-08-26 22:00:00,,,,,,1.1,,,68.0,71.0,,,
2004-08-26 23:00:00,,,,,,0.7,,,36.0,49.0,,,
2004-08-27 00:00:00,,,,,,1.3,,,81.0,71.0,,,
2004-08-27 01:00:00,,,,,,1.3,,,91.0,76.0,,,
2004-08-27 02:00:00,,,,,,1.0,,,65.0,67.0,,,
2004-08-27 03:00:00,,,,,,0.7,,,,,,,
2004-08-27 04:00:00,,,,,,0.6,,,46.0,58.0,,,
2004-08-27 05:00:00,,,,,,0.7,,,71.0,53.0,,,
2004-08-27 06:00:00,,,,,,1.1,,,92.0,52.0,,,
2004-08-27 07:00:00,,,,,,2.4,,,201.0,68.0,,,
2004-08-27 08:00:00,,,,,,2.4,,,169.0,69.0,,,
2004-08-27 09:00:00,,,,,,2.3,,,158.0,83.0,,,
2004-08-27 10:00:00,,,,,,2.2,,,147.0,99.0,,,
2004-08-27 11:00:00,,,,,,1.8,,,119.0,101.0,,,
2004-08-27 12:00:00,,,,,,2.0,,,114.0,104.0,,,
2004-08-27 13:00:00,,,,,,1.5,,,92.0,89.0,,,
2004-08-27 14:00:00,,,,,,1.4,,,82.0,88.0,,,
2004-08-27 15:00:00,,,,,,1.5,,,85.0,89.0,,,
2004-08-27 16:00:00,,,,,,1.6,,,96.0,92.0,,,
2004-08-27 17:00:00,,,,,,1.9,,,104.0,109.0,,,
2004-08-27 18:00:00,,,,,,2.0,,,101.0,107.0,,,
2004-08-27 19:00:00,,,,,,2.3,,,128.0,116.0,,,
2004-08-27 20:00:00,,,,,,2.4,,,147.0,124.0,,,
2004-08-27 21:00:00,,,,,,1.8,,,115.0,112.0,,,
2004-08-27 22:00:00,,,,,,1.7,,,97.0,99.0,,,
2004-08-27 23:00:00,,,,,,1.2,,,74.0,85.0,,,
2004-08-28 00:00:00,,,,,,0.8,,,50.0,69.0,,,
2004-08-28 01:00:00,,,,,,0.7,,,41.0,58.0,,,
2004-08-28 02:00:00,,,,,,0.6,,,36.0,49.0,,,
2004-08-28 03:00:00,835.0,699.0,912.0,1361.0,796.0,0.6,,3.8,,,19.8,59.3,1.3505
2004-08-28 04:00:00,792.0,621.0,1015.0,1322.0,714.0,0.6,,2.5,40.0,56.0,20.0,59.3,1.3681
2004-08-28 05:00:00,749.0,559.0,1145.0,1255.0,584.0,0.4,,1.7,25.0,33.0,22.5,48.6,1.3077
2004-08-28 06:00:00,803.0,676.0,975.0,1303.0,676.0,0.5,,3.4,38.0,39.0,19.5,57.0,1.2739
2004-08-28 07:00:00,818.0,726.0,921.0,1330.0,685.0,0.7,,4.3,38.0,43.0,19.6,56.1,1.2651
2004-08-28 08:00:00,932.0,861.0,767.0,1483.0,894.0,1.2,,7.1,75.0,62.0,20.7,53.3,1.287
2004-08-28 09:00:00,977.0,913.0,744.0,1512.0,977.0,1.7,,8.3,104.0,81.0,24.7,41.8,1.2839
2004-08-28 10:00:00,1011.0,945.0,733.0,1570.0,1034.0,1.8,,9.1,134.0,102.0,29.9,30.5,1.2616
2004-08-28 11:00:00,975.0,887.0,829.0,1478.0,737.0,1.5,,7.7,85.0,86.0,32.3,27.2,1.2933
2004-08-28 12:00:00,958.0,867.0,828.0,1468.0,660.0,1.2,,7.2,30.0,37.0,34.3,24.5,1.3021
2004-08-28 13:00:00,903.0,805.0,886.0,1361.0,581.0,1.1,,5.8,49.0,64.0,33.4,22.5,1.1398
2004-08-28 14:00:00,854.0,684.0,1020.0,1294.0,456.0,,,3.5,,,32.7,22.8,1.1069
2004-08-28 15:00:00,890.0,749.0,953.0,1332.0,483.0,,,4.7,,,34.5,20.5,1.1028
2004-08-28 16:00:00,962.0,845.0,877.0,1379.0,575.0,,,6.7,,,35.9,20.3,1.18
2004-08-28 17:00:00,1028.0,934.0,786.0,1481.0,707.0,,,8.9,,,35.8,23.0,1.3323
2004-08-28 18:00:00,1031.0,901.0,775.0,1502.0,628.0,,,8.0,,,33.5,29.0,1.4797
2004-08-28 19:00:00,1087.0,938.0,690.0,1613.0,747.0,,,9.0,,,29.8,39.6,1.6324
2004-08-28 20:00:00,1029.0,862.0,727.0,1539.0,733.0,,,7.1,,,27.9,43.1,1.6004
2004-08-28 21:00:00,1070.0,932.0,685.0,1648.0,847.0,,,8.8,,,27.3,44.5,1.5885
2004-08-28 22:00:00,1059.0,914.0,697.0,1617.0,895.0,,,8.4,,,26.0,47.6,1.5806
2004-08-28 23:00:00,1125.0,952.0,646.0,1690.0,995.0,,,9.3,,,25.3,52.9,1.6765
2004-08-29 00:00:00,1062.0,829.0,714.0,1592.0,846.0,,,6.4,,,24.5,56.3,1.7026
2004-08-29 01:00:00,1049.0,853.0,699.0,1605.0,882.0,,,6.9,,,23.5,59.8,1.7141
2004-08-29 02:00:00,999.0,871.0,711.0,1580.0,909.0,,,7.3,,,22.6,62.6,1.6945
2004-08-29 03:00:00,947.0,808.0,768.0,1537.0,851.0,,,5.9,,,21.8,64.6,1.6721
2004-08-29 04:00:00,904.0,753.0,809.0,1529.0,766.0,,,4.8,,,21.0,66.9,1.6454
2004-08-29 05:00:00,894.0,681.0,843.0,1476.0,765.0,,,3.5,,,21.2,66.4,1.6468
2004-08-29 06:00:00,875.0,654.0,897.0,1463.0,752.0,,,3.0,,,21.0,66.5,1.6344
2004-08-29 07:00:00,870.0,637.0,947.0,1445.0,716.0,,,2.8,,,21.3,64.1,1.6043
2004-08-29 08:00:00,952.0,756.0,809.0,1518.0,825.0,,,4.8,,,22.7,58.1,1.5856
2004-08-29 09:00:00,949.0,705.0,859.0,1460.0,691.0,,,3.9,,,25.1,51.8,1.6304
2004-08-29 10:00:00,1028.0,854.0,776.0,1561.0,761.0,,,6.9,,,29.5,39.0,1.5868
2004-08-29 11:00:00,1003.0,849.0,800.0,1511.0,710.0,,,6.8,,,32.3,31.8,1.5128
2004-08-29 12:00:00,934.0,763.0,872.0,1435.0,567.0,,,5.0,,,33.6,28.9,1.4792
2004-08-29 13:00:00,872.0,710.0,956.0,1377.0,493.0,,,4.0,,,31.9,28.2,1.3116
2004-08-29 14:00:00,852.0,684.0,982.0,1343.0,477.0,,,3.5,,,32.5,25.9,1.2437
2004-08-29 15:00:00,881.0,715.0,955.0,1352.0,502.0,,,4.1,,,34.1,23.4,1.2307
2004-08-29 16:00:00,942.0,783.0,898.0,1397.0,568.0,,,5.4,,,36.2,21.4,1.2664
2004-08-29 17:00:00,1038.0,925.0,746.0,1534.0,714.0,,,8.6,,,35.6,22.6,1.2984
2004-08-29 18:00:00,1042.0,932.0,752.0,1530.0,717.0,,,8.8,,,33.6,25.7,1.3101
2004-08-29 19:00:00,1181.0,1107.0,590.0,1807.0,935.0,,,13.7,,,29.9,35.2,1.4603
2004-08-29 20:00:00,1116.0,1044.0,613.0,1694.0,954.0,,,11.8,,,28.3,39.2,1.4826
2004-08-29 21:00:00,1062.0,923.0,697.0,1602.0,839.0,,,8.6,,,27.0,43.0,1.5118
2004-08-29 22:00:00,1085.0,948.0,680.0,1635.0,880.0,,,9.2,,,26.2,46.8,1.5669
2004-08-29 23:00:00,1161.0,1057.0,613.0,1764.0,1026.0,,,12.2,,,25.1,51.5,1.621
2004-08-30 00:00:00,1053.0,891.0,690.0,1589.0,898.0,,,7.8,,,24.1,55.3,1.6363
2004-08-30 01:00:00,956.0,740.0,831.0,1474.0,717.0,,,4.5,,,23.8,57.8,1.677
2004-08-30 02:00:00,859.0,646.0,951.0,1376.0,607.0,,,2.9,,,23.7,56.2,1.6255
2004-08-30 03:00:00,813.0,566.0,1123.0,1328.0,501.0,,,1.8,,,24.8,52.2,1.6086
2004-08-30 04:00:00,815.0,565.0,1127.0,1350.0,541.0,,,1.7,,,22.9,59.4,1.6353
2004-08-30 05:00:00,902.0,706.0,877.0,1463.0,708.0,,,3.9,,,22.0,62.3,1.6266
2004-08-30 06:00:00,1017.0,885.0,726.0,1609.0,884.0,,,7.6,,,21.5,64.0,1.6256
2004-08-30 07:00:00,1336.0,1385.0,477.0,2133.0,1357.0,,,23.3,,,22.6,60.3,1.6287
2004-08-30 08:00:00,1393.0,1567.0,416.0,2381.0,1562.0,,,30.7,,,23.8,56.5,1.64
2004-08-30 09:00:00,1271.0,1308.0,517.0,2007.0,1411.0,,,20.4,,,25.7,50.6,1.6475
2004-08-30 10:00:00,1169.0,1107.0,607.0,1818.0,1175.0,,,13.7,,,27.8,45.4,1.6751
2004-08-30 11:00:00,1143.0,1043.0,643.0,1747.0,1079.0,,,11.8,,,29.9,39.6,1.6397
2004-08-30 12:00:00,1084.0,980.0,679.0,1653.0,923.0,,,10.1,,,31.6,34.7,1.589
2004-08-30 13:00:00,1051.0,950.0,715.0,1644.0,748.0,,,9.3,,,31.5,34.4,1.5665
2004-08-30 14:00:00,1020.0,882.0,765.0,1553.0,635.0,,,7.6,,,31.2,35.0,1.5669
2004-08-30 15:00:00,1111.0,1088.0,635.0,1719.0,884.0,,,13.1,,,33.0,31.4,1.5583
2004-08-30 16:00:00,1125.0,1056.0,645.0,1716.0,929.0,,,12.2,,,33.8,29.2,1.5143
2004-08-30 17:00:00,1099.0,1048.0,657.0,1711.0,779.0,,,11.9,,,33.0,29.5,1.4613
2004-08-30 18:00:00,1132.0,1121.0,611.0,1757.0,906.0,,,14.1,,,32.3,30.2,1.4347
2004-08-30 19:00:00,1077.0,1025.0,629.0,1677.0,772.0,,,11.3,,,28.4,38.4,1.4616
2004-08-30 20:00:00,1076.0,988.0,648.0,1649.0,883.0,,,10.3,,,26.9,43.2,1.5052
2004-08-30 21:00:00,1070.0,1008.0,656.0,1649.0,963.0,,,10.8,,,26.0,43.6,1.4407
2004-08-30 22:00:00,1052.0,956.0,675.0,1581.0,987.0,,,9.4,,,25.0,47.6,1.4872
2004-08-30 23:00:00,988.0,862.0,736.0,1539.0,893.0,,,7.1,,,24.6,50.9,1.5508
2004-08-31 00:00:00,926.0,769.0,836.0,1467.0,801.0,,,5.1,,,24.0,55.6,1.6381
2004-08-31 01:00:00,925.0,749.0,826.0,1482.0,739.0,,,4.7,,,23.5,58.3,1.6672
2004-08-31 02:00:00,869.0,648.0,953.0,1401.0,644.0,,,2.9,,,22.7,60.8,1.6519
2004-08-31 03:00:00,832.0,593.0,1049.0,1347.0,558.0,,,2.1,,,24.1,55.5,1.6481
2004-08-31 04:00:00,854.0,645.0,954.0,1399.0,602.0,,,2.9,,,22.5,60.9,1.6424
2004-08-31 05:00:00,913.0,726.0,861.0,1487.0,737.0,,,4.3,,,22.0,64.5,1.6847
2004-08-31 06:00:00,976.0,840.0,756.0,1555.0,885.0,,,6.6,,,22.3,62.9,1.6754
2004-08-31 07:00:00,1309.0,1323.0,505.0,2098.0,1360.0,,,21.0,,,23.1,60.0,1.6711
2004-08-31 08:00:00,1333.0,1460.0,443.0,2231.0,1455.0,,,26.2,,,24.7,55.1,1.6872
2004-08-31 09:00:00,1209.0,1182.0,546.0,1911.0,1255.0,,,16.1,,,27.7,46.1,1.6852
2004-08-31 10:00:00,1180.0,1157.0,568.0,1874.0,1202.0,,,15.3,,,29.8,38.8,1.6029
2004-08-31 11:00:00,1204.0,1196.0,552.0,1884.0,1250.0,,,16.5,,,31.5,32.6,1.478
2004-08-31 12:00:00,1143.0,1119.0,610.0,1770.0,1103.0,,,14.1,,,31.8,30.5,1.4083
2004-08-31 13:00:00,1120.0,1058.0,626.0,1716.0,1049.0,,,12.2,,,31.4,31.8,1.441
2004-08-31 14:00:00,1030.0,935.0,726.0,1583.0,791.0,2.9,,8.9,,,32.5,28.7,1.3796
2004-08-31 15:00:00,1058.0,1016.0,673.0,1625.0,832.0,1.9,,11.0,209.0,101.0,33.8,25.8,1.3338
2004-08-31 16:00:00,1040.0,882.0,756.0,1560.0,635.0,1.4,,7.6,132.0,71.0,34.5,28.6,1.5393
2004-08-31 17:00:00,1093.0,981.0,666.0,1676.0,733.0,2.0,,10.1,166.0,82.0,32.7,33.0,1.5987
2004-08-31 18:00:00,1184.0,1119.0,594.0,1806.0,912.0,2.7,,14.1,243.0,104.0,31.4,35.4,1.5972
2004-08-31 19:00:00,1180.0,1121.0,568.0,1816.0,947.0,2.8,,14.1,247.0,105.0,27.7,43.5,1.592
2004-08-31 20:00:00,1079.0,988.0,633.0,1694.0,899.0,2.0,,10.3,165.0,87.0,26.2,47.8,1.5979
2004-08-31 21:00:00,1095.0,1032.0,621.0,1730.0,984.0,2.1,,11.5,187.0,98.0,25.7,48.7,1.5825
2004-08-31 22:00:00,1073.0,1009.0,639.0,1655.0,955.0,2.0,,10.9,206.0,105.0,25.2,50.1,1.58
2004-08-31 23:00:00,1063.0,991.0,655.0,1672.0,966.0,1.8,,10.4,200.0,104.0,24.4,53.4,1.6031
2004-09-01 00:00:00,1046.0,960.0,671.0,1637.0,899.0,1.9,,9.5,189.0,96.0,23.7,55.4,1.6031
2004-09-01 01:00:00,953.0,858.0,742.0,1544.0,780.0,1.3,,7.0,136.0,79.0,22.8,58.5,1.5992
2004-09-01 02:00:00,864.0,673.0,947.0,1412.0,636.0,0.7,,3.3,83.0,61.0,22.8,58.5,1.5985
2004-09-01 03:00:00,829.0,628.0,994.0,1378.0,577.0,0.5,,2.6,,,22.3,59.7,1.5889
2004-09-01 04:00:00,838.0,639.0,963.0,1391.0,596.0,0.5,,2.8,72.0,48.0,20.8,64.9,1.571
2004-09-01 05:00:00,913.0,728.0,802.0,1418.0,887.0,0.6,,4.3,121.0,63.0,19.7,66.8,1.5184
2004-09-01 06:00:00,1039.0,921.0,687.0,1556.0,1115.0,1.3,,8.5,268.0,92.0,19.8,64.3,1.4678
2004-09-01 07:00:00,1252.0,1320.0,499.0,2001.0,1374.0,3.6,,20.9,451.0,99.0,20.6,62.3,1.4915
2004-09-01 08:00:00,1410.0,1669.0,393.0,2555.0,1644.0,4.9,,35.2,458.0,117.0,23.2,54.0,1.5143
2004-09-01 09:00:00,1217.0,1261.0,533.0,1941.0,1375.0,3.9,,18.7,487.0,142.0,26.3,43.1,1.4542
2004-09-01 10:00:00,1114.0,1077.0,633.0,1705.0,1199.0,2.2,,12.8,319.0,121.0,29.1,35.4,1.4008
2004-09-01 11:00:00,1026.0,1020.0,689.0,1603.0,992.0,1.9,,11.2,269.0,122.0,30.0,31.6,1.3176
2004-09-01 12:00:00,1051.0,1094.0,646.0,1675.0,966.0,2.2,,13.3,224.0,108.0,32.4,26.3,1.2594
2004-09-01 13:00:00,1027.0,1024.0,700.0,1588.0,814.0,2.0,,11.3,162.0,80.0,31.3,29.1,1.3054
2004-09-01 14:00:00,996.0,992.0,722.0,1580.0,727.0,1.7,,10.4,189.0,93.0,31.1,28.6,1.2718
2004-09-01 15:00:00,1028.0,1060.0,686.0,1601.0,806.0,2.0,,12.3,213.0,108.0,33.3,24.4,1.232
2004-09-01 16:00:00,1030.0,1060.0,705.0,1588.0,852.0,2.1,,12.3,245.0,118.0,35.5,21.2,1.2022
2004-09-01 17:00:00,1133.0,1280.0,595.0,1791.0,1093.0,3.2,,19.4,341.0,149.0,34.6,22.0,1.189
2004-09-01 18:00:00,1180.0,1339.0,567.0,1868.0,1211.0,4.0,,21.5,382.0,171.0,33.3,23.6,1.1842
2004-09-01 19:00:00,1261.0,1446.0,528.0,2061.0,1346.0,4.4,,25.7,358.0,154.0,30.0,28.5,1.1896
2004-09-01 20:00:00,1093.0,1133.0,599.0,1708.0,1200.0,3.0,,14.5,288.0,122.0,28.0,33.0,1.2264
2004-09-01 21:00:00,1068.0,1029.0,650.0,1612.0,1192.0,2.2,,11.4,252.0,126.0,27.2,37.4,1.3279
2004-09-01 22:00:00,1031.0,958.0,700.0,1560.0,1074.0,1.7,,9.5,201.0,121.0,26.6,39.9,1.3657
2004-09-01 23:00:00,1055.0,1037.0,635.0,1632.0,1161.0,1.9,,11.6,225.0,125.0,25.3,41.7,1.3247
2004-09-02 00:00:00,1060.0,1029.0,622.0,1663.0,1210.0,2.0,,11.4,242.0,126.0,24.3,44.7,1.3432
2004-09-02 01:00:00,962.0,880.0,726.0,1484.0,1050.0,1.5,,7.5,167.0,96.0,24.4,45.6,1.3779
2004-09-02 02:00:00,874.0,776.0,846.0,1416.0,873.0,0.8,,5.3,99.0,73.0,23.1,49.9,1.3891
2004-09-02 03:00:00,832.0,661.0,977.0,1312.0,766.0,0.6,,3.1,,,22.7,51.3,1.3977
2004-09-02 04:00:00,834.0,709.0,907.0,1348.0,835.0,0.6,,4.0,87.0,65.0,21.8,54.1,1.4004
2004-09-02 05:00:00,865.0,745.0,866.0,1394.0,901.0,0.7,,4.6,164.0,90.0,21.0,56.9,1.3999
2004-09-02 06:00:00,903.0,803.0,819.0,1471.0,853.0,0.8,,5.8,87.0,58.0,21.8,55.5,1.4323
2004-09-02 07:00:00,1236.0,1297.0,542.0,1997.0,1321.0,2.9,,20.0,93.0,27.0,21.6,57.2,1.4607
2004-09-02 08:00:00,1464.0,1552.0,419.0,2366.0,1738.0,5.2,,30.0,417.0,67.0,22.8,54.2,1.4886
2004-09-02 09:00:00,1258.0,1261.0,514.0,1940.0,1603.0,3.3,,18.7,406.0,96.0,26.2,45.0,1.5098
2004-09-02 10:00:00,1203.0,1174.0,577.0,1824.0,1426.0,,,15.8,,,30.8,34.8,1.5165
2004-09-02 11:00:00,1156.0,1127.0,616.0,1767.0,1295.0,,,14.3,,,34.1,28.8,1.5105
2004-09-02 12:00:00,1106.0,1130.0,623.0,1726.0,1093.0,,,14.4,,,35.9,24.7,1.437
2004-09-02 13:00:00,1008.0,1037.0,697.0,1587.0,803.0,,,11.6,,,33.7,25.1,1.2915
2004-09-02 14:00:00,1011.0,1017.0,704.0,1569.0,738.0,,,11.1,,,34.4,24.0,1.279
2004-09-02 15:00:00,1049.0,1100.0,667.0,1635.0,870.0,,,13.5,,,36.4,20.3,1.214
2004-09-02 16:00:00,1053.0,1108.0,694.0,1570.0,873.0,,,13.7,,,38.7,17.3,1.1729
2004-09-02 17:00:00,1088.0,1159.0,666.0,1626.0,889.0,,,15.3,,,37.2,18.9,1.1774
2004-09-02 18:00:00,1248.0,1454.0,550.0,1917.0,1599.0,,,26.0,,,36.1,20.0,1.1767
2004-09-02 19:00:00,1374.0,1517.0,490.0,2069.0,1704.0,,,28.6,,,32.8,29.4,1.4344
2004-09-02 20:00:00,1213.0,1210.0,572.0,1809.0,1424.0,,,17.0,,,30.0,35.9,1.4958
2004-09-02 21:00:00,1108.0,1051.0,640.0,1616.0,1199.0,,,12.0,,,28.7,38.2,1.4794
2004-09-02 22:00:00,1071.0,982.0,649.0,1557.0,1099.0,,,10.1,,,28.1,40.4,1.512
2004-09-02 23:00:00,1044.0,967.0,672.0,1540.0,1133.0,,,9.7,,,27.4,41.4,1.4877
2004-09-03 00:00:00,1045.0,964.0,666.0,1554.0,1140.0,,,9.6,,,26.4,44.0,1.4919
2004-09-03 01:00:00,1004.0,921.0,699.0,1495.0,1092.0,,,8.5,,,24.9,47.9,1.4855
2004-09-03 02:00:00,944.0,796.0,784.0,1407.0,1021.0,,,5.7,,,24.0,50.3,1.476
2004-09-03 03:00:00,868.0,657.0,921.0,1356.0,764.0,,,3.1,,,25.2,47.9,1.5129
2004-09-03 04:00:00,850.0,632.0,954.0,1316.0,803.0,,,2.7,,,24.2,50.6,1.5011
2004-09-03 05:00:00,873.0,668.0,911.0,1354.0,744.0,,,3.3,,,23.1,55.0,1.5357
2004-09-03 06:00:00,905.0,766.0,842.0,1438.0,818.0,,,5.1,,,22.9,56.2,1.5522
2004-09-03 07:00:00,1249.0,1239.0,540.0,1953.0,1285.0,,,18.0,,,22.0,59.3,1.5523
2004-09-03 08:00:00,1488.0,1653.0,388.0,2537.0,1782.0,,,34.5,,,23.7,54.0,1.5627
2004-09-03 09:00:00,1300.0,1296.0,489.0,1989.0,1639.0,,,20.0,,,26.7,45.7,1.5747
2004-09-03 10:00:00,1311.0,1267.0,524.0,1941.0,1662.0,,,18.9,,,31.4,34.5,1.5599
2004-09-03 11:00:00,1232.0,1210.0,565.0,1832.0,1478.0,,,17.0,,,34.5,28.5,1.5324
2004-09-03 12:00:00,1113.0,1096.0,635.0,1636.0,1050.0,,,13.4,,,36.4,23.6,1.4064
2004-09-03 13:00:00,1048.0,1021.0,698.0,1570.0,846.0,,,11.2,,,35.1,23.2,1.2884
2004-09-03 14:00:00,1054.0,1036.0,697.0,1585.0,830.0,,,11.6,,,35.7,22.2,1.2765
2004-09-03 15:00:00,1104.0,1102.0,670.0,1609.0,1480.0,,,13.5,,,37.6,19.6,1.2534
2004-09-03 16:00:00,1130.0,1113.0,674.0,1623.0,1127.0,,,13.9,,,38.8,17.6,1.1979
2004-09-03 17:00:00,1229.0,1348.0,565.0,1830.0,1445.0,4.6,,21.9,,,39.3,16.0,1.1138
2004-09-03 18:00:00,1347.0,1382.0,529.0,1961.0,1543.0,4.3,,23.2,,,37.0,23.6,1.4639
2004-09-03 19:00:00,1424.0,1417.0,488.0,2092.0,1674.0,4.9,,24.5,,,33.2,30.1,1.5095
2004-09-03 20:00:00,1305.0,1188.0,546.0,1843.0,1524.0,4.0,,16.3,,,31.0,33.1,1.462
2004-09-03 21:00:00,1180.0,1088.0,619.0,1662.0,1339.0,2.6,,13.1,,,29.5,33.4,1.3562
2004-09-03 22:00:00,1029.0,904.0,709.0,1460.0,992.0,1.3,,8.1,,,29.1,36.7,1.4502
2004-09-03 23:00:00,1080.0,902.0,702.0,1516.0,1048.0,1.5,,8.1,,,27.8,40.7,1.5002
2004-09-04 00:00:00,1197.0,1029.0,601.0,1628.0,1362.0,2.2,,11.4,,,26.0,45.3,1.4999
2004-09-04 01:00:00,1006.0,845.0,738.0,1430.0,978.0,1.2,,6.7,,,25.8,45.4,1.487
2004-09-04 02:00:00,987.0,820.0,772.0,1400.0,935.0,0.9,,6.2,,,25.4,45.9,1.4684
2004-09-04 03:00:00,958.0,735.0,816.0,1409.0,906.0,0.8,,4.5,,,25.2,46.4,1.464
2004-09-04 04:00:00,962.0,747.0,813.0,1431.0,913.0,0.8,,4.7,,,23.0,52.7,1.4568
2004-09-04 05:00:00,958.0,744.0,809.0,1419.0,903.0,0.8,,4.6,,,22.1,54.5,1.4337
2004-09-04 06:00:00,976.0,780.0,795.0,1467.0,898.0,1.0,,5.3,,,22.5,53.6,1.4422
2004-09-04 07:00:00,1088.0,945.0,636.0,1613.0,1165.0,1.7,,9.1,,,22.0,55.4,1.4436
2004-09-04 08:00:00,1159.0,1016.0,595.0,1681.0,1260.0,1.9,,11.0,,,23.4,51.6,1.4639
2004-09-04 09:00:00,1156.0,988.0,615.0,1634.0,1250.0,2.0,,10.3,,,26.7,43.0,1.4808
2004-09-04 10:00:00,1202.0,1021.0,649.0,1644.0,1226.0,2.2,,11.2,,,31.3,32.9,1.4771
2004-09-04 11:00:00,1226.0,1080.0,622.0,1697.0,1188.0,2.3,,12.9,,,34.8,27.1,1.4837
2004-09-04 12:00:00,1181.0,1091.0,638.0,1637.0,1072.0,2.3,,13.2,,,38.3,21.5,1.4263
2004-09-04 13:00:00,1062.0,969.0,729.0,1459.0,782.0,1.8,,9.8,,,37.1,21.2,1.3107
2004-09-04 14:00:00,1013.0,897.0,798.0,1351.0,594.0,1.4,,7.9,,,37.3,20.3,1.2771
2004-09-04 15:00:00,1029.0,913.0,787.0,1373.0,607.0,1.6,,8.3,,,38.3,19.3,1.2736
2004-09-04 16:00:00,1144.0,1046.0,682.0,1564.0,879.0,2.3,,11.9,,,40.7,17.0,1.2793
2004-09-04 17:00:00,1159.0,1059.0,664.0,1580.0,945.0,2.4,,12.3,,,39.5,18.5,1.3076
2004-09-04 18:00:00,1113.0,978.0,705.0,1538.0,946.0,2.1,,10.0,,,36.6,22.6,1.3664
2004-09-04 19:00:00,1100.0,944.0,730.0,1524.0,882.0,1.8,,9.1,,,32.8,28.2,1.3842
2004-09-04 20:00:00,1037.0,890.0,765.0,1408.0,735.0,1.7,,7.8,,,30.7,30.7,1.3338
2004-09-04 21:00:00,1055.0,988.0,720.0,1490.0,874.0,1.9,,10.3,,,30.1,28.7,1.2052
2004-09-04 22:00:00,980.0,901.0,812.0,1369.0,731.0,1.6,,8.0,,,29.7,25.4,1.044
2004-09-04 23:00:00,1083.0,1094.0,706.0,1537.0,926.0,2.6,,13.3,,,29.6,24.3,0.9889
2004-09-05 00:00:00,1399.0,1558.0,473.0,2052.0,1652.0,5.8,,30.3,,,28.0,29.1,1.0846
2004-09-05 01:00:00,1194.0,1255.0,555.0,1694.0,1452.0,3.0,,18.5,,,27.2,33.3,1.1788
2004-09-05 02:00:00,970.0,870.0,792.0,1376.0,943.0,1.5,,7.3,,,27.5,30.9,1.1155
2004-09-05 03:00:00,898.0,721.0,912.0,1264.0,594.0,0.9,,4.2,,,27.1,33.3,1.1762
2004-09-05 04:00:00,929.0,769.0,879.0,1335.0,607.0,1.1,,5.1,,,26.4,35.1,1.1919
2004-09-05 05:00:00,913.0,734.0,864.0,1338.0,646.0,0.9,,4.4,,,25.6,37.6,1.2131
2004-09-05 06:00:00,854.0,600.0,1102.0,1252.0,542.0,0.7,,2.2,,,25.4,38.6,1.2352
2004-09-05 07:00:00,881.0,647.0,964.0,1250.0,550.0,0.6,,2.9,,,25.5,38.2,1.2296
2004-09-05 08:00:00,867.0,618.0,1042.0,1231.0,488.0,0.7,,2.5,,,27.0,34.3,1.2089
2004-09-05 09:00:00,885.0,638.0,1059.0,1248.0,484.0,0.8,,2.8,,,29.9,29.6,1.2296
2004-09-05 10:00:00,899.0,654.0,1037.0,1254.0,481.0,0.9,,3.0,,,31.9,26.8,1.2477
2004-09-05 11:00:00,886.0,633.0,1071.0,1214.0,453.0,1.0,,2.7,,,33.0,23.5,1.1583
2004-09-05 12:00:00,864.0,651.0,1096.0,1193.0,443.0,0.9,,3.0,,,34.5,19.3,1.0369
2004-09-05 13:00:00,822.0,611.0,1191.0,1138.0,403.0,0.7,,2.4,,,33.2,19.0,0.9533
2004-09-05 14:00:00,810.0,597.0,1255.0,1106.0,361.0,0.6,,2.2,,,32.2,20.5,0.9699
2004-09-05 15:00:00,784.0,576.0,1327.0,1060.0,342.0,0.6,,1.9,,,32.6,17.5,0.8467
2004-09-05 16:00:00,823.0,633.0,1228.0,1103.0,366.0,0.8,,2.7,,,33.0,17.5,0.8683
2004-09-05 17:00:00,863.0,678.0,1153.0,1139.0,434.0,0.9,,3.4,,,32.9,17.5,0.8622
2004-09-05 18:00:00,880.0,728.0,1046.0,1167.0,514.0,1.1,,4.3,,,31.6,18.0,0.8243
2004-09-05 19:00:00,951.0,859.0,897.0,1267.0,718.0,1.7,,7.0,,,29.3,20.4,0.8162
2004-09-05 20:00:00,942.0,786.0,930.0,1245.0,705.0,1.5,,5.5,,,27.8,24.4,0.9002
2004-09-05 21:00:00,988.0,859.0,845.0,1341.0,799.0,1.6,,7.0,,,27.1,26.9,0.9524
2004-09-05 22:00:00,1008.0,845.0,832.0,1349.0,856.0,1.7,,6.7,,,26.3,29.5,0.9959
2004-09-05 23:00:00,965.0,769.0,878.0,1315.0,667.0,1.3,,5.1,,,25.9,32.9,1.0826
2004-09-06 00:00:00,957.0,717.0,911.0,1322.0,579.0,1.3,,4.1,,,25.3,36.9,1.1764
2004-09-06 01:00:00,921.0,666.0,954.0,1288.0,480.0,1.0,,3.2,,,24.8,40.1,1.2378
2004-09-06 02:00:00,854.0,562.0,1106.0,1224.0,400.0,0.6,,1.7,,,24.3,42.9,1.2906
2004-09-06 03:00:00,826.0,504.0,1250.0,1204.0,385.0,0.5,,1.0,,,24.0,45.5,1.3404
2004-09-06 04:00:00,828.0,501.0,1281.0,1189.0,385.0,,,1.0,,,23.9,47.4,1.3881
2004-09-06 05:00:00,892.0,580.0,1076.0,1271.0,516.0,0.4,,1.9,,,23.5,49.1,1.3991
2004-09-06 06:00:00,954.0,660.0,938.0,1342.0,728.0,0.7,,3.1,,,23.7,49.2,1.4195
2004-09-06 07:00:00,1120.0,890.0,728.0,1546.0,1035.0,1.8,,7.8,,,23.6,49.6,1.4247
2004-09-06 08:00:00,1096.0,921.0,716.0,1534.0,988.0,1.9,,8.5,,,24.3,45.4,1.365
2004-09-06 09:00:00,1058.0,898.0,749.0,1470.0,977.0,1.7,,8.0,,,26.3,38.3,1.2932
2004-09-06 10:00:00,977.0,800.0,843.0,1372.0,778.0,1.3,,5.7,,,27.6,34.2,1.2464
2004-09-06 11:00:00,977.0,840.0,827.0,1390.0,736.0,1.4,,6.6,,,29.2,29.1,1.1586
2004-09-06 12:00:00,943.0,777.0,880.0,1333.0,632.0,1.3,,5.3,,,29.2,28.6,1.1423
2004-09-06 13:00:00,964.0,814.0,850.0,1369.0,689.0,1.4,,6.0,,,29.4,28.3,1.1434
2004-09-06 14:00:00,953.0,781.0,889.0,1356.0,641.0,1.2,,5.4,,,29.8,28.0,1.1558
2004-09-06 15:00:00,967.0,814.0,854.0,1385.0,703.0,1.3,,6.1,,,30.1,26.7,1.1217
2004-09-06 16:00:00,996.0,843.0,840.0,1394.0,765.0,1.5,,6.7,,,30.1,27.2,1.1406
2004-09-06 17:00:00,1091.0,1039.0,699.0,1586.0,923.0,2.3,,11.7,,,29.6,27.5,1.1229
2004-09-06 18:00:00,1114.0,1101.0,663.0,1632.0,1057.0,2.6,,13.5,,,29.6,27.7,1.1278
2004-09-06 19:00:00,1133.0,1101.0,647.0,1669.0,1105.0,2.9,,13.5,,,28.0,30.1,1.1226
2004-09-06 20:00:00,1031.0,921.0,731.0,1490.0,897.0,1.8,,8.5,,,26.8,33.8,1.1723
2004-09-06 21:00:00,952.0,787.0,856.0,1342.0,723.0,1.3,,5.5,,,25.7,35.8,1.16
2004-09-06 22:00:00,949.0,804.0,835.0,1365.0,740.0,1.3,,5.8,,,25.4,35.2,1.1255
2004-09-06 23:00:00,932.0,752.0,889.0,1310.0,687.0,1.2,,4.8,,,25.0,37.3,1.1614
2004-09-07 00:00:00,966.0,774.0,859.0,1352.0,644.0,1.2,,5.2,,,24.6,40.5,1.2362
2004-09-07 01:00:00,888.0,653.0,973.0,1272.0,497.0,0.8,,3.0,,,24.2,43.8,1.3057
2004-09-07 02:00:00,847.0,634.0,1012.0,1258.0,525.0,0.6,,2.7,,,24.0,43.7,1.2876
2004-09-07 03:00:00,856.0,687.0,955.0,1260.0,726.0,0.6,,3.6,,,21.9,48.3,1.2522
2004-09-07 04:00:00,881.0,735.0,876.0,1308.0,783.0,0.6,,4.4,,,22.4,47.2,1.2593
2004-09-07 05:00:00,882.0,711.0,936.0,1310.0,741.0,0.7,,4.0,,,22.9,46.5,1.2861
2004-09-07 06:00:00,1016.0,888.0,776.0,1485.0,1040.0,1.3,,7.7,169.0,64.0,23.1,47.0,1.3122
2004-09-07 07:00:00,1228.0,1113.0,628.0,1719.0,1324.0,2.5,,13.9,231.0,72.0,23.7,46.2,1.3376
2004-09-07 08:00:00,1311.0,1350.0,529.0,1957.0,1486.0,3.4,,22.0,232.0,73.0,25.8,41.9,1.3688
2004-09-07 09:00:00,1081.0,983.0,703.0,1546.0,1079.0,2.1,,10.2,145.0,64.0,27.3,38.3,1.3669
2004-09-07 10:00:00,1104.0,993.0,705.0,1539.0,1081.0,2.2,,10.4,170.0,74.0,31.0,29.1,1.2885
2004-09-07 11:00:00,991.0,898.0,787.0,1412.0,806.0,1.7,,8.0,214.0,89.0,31.6,25.5,1.1638
2004-09-07 12:00:00,1008.0,980.0,755.0,1465.0,825.0,2.1,,10.1,,,32.5,21.2,1.0173
2004-09-07 13:00:00,986.0,1005.0,752.0,1439.0,907.0,2.2,,10.7,,,31.7,20.5,0.9428
2004-09-07 14:00:00,948.0,893.0,828.0,1374.0,768.0,1.4,,7.9,,,31.5,21.5,0.9768
2004-09-07 15:00:00,919.0,862.0,851.0,1293.0,697.0,1.4,,7.1,,,31.6,20.8,0.9562
2004-09-07 16:00:00,958.0,940.0,820.0,1380.0,728.0,1.6,,9.0,,,32.4,19.4,0.9279
2004-09-07 17:00:00,1037.0,1021.0,747.0,1451.0,786.0,2.3,,11.2,,,31.7,20.3,0.9336
2004-09-07 18:00:00,1120.0,1181.0,653.0,1604.0,1028.0,3.3,,16.0,,,31.1,21.0,0.9337
2004-09-07 19:00:00,1205.0,1294.0,579.0,1744.0,1317.0,4.1,,19.9,,,28.9,25.4,0.9933
2004-09-07 20:00:00,1172.0,1159.0,597.0,1653.0,1290.0,3.3,,15.3,,,27.4,30.8,1.1112
2004-09-07 21:00:00,1088.0,1019.0,668.0,1554.0,1165.0,2.2,,11.1,,,26.3,34.1,1.1453
2004-09-07 22:00:00,1055.0,979.0,694.0,1517.0,1086.0,,,10.0,,,25.4,35.2,1.1288
2004-09-07 23:00:00,,,,,,,,,,,,,
2004-09-08 00:00:00,,,,,,,,,,,,,
2004-09-08 01:00:00,,,,,,,,,,,,,
2004-09-08 02:00:00,,,,,,,,,,,,,
2004-09-08 03:00:00,,,,,,,,,,,,,
2004-09-08 04:00:00,,,,,,,,,,,,,
2004-09-08 05:00:00,,,,,,,,,,,,,
2004-09-08 06:00:00,,,,,,,,,,,,,
2004-09-08 07:00:00,,,,,,,,,,,,,
2004-09-08 08:00:00,,,,,,,,,,,,,
2004-09-08 09:00:00,1297.0,1654.0,848.0,1366.0,1611.0,,,34.5,,,22.7,33.0,0.8987
2004-09-08 10:00:00,,,,,,,,,,,,,
2004-09-08 11:00:00,,,,,,,,,,,,,
2004-09-08 12:00:00,,,,,,,,,,,,,
2004-09-08 13:00:00,,,,,,,,,,,,,
2004-09-08 14:00:00,,,,,,,,,,,,,
2004-09-08 15:00:00,,,,,,,,,,,,,
2004-09-08 16:00:00,,,,,,,,,,,,,
2004-09-08 17:00:00,,,,,,3.4,,,,,,,
2004-09-08 18:00:00,1325.0,1266.0,926.0,1441.0,1543.0,4.0,,18.9,477.0,188.0,32.4,19.8,0.9484
2004-09-08 19:00:00,1383.0,1406.0,824.0,1582.0,1678.0,4.7,,24.1,502.0,176.0,29.9,22.3,0.9235
2004-09-08 20:00:00,1254.0,1241.0,873.0,1463.0,1431.0,3.8,,18.1,420.0,163.0,28.2,24.8,0.936
2004-09-08 21:00:00,1221.0,1174.0,874.0,1481.0,1413.0,2.8,,15.8,344.0,155.0,26.8,28.9,1.0019
2004-09-08 22:00:00,1226.0,1138.0,862.0,1481.0,1419.0,2.6,,14.6,307.0,146.0,25.1,32.3,1.0131
2004-09-08 23:00:00,1100.0,999.0,984.0,1361.0,1145.0,2.0,,10.6,251.0,131.0,25.4,30.5,0.9722
2004-09-09 00:00:00,999.0,879.0,1114.0,1261.0,960.0,1.4,,7.5,180.0,119.0,24.9,28.3,0.8775
2004-09-09 01:00:00,980.0,873.0,1088.0,1258.0,949.0,1.2,,7.4,141.0,98.0,23.2,30.5,0.8558
2004-09-09 02:00:00,859.0,698.0,1254.0,1157.0,819.0,0.6,,3.8,105.0,89.0,22.3,33.6,0.8959
2004-09-09 03:00:00,814.0,606.0,1370.0,1131.0,745.0,0.3,,2.3,,,23.0,33.0,0.9184
2004-09-09 04:00:00,806.0,605.0,1366.0,1132.0,725.0,0.2,,2.3,74.0,68.0,21.4,35.7,0.8982
2004-09-09 05:00:00,813.0,631.0,1327.0,1108.0,710.0,0.4,,2.7,91.0,65.0,21.7,33.4,0.8545
2004-09-09 06:00:00,889.0,760.0,1224.0,1213.0,806.0,0.6,,4.9,143.0,81.0,20.3,35.5,0.8342
2004-09-09 07:00:00,1200.0,1246.0,798.0,1574.0,1416.0,3.0,,18.2,553.0,136.0,19.7,37.5,0.8501
2004-09-09 08:00:00,1289.0,1335.0,724.0,1681.0,1521.0,3.2,,21.4,542.0,130.0,21.0,35.6,0.8736
2004-09-09 09:00:00,1355.0,1333.0,741.0,1691.0,1605.0,3.5,,21.3,590.0,157.0,25.0,28.9,0.9025
2004-09-09 10:00:00,1277.0,1292.0,800.0,1626.0,1481.0,3.1,,19.9,590.0,171.0,31.0,21.9,0.9708
2004-09-09 11:00:00,1156.0,1142.0,907.0,1490.0,1188.0,2.2,,14.8,387.0,143.0,34.9,18.5,1.0189
2004-09-09 12:00:00,1054.0,1071.0,1006.0,1380.0,940.0,1.7,,12.6,252.0,116.0,37.1,15.0,0.9297
2004-09-09 13:00:00,1096.0,1083.0,971.0,1430.0,986.0,2.0,,13.0,310.0,129.0,35.0,17.3,0.9542
2004-09-09 14:00:00,1160.0,1185.0,873.0,1522.0,1162.0,2.5,,16.2,396.0,168.0,35.1,17.5,0.9733
2004-09-09 15:00:00,1148.0,1149.0,924.0,1473.0,1047.0,2.4,,15.0,329.0,152.0,35.4,16.6,0.9385
2004-09-09 16:00:00,1166.0,1186.0,878.0,1500.0,1180.0,2.9,,16.2,393.0,175.0,38.4,13.8,0.9221
2004-09-09 17:00:00,1315.0,1370.0,794.0,1689.0,1399.0,4.2,,22.7,522.0,212.0,37.6,14.5,0.9277
2004-09-09 18:00:00,1425.0,1605.0,660.0,1920.0,2321.0,5.4,,32.3,631.0,220.0,35.2,16.6,0.9242
2004-09-09 19:00:00,1329.0,1360.0,704.0,1768.0,1894.0,4.3,,22.3,435.0,175.0,31.2,25.5,1.1379
2004-09-09 20:00:00,1299.0,1197.0,763.0,1688.0,1606.0,3.6,,16.6,407.0,165.0,29.3,30.7,1.229
2004-09-09 21:00:00,1123.0,1015.0,845.0,1470.0,1297.0,2.0,,11.0,255.0,136.0,28.3,30.1,1.1392
2004-09-09 22:00:00,1089.0,1024.0,831.0,1452.0,1182.0,1.5,,11.3,180.0,111.0,27.4,31.5,1.133
2004-09-09 23:00:00,1081.0,950.0,876.0,1434.0,1138.0,1.5,,9.3,186.0,114.0,26.2,35.7,1.1929
2004-09-10 00:00:00,1031.0,871.0,950.0,1393.0,972.0,1.2,,7.3,147.0,96.0,25.2,38.1,1.2049
2004-09-10 01:00:00,969.0,787.0,1035.0,1350.0,799.0,1.0,,5.5,101.0,75.0,24.4,39.1,1.1784
2004-09-10 02:00:00,881.0,680.0,1175.0,1251.0,630.0,0.5,,3.5,69.0,58.0,23.7,39.1,1.1289
2004-09-10 03:00:00,869.0,638.0,1219.0,1213.0,586.0,0.5,,2.8,,,24.2,38.5,1.1491
2004-09-10 04:00:00,866.0,644.0,1162.0,1218.0,629.0,0.4,,2.9,49.0,41.0,24.5,38.5,1.1688
2004-09-10 05:00:00,895.0,689.0,1134.0,1250.0,709.0,0.5,,3.6,91.0,55.0,22.4,43.5,1.1624
2004-09-10 06:00:00,933.0,786.0,1018.0,1306.0,858.0,0.7,,5.5,144.0,73.0,22.3,43.8,1.1631
2004-09-10 07:00:00,1209.0,1163.0,762.0,1606.0,1300.0,2.4,,15.5,430.0,108.0,21.4,45.8,1.1515
2004-09-10 08:00:00,1417.0,1511.0,587.0,1975.0,1676.0,4.1,,28.3,606.0,147.0,22.9,41.3,1.1383
2004-09-10 09:00:00,1227.0,1233.0,739.0,1594.0,1384.0,3.0,,17.8,519.0,150.0,26.6,30.3,1.0378
2004-09-10 10:00:00,1093.0,1076.0,871.0,1457.0,1125.0,2.0,,12.8,353.0,131.0,30.3,23.0,0.977
2004-09-10 11:00:00,1135.0,1170.0,867.0,1523.0,1189.0,2.5,,15.7,429.0,144.0,32.8,18.9,0.9234
2004-09-10 12:00:00,1112.0,1161.0,866.0,1499.0,1088.0,2.4,,15.4,345.0,151.0,34.3,17.7,0.9416
2004-09-10 13:00:00,1147.0,1168.0,858.0,1492.0,1118.0,2.6,,15.6,417.0,165.0,33.3,18.9,0.9536
2004-09-10 14:00:00,1086.0,1070.0,907.0,1423.0,924.0,1.9,,12.6,276.0,135.0,33.0,20.1,0.9959
2004-09-10 15:00:00,1077.0,1056.0,908.0,1406.0,935.0,2.1,,12.2,280.0,143.0,33.6,19.6,1.0029
2004-09-10 16:00:00,1110.0,1098.0,882.0,1450.0,1009.0,2.5,,13.4,365.0,153.0,34.9,18.4,1.0106
2004-09-10 17:00:00,1146.0,1125.0,846.0,1511.0,1016.0,2.7,,14.3,363.0,149.0,33.4,20.3,1.027
2004-09-10 18:00:00,1211.0,1194.0,797.0,1599.0,1188.0,3.3,,16.5,393.0,164.0,31.6,22.7,1.041
2004-09-10 19:00:00,1218.0,1221.0,755.0,1599.0,1290.0,3.2,,17.4,385.0,180.0,29.2,26.9,1.0709
2004-09-10 20:00:00,1136.0,1082.0,824.0,1478.0,1130.0,2.6,,12.9,307.0,159.0,27.7,30.1,1.0991
2004-09-10 21:00:00,1017.0,908.0,932.0,1354.0,880.0,1.4,,8.2,194.0,119.0,27.1,31.0,1.0991
2004-09-10 22:00:00,1063.0,946.0,886.0,1391.0,996.0,1.6,,9.2,205.0,127.0,26.0,33.4,1.1071
2004-09-10 23:00:00,1083.0,951.0,880.0,1393.0,1054.0,1.7,,9.3,223.0,131.0,25.1,35.7,1.1222
2004-09-11 00:00:00,1077.0,994.0,829.0,1429.0,1081.0,1.6,,10.4,176.0,101.0,24.3,38.5,1.1525
2004-09-11 01:00:00,968.0,823.0,952.0,1343.0,828.0,,,6.2,,,23.4,40.7,1.1551
2004-09-11 02:00:00,898.0,720.0,1059.0,1259.0,661.0,,,4.2,,,23.2,41.2,1.1561
2004-09-11 03:00:00,859.0,656.0,1126.0,1213.0,582.0,,,3.1,,,23.6,40.5,1.1667
2004-09-11 04:00:00,849.0,607.0,1189.0,1190.0,544.0,,,2.3,,,23.5,40.9,1.1677
2004-09-11 05:00:00,886.0,658.0,1101.0,1234.0,647.0,,,3.1,,,20.5,48.4,1.1557
2004-09-11 06:00:00,932.0,708.0,1057.0,1285.0,720.0,,,4.0,,,20.7,48.4,1.1663
2004-09-11 07:00:00,1144.0,1006.0,757.0,1535.0,1207.0,,,10.8,,,19.9,50.8,1.1694
2004-09-11 08:00:00,1222.0,1083.0,729.0,1624.0,1273.0,,,13.0,,,21.3,47.2,1.1825
2004-09-11 09:00:00,1202.0,989.0,775.0,1506.0,1303.0,,,10.3,,,24.0,40.8,1.1993
2004-09-11 10:00:00,1323.0,1190.0,698.0,1702.0,1479.0,,,16.3,,,28.7,30.3,1.1769
2004-09-11 11:00:00,1219.0,1074.0,805.0,1532.0,1191.0,,,12.7,,,31.9,24.7,1.1477
2004-09-11 12:00:00,1121.0,965.0,899.0,1386.0,932.0,,,9.7,,,33.8,21.9,1.1331
2004-09-11 13:00:00,1096.0,942.0,893.0,1366.0,826.0,,,9.1,,,32.7,22.7,1.1044
2004-09-11 14:00:00,1019.0,858.0,989.0,1270.0,631.0,,,7.0,,,33.0,21.3,1.0512
2004-09-11 15:00:00,1045.0,857.0,994.0,1308.0,598.0,,,7.0,,,33.9,21.2,1.0989
2004-09-11 16:00:00,1147.0,959.0,872.0,1387.0,796.0,,,9.5,,,35.9,20.3,1.1845
2004-09-11 17:00:00,1145.0,971.0,883.0,1418.0,759.0,,,9.8,,,34.2,22.6,1.197
2004-09-11 18:00:00,1202.0,1040.0,815.0,1506.0,886.0,,,11.7,,,32.0,27.3,1.2752
2004-09-11 19:00:00,1283.0,1112.0,719.0,1583.0,1071.0,,,13.9,,,29.3,32.6,1.3105
2004-09-11 20:00:00,1148.0,929.0,815.0,1443.0,826.0,,,8.7,,,27.2,38.0,1.347
2004-09-11 21:00:00,1229.0,1012.0,743.0,1562.0,1103.0,,,10.9,,,26.1,41.1,1.3705
2004-09-11 22:00:00,1287.0,1060.0,716.0,1595.0,1221.0,,,12.3,,,25.3,44.6,1.4161
2004-09-11 23:00:00,1285.0,1062.0,715.0,1583.0,1449.0,,,12.4,,,24.6,47.2,1.4424
2004-09-12 00:00:00,1251.0,1055.0,701.0,1602.0,1364.0,,,12.1,,,24.1,48.8,1.4412
2004-09-12 01:00:00,1120.0,900.0,811.0,1462.0,1111.0,,,8.0,,,23.6,50.4,1.447
2004-09-12 02:00:00,1108.0,917.0,797.0,1495.0,1129.0,,,8.4,,,22.0,55.8,1.4585
2004-09-12 03:00:00,961.0,759.0,943.0,1375.0,799.0,,,4.9,,,22.4,53.6,1.4379
2004-09-12 04:00:00,950.0,719.0,982.0,1372.0,771.0,,,4.2,,,21.6,55.8,1.4228
2004-09-12 05:00:00,901.0,608.0,1105.0,1299.0,646.0,,,2.3,,,21.8,55.2,1.4184
2004-09-12 06:00:00,903.0,619.0,1111.0,1315.0,705.0,,,2.5,,,21.7,55.4,1.4192
2004-09-12 07:00:00,1024.0,757.0,923.0,1423.0,908.0,,,4.9,,,20.6,59.8,1.435
2004-09-12 08:00:00,1093.0,837.0,830.0,1480.0,1047.0,,,6.6,,,22.1,55.3,1.4495
2004-09-12 09:00:00,1097.0,833.0,853.0,1470.0,1015.0,,,6.5,,,24.8,48.2,1.4883
2004-09-12 10:00:00,1126.0,830.0,853.0,1528.0,938.0,,,6.4,,,27.9,43.4,1.6017
2004-09-12 11:00:00,1139.0,794.0,908.0,1456.0,849.0,,,5.6,,,30.1,38.5,1.6212
2004-09-12 12:00:00,1178.0,832.0,858.0,1542.0,844.0,,,6.4,,,28.2,48.6,1.8253
2004-09-12 13:00:00,1243.0,883.0,745.0,1660.0,1036.0,,,7.6,,,24.8,70.4,2.1766
2004-09-12 14:00:00,1017.0,680.0,996.0,1421.0,729.0,,,3.5,,,27.8,49.4,1.8209
2004-09-12 15:00:00,1048.0,672.0,1050.0,1438.0,556.0,,,3.3,,,25.4,59.9,1.9168
2004-09-12 16:00:00,1254.0,840.0,787.0,1602.0,846.0,,,6.6,,,26.1,66.8,2.231
2004-09-12 17:00:00,1287.0,911.0,796.0,1664.0,942.0,,,8.3,,,28.0,53.2,1.981
2004-09-12 18:00:00,1215.0,900.0,823.0,1604.0,902.0,,,8.0,,,27.4,51.4,1.8404
2004-09-12 19:00:00,1363.0,1071.0,697.0,1763.0,1178.0,,,12.6,,,25.7,55.8,1.8149
2004-09-12 20:00:00,1436.0,1224.0,609.0,1886.0,1426.0,,,17.5,,,24.6,60.3,1.8363
2004-09-12 21:00:00,1365.0,1143.0,655.0,1796.0,1394.0,,,14.8,,,24.2,61.6,1.8381
2004-09-12 22:00:00,1506.0,1385.0,555.0,2260.0,1935.0,,,23.3,,,23.8,63.5,1.8495
2004-09-12 23:00:00,1227.0,1055.0,705.0,1772.0,1360.0,,,12.2,,,23.0,64.8,1.802
2004-09-13 00:00:00,1038.0,866.0,833.0,1570.0,1061.0,,,7.2,,,23.0,63.3,1.7589
2004-09-13 01:00:00,934.0,744.0,970.0,1473.0,870.0,,,4.6,,,22.8,63.3,1.7355
2004-09-13 02:00:00,900.0,699.0,1036.0,1452.0,799.0,,,3.8,,,21.0,68.6,1.6873
2004-09-13 03:00:00,870.0,692.0,1070.0,1443.0,779.0,,,3.7,,,20.4,70.7,1.6734
2004-09-13 04:00:00,875.0,713.0,1027.0,1436.0,809.0,,,4.0,,,19.4,73.4,1.6417
2004-09-13 05:00:00,940.0,789.0,917.0,1473.0,914.0,,,5.5,,,19.5,72.0,1.6118
2004-09-13 06:00:00,1053.0,913.0,824.0,1578.0,1033.0,,,8.3,,,19.7,70.3,1.5925
2004-09-13 07:00:00,1509.0,1508.0,533.0,2257.0,1572.0,,,28.2,,,20.4,66.7,1.577
2004-09-13 08:00:00,1559.0,1599.0,498.0,2374.0,1704.0,,,32.1,,,21.8,61.8,1.5966
2004-09-13 09:00:00,1313.0,1231.0,626.0,1889.0,1455.0,,,17.7,,,23.0,60.2,1.6652
2004-09-13 10:00:00,1372.0,1251.0,609.0,1890.0,1588.0,3.1,,18.4,475.0,138.0,25.4,53.0,1.6963
2004-09-13 11:00:00,1320.0,1190.0,655.0,1825.0,1482.0,2.9,,16.3,395.0,138.0,30.0,41.6,1.7324
2004-09-13 12:00:00,1346.0,1246.0,639.0,1907.0,1458.0,3.0,,18.2,353.0,138.0,32.6,34.8,1.6872
2004-09-13 13:00:00,1307.0,1236.0,649.0,1869.0,1356.0,3.0,,17.9,397.0,137.0,32.2,34.2,1.6145
2004-09-13 14:00:00,1157.0,1069.0,737.0,1653.0,1100.0,2.2,,12.6,274.0,120.0,32.1,33.5,1.569
2004-09-13 15:00:00,1154.0,1026.0,773.0,1623.0,1212.0,2.0,,11.3,505.0,208.0,32.6,31.8,1.5361
2004-09-13 16:00:00,1172.0,1145.0,735.0,1676.0,1049.0,2.3,,14.9,275.0,128.0,35.2,25.2,1.4111
2004-09-13 17:00:00,1241.0,1254.0,693.0,1735.0,1149.0,3.1,,18.5,360.0,145.0,34.3,24.7,1.3154
2004-09-13 18:00:00,1379.0,1433.0,605.0,1982.0,1370.0,,,25.2,,,31.5,29.9,1.3638
2004-09-13 19:00:00,1570.0,1684.0,494.0,2289.0,1716.0,6.2,,35.9,597.0,168.0,29.0,36.6,1.4452
2004-09-13 20:00:00,1418.0,1471.0,542.0,2064.0,1600.0,4.7,,26.7,728.0,177.0,27.1,42.2,1.4949
2004-09-13 21:00:00,1317.0,1295.0,593.0,1883.0,1592.0,3.0,,19.9,891.0,172.0,26.1,46.4,1.5445
2004-09-13 22:00:00,1204.0,1136.0,648.0,1782.0,1491.0,2.1,,14.6,346.0,112.0,25.1,49.4,1.548
2004-09-13 23:00:00,1014.0,853.0,843.0,1499.0,1084.0,1.0,,6.9,98.0,39.0,26.0,46.4,1.5375
2004-09-14 00:00:00,956.0,794.0,896.0,1456.0,1007.0,0.8,,5.6,144.0,68.0,24.7,49.2,1.5116
2004-09-14 01:00:00,891.0,708.0,1005.0,1382.0,823.0,0.7,,3.9,110.0,51.0,24.8,49.0,1.5092
2004-09-14 02:00:00,856.0,665.0,1061.0,1375.0,788.0,,,3.2,,,23.5,52.6,1.5035
2004-09-14 03:00:00,863.0,703.0,1032.0,1403.0,791.0,,,3.9,,,20.8,62.1,1.5044
2004-09-14 04:00:00,911.0,745.0,922.0,1428.0,924.0,,,4.6,,,19.9,65.5,1.5078
2004-09-14 05:00:00,936.0,765.0,916.0,1462.0,941.0,,,5.0,,,20.6,62.9,1.5088
2004-09-14 06:00:00,1087.0,964.0,774.0,1633.0,1103.0,,,9.6,,,21.3,59.4,1.4918
2004-09-14 07:00:00,1540.0,1498.0,519.0,2301.0,1657.0,,,27.8,,,22.0,58.3,1.5199
2004-09-14 08:00:00,1513.0,1601.0,469.0,2382.0,1743.0,,,32.1,,,23.2,55.4,1.5559
2004-09-14 09:00:00,1409.0,1322.0,562.0,2004.0,1601.0,,,20.9,,,26.5,50.2,1.713
2004-09-14 10:00:00,1219.0,1042.0,699.0,1750.0,1253.0,,,11.8,,,29.0,45.5,1.7976
2004-09-14 11:00:00,1286.0,1172.0,644.0,1870.0,1295.0,,,15.8,,,30.1,42.0,1.7602
2004-09-14 12:00:00,1228.0,1174.0,668.0,1788.0,1192.0,,,15.8,,,32.3,35.9,1.7067
2004-09-14 13:00:00,1140.0,1117.0,711.0,1690.0,1046.0,,,14.0,,,33.2,33.8,1.69
2004-09-14 14:00:00,1052.0,906.0,832.0,1516.0,803.0,,,8.2,,,34.0,33.6,1.7591
2004-09-14 15:00:00,1282.0,1107.0,682.0,1791.0,1116.0,,,13.7,,,29.9,45.6,1.8942
2004-09-14 16:00:00,1378.0,1282.0,576.0,2010.0,1347.0,,,19.5,,,27.7,53.7,1.967
2004-09-14 17:00:00,1506.0,1471.0,518.0,2200.0,1530.0,,,26.7,,,28.0,52.7,1.9604
2004-09-14 18:00:00,1310.0,1259.0,620.0,1926.0,1240.0,,,18.7,,,28.6,48.2,1.8616
2004-09-14 19:00:00,1204.0,1114.0,686.0,1807.0,1092.0,,,13.9,,,24.8,61.6,1.9067
2004-09-14 20:00:00,1071.0,842.0,873.0,1575.0,740.0,,,6.7,,,20.3,77.2,1.8204
2004-09-14 21:00:00,967.0,719.0,980.0,1490.0,670.0,,,4.2,,,19.7,82.5,1.8674
2004-09-14 22:00:00,947.0,689.0,1009.0,1454.0,640.0,,,3.6,,,20.6,78.8,1.8885
2004-09-14 23:00:00,1011.0,734.0,967.0,1497.0,918.0,,,4.4,,,19.2,87.2,1.9195
2004-09-15 00:00:00,971.0,722.0,949.0,1472.0,804.0,,,4.2,,,20.5,81.5,1.936
2004-09-15 01:00:00,886.0,627.0,1082.0,1405.0,694.0,,,2.6,,,21.4,74.0,1.8683
2004-09-15 02:00:00,908.0,657.0,1013.0,1460.0,796.0,,,3.1,,,20.5,78.2,1.8678
2004-09-15 03:00:00,901.0,652.0,1013.0,1468.0,804.0,,,3.0,,,20.7,77.8,1.8764
2004-09-15 04:00:00,915.0,674.0,970.0,1481.0,829.0,,,3.4,,,20.5,78.0,1.8636
2004-09-15 05:00:00,940.0,712.0,961.0,1499.0,848.0,,,4.0,,,20.6,76.2,1.8272
2004-09-15 06:00:00,1048.0,891.0,791.0,1654.0,992.0,,,7.8,,,20.1,77.4,1.802
2004-09-15 07:00:00,1298.0,1181.0,644.0,1962.0,1256.0,,,16.1,,,20.9,73.3,1.787
2004-09-15 08:00:00,1487.0,1493.0,492.0,2345.0,1598.0,,,27.6,,,21.2,72.3,1.8007
2004-09-15 09:00:00,1327.0,1233.0,582.0,1968.0,1403.0,,,17.8,,,22.5,68.9,1.8511
2004-09-15 10:00:00,1363.0,1255.0,573.0,1989.0,1497.0,,,18.5,,,23.7,64.5,1.8682
2004-09-15 11:00:00,1393.0,1340.0,529.0,2080.0,1500.0,,,21.6,,,23.2,68.4,1.9243
2004-09-15 12:00:00,1361.0,1324.0,540.0,2044.0,1549.0,,,21.0,,,23.5,69.2,1.9776
2004-09-15 13:00:00,1289.0,1217.0,599.0,1975.0,1374.0,,,17.2,,,24.1,65.5,1.9371
2004-09-15 14:00:00,1265.0,1184.0,619.0,1930.0,1270.0,,,16.1,,,24.2,65.6,1.9501
2004-09-15 15:00:00,1339.0,1257.0,579.0,2031.0,1360.0,,,18.6,,,24.6,63.9,1.9459
2004-09-15 16:00:00,1269.0,1215.0,608.0,1939.0,1296.0,,,17.2,,,26.3,56.5,1.9018
2004-09-15 17:00:00,1299.0,1220.0,624.0,1929.0,1319.0,3.3,,17.3,341.0,112.0,26.9,53.1,1.8557
2004-09-15 18:00:00,1546.0,1519.0,493.0,2265.0,1649.0,6.1,,28.6,622.0,170.0,26.5,50.8,1.7334
2004-09-15 19:00:00,1571.0,1593.0,469.0,2409.0,1686.0,6.7,,31.8,615.0,173.0,25.1,55.8,1.7511
2004-09-15 20:00:00,1312.0,1299.0,580.0,2016.0,1380.0,4.4,,20.1,443.0,135.0,23.9,58.9,1.7276
2004-09-15 21:00:00,1074.0,946.0,767.0,1635.0,1079.0,1.9,,9.2,219.0,93.0,23.1,62.8,1.7562
2004-09-15 22:00:00,1127.0,989.0,752.0,1724.0,1096.0,1.8,,10.3,203.0,74.0,22.1,67.3,1.7671
2004-09-15 23:00:00,1040.0,923.0,769.0,1640.0,1049.0,1.5,,8.6,165.0,69.0,22.1,66.5,1.7441
2004-09-16 00:00:00,1060.0,925.0,772.0,1649.0,1161.0,1.6,,8.6,339.0,109.0,21.1,70.1,1.7366
2004-09-16 01:00:00,911.0,753.0,934.0,1496.0,865.0,0.8,,4.8,103.0,55.0,21.9,67.1,1.7394
2004-09-16 02:00:00,853.0,623.0,1107.0,1421.0,768.0,0.5,,2.6,74.0,49.0,21.7,67.4,1.7262
2004-09-16 03:00:00,915.0,725.0,962.0,1485.0,845.0,0.7,,4.3,,,20.2,73.8,1.7229
2004-09-16 04:00:00,897.0,738.0,936.0,1471.0,843.0,0.6,,4.5,72.0,42.0,19.1,76.0,1.6668
2004-09-16 05:00:00,976.0,840.0,844.0,1562.0,964.0,0.9,,6.6,180.0,50.0,19.4,75.4,1.6802
2004-09-16 06:00:00,1066.0,982.0,740.0,1699.0,1065.0,1.4,,10.1,239.0,53.0,19.7,74.4,1.6829
2004-09-16 07:00:00,1435.0,1387.0,544.0,2140.0,1467.0,4.2,,23.4,664.0,86.0,19.9,74.3,1.7083
2004-09-16 08:00:00,1420.0,1430.0,512.0,2194.0,1510.0,4.1,,25.0,525.0,81.0,20.4,72.8,1.7198
2004-09-16 09:00:00,1365.0,1341.0,549.0,2033.0,1518.0,3.6,,21.6,543.0,96.0,21.6,67.7,1.7254
2004-09-16 10:00:00,1171.0,1083.0,695.0,1758.0,1276.0,2.5,,13.0,390.0,96.0,22.9,59.1,1.633
2004-09-16 11:00:00,982.0,850.0,888.0,1505.0,873.0,1.3,,6.8,217.0,79.0,18.7,73.1,1.5608
2004-09-16 12:00:00,1021.0,979.0,798.0,1580.0,958.0,1.7,,10.0,248.0,95.0,21.1,58.3,1.4444
2004-09-16 13:00:00,1044.0,1039.0,771.0,1609.0,1076.0,2.1,,11.7,333.0,127.0,23.3,47.1,1.3281
2004-09-16 14:00:00,1005.0,972.0,834.0,1514.0,952.0,1.7,,9.8,279.0,102.0,22.9,47.9,1.3208
2004-09-16 15:00:00,1021.0,985.0,816.0,1524.0,977.0,1.9,,10.2,339.0,107.0,23.3,46.2,1.301
2004-09-16 16:00:00,1064.0,1048.0,772.0,1574.0,1059.0,2.3,,12.0,315.0,110.0,23.7,45.4,1.315
2004-09-16 17:00:00,1167.0,1231.0,659.0,1745.0,1199.0,3.3,,17.7,365.0,124.0,23.8,46.1,1.3373
2004-09-16 18:00:00,1167.0,1263.0,640.0,1790.0,1212.0,3.5,,18.8,338.0,113.0,23.0,49.3,1.3689
2004-09-16 19:00:00,1164.0,1227.0,658.0,1800.0,1193.0,3.6,,17.6,318.0,104.0,21.9,53.1,1.3787
2004-09-16 20:00:00,1092.0,1110.0,725.0,1641.0,1105.0,2.9,,13.8,302.0,117.0,21.3,54.8,1.3742
2004-09-16 21:00:00,997.0,955.0,845.0,1528.0,926.0,2.0,,9.4,214.0,94.0,21.2,55.2,1.3699
2004-09-16 22:00:00,966.0,964.0,858.0,1560.0,1231.0,1.9,,9.6,,,21.4,54.8,1.3813
2004-09-16 23:00:00,969.0,922.0,906.0,1488.0,995.0,1.5,,8.5,,,20.8,57.2,1.3925
2004-09-17 00:00:00,944.0,1005.0,874.0,1633.0,1094.0,1.1,,10.7,363.0,109.0,21.3,55.8,1.3974
2004-09-17 01:00:00,834.0,817.0,1022.0,1408.0,774.0,0.8,,6.1,178.0,72.0,21.4,52.1,1.3125
2004-09-17 02:00:00,796.0,667.0,1162.0,1295.0,558.0,0.5,,3.2,55.0,40.0,20.6,56.6,1.3583
2004-09-17 03:00:00,777.0,585.0,1305.0,1266.0,510.0,0.4,,2.0,,,20.0,59.1,1.3694
2004-09-17 04:00:00,752.0,521.0,1451.0,1247.0,471.0,0.3,,1.2,32.0,23.0,19.7,61.9,1.4017
2004-09-17 05:00:00,755.0,528.0,1472.0,1234.0,471.0,0.3,,1.3,35.0,24.0,19.6,59.1,1.3346
2004-09-17 06:00:00,800.0,598.0,1336.0,1278.0,529.0,0.5,,2.2,84.0,41.0,19.8,56.7,1.2941
2004-09-17 07:00:00,1147.0,1136.0,737.0,1708.0,1114.0,2.4,,14.6,456.0,99.0,20.2,55.6,1.3043
2004-09-17 08:00:00,1036.0,965.0,854.0,1544.0,987.0,2.2,,9.7,342.0,91.0,19.7,57.8,1.3112
2004-09-17 09:00:00,926.0,845.0,979.0,1398.0,851.0,1.4,,6.7,239.0,81.0,20.2,53.1,1.2442
2004-09-17 10:00:00,961.0,881.0,932.0,1417.0,901.0,1.6,,7.6,337.0,95.0,22.0,47.0,1.2259
2004-09-17 11:00:00,951.0,926.0,902.0,1460.0,949.0,1.6,,8.6,351.0,113.0,23.5,41.6,1.1884
2004-09-17 12:00:00,962.0,940.0,889.0,1441.0,855.0,1.6,,9.0,209.0,89.0,22.8,41.8,1.1417
2004-09-17 13:00:00,1004.0,1004.0,832.0,1490.0,911.0,2.1,,10.7,257.0,88.0,23.4,40.4,1.15
2004-09-17 14:00:00,893.0,828.0,988.0,1357.0,672.0,1.1,,6.3,169.0,81.0,23.2,42.8,1.2017
2004-09-17 15:00:00,990.0,956.0,872.0,1476.0,826.0,1.6,,9.4,216.0,82.0,23.6,43.2,1.2433
2004-09-17 16:00:00,1071.0,1068.0,798.0,1556.0,988.0,2.4,,12.5,303.0,115.0,23.9,40.8,1.1937
2004-09-17 17:00:00,1140.0,1155.0,733.0,1660.0,1105.0,2.9,,15.2,320.0,112.0,23.6,42.8,1.23
2004-09-17 18:00:00,1103.0,1143.0,741.0,1647.0,1089.0,2.7,,14.8,310.0,116.0,23.2,43.3,1.2161
2004-09-17 19:00:00,1082.0,1178.0,733.0,1605.0,1077.0,3.1,,15.9,341.0,129.0,22.8,42.5,1.1608
2004-09-17 20:00:00,991.0,977.0,872.0,1448.0,923.0,2.2,,10.0,272.0,110.0,22.3,42.2,1.1209
2004-09-17 21:00:00,935.0,852.0,978.0,1344.0,824.0,1.5,,6.9,229.0,105.0,22.1,43.0,1.1271
2004-09-17 22:00:00,908.0,790.0,1046.0,1317.0,717.0,1.2,,5.5,168.0,90.0,22.2,42.7,1.1237
2004-09-17 23:00:00,927.0,826.0,1021.0,1331.0,734.0,1.3,,6.3,173.0,94.0,22.1,42.8,1.1265
2004-09-18 00:00:00,936.0,844.0,978.0,1365.0,776.0,1.4,,6.7,186.0,96.0,22.1,43.5,1.1443
2004-09-18 01:00:00,847.0,694.0,1153.0,1240.0,594.0,0.9,,3.7,112.0,70.0,21.5,45.6,1.1528
2004-09-18 02:00:00,812.0,664.0,1212.0,1215.0,518.0,0.7,,3.2,79.0,57.0,21.1,44.5,1.098
2004-09-18 03:00:00,804.0,616.0,1271.0,1189.0,496.0,0.6,,2.4,,,20.4,47.1,1.1178
2004-09-18 04:00:00,793.0,636.0,1213.0,1195.0,514.0,,,2.7,62.0,45.0,20.6,45.9,1.0993
2004-09-18 05:00:00,775.0,609.0,1319.0,1190.0,468.0,0.5,,2.3,58.0,42.0,20.2,46.7,1.0899
2004-09-18 06:00:00,835.0,690.0,1183.0,1257.0,621.0,0.8,,3.6,122.0,71.0,20.1,47.8,1.1144
2004-09-18 07:00:00,913.0,830.0,980.0,1371.0,757.0,1.2,,6.4,173.0,82.0,20.0,50.7,1.1724
2004-09-18 08:00:00,903.0,765.0,1035.0,1317.0,712.0,1.1,,5.0,176.0,81.0,20.7,49.7,1.197
2004-09-18 09:00:00,982.0,895.0,892.0,1413.0,859.0,1.6,,7.9,233.0,89.0,24.3,39.5,1.1842
2004-09-18 10:00:00,925.0,838.0,949.0,1324.0,728.0,1.4,,6.6,210.0,83.0,25.4,34.8,1.1119
2004-09-18 11:00:00,895.0,776.0,1024.0,1274.0,640.0,1.2,,5.2,178.0,82.0,26.6,30.7,1.0501
2004-09-18 12:00:00,930.0,838.0,957.0,1319.0,680.0,1.4,,6.6,189.0,78.0,27.7,28.1,1.0272
2004-09-18 13:00:00,953.0,881.0,926.0,1339.0,704.0,1.6,,7.6,210.0,79.0,27.6,28.7,1.0406
2004-09-18 14:00:00,885.0,765.0,1017.0,1268.0,619.0,1.1,,5.0,162.0,78.0,27.6,29.2,1.0594
2004-09-18 15:00:00,903.0,779.0,1010.0,1278.0,583.0,1.1,,5.3,137.0,73.0,28.1,28.6,1.0715
2004-09-18 16:00:00,927.0,781.0,994.0,1267.0,594.0,1.3,,5.3,165.0,73.0,29.1,26.8,1.0648
2004-09-18 17:00:00,979.0,835.0,936.0,1338.0,700.0,1.5,,6.5,204.0,100.0,28.4,28.3,1.0798
2004-09-18 18:00:00,1050.0,947.0,832.0,1447.0,912.0,2.0,,9.2,266.0,122.0,26.6,32.1,1.102
2004-09-18 19:00:00,1091.0,1037.0,770.0,1512.0,1038.0,2.4,,11.6,299.0,132.0,25.3,35.3,1.1262
2004-09-18 20:00:00,1040.0,946.0,827.0,1424.0,952.0,2.0,,9.2,234.0,116.0,24.7,37.1,1.1397
2004-09-18 21:00:00,997.0,879.0,885.0,1404.0,887.0,1.5,,7.5,181.0,109.0,23.5,40.6,1.1588
2004-09-18 22:00:00,1042.0,938.0,816.0,1456.0,1004.0,1.7,,9.0,210.0,109.0,22.8,43.4,1.1915
2004-09-18 23:00:00,1191.0,1055.0,707.0,1563.0,1221.0,2.5,,12.1,304.0,116.0,22.2,47.9,1.2626
2004-09-19 00:00:00,1149.0,996.0,754.0,1534.0,1177.0,2.2,,10.5,255.0,104.0,21.3,50.5,1.2652
2004-09-19 01:00:00,973.0,862.0,850.0,1436.0,957.0,1.4,,7.1,149.0,81.0,20.6,53.2,1.2742
2004-09-19 02:00:00,940.0,823.0,891.0,1415.0,853.0,1.2,,6.2,112.0,64.0,19.6,56.6,1.2797
2004-09-19 03:00:00,949.0,890.0,854.0,1484.0,884.0,1.2,,7.8,,,18.8,59.8,1.2847
2004-09-19 04:00:00,830.0,699.0,1012.0,1339.0,736.0,0.9,,3.8,90.0,54.0,18.8,59.5,1.2758
2004-09-19 05:00:00,773.0,609.0,1169.0,1256.0,590.0,0.5,,2.3,46.0,35.0,19.3,57.0,1.2603
2004-09-19 06:00:00,811.0,644.0,1144.0,1289.0,655.0,0.6,,2.9,76.0,44.0,18.2,60.8,1.2567
2004-09-19 07:00:00,901.0,754.0,936.0,1351.0,854.0,1.0,,4.8,139.0,62.0,16.8,66.8,1.2721
2004-09-19 08:00:00,969.0,886.0,863.0,1451.0,953.0,1.3,,7.7,179.0,68.0,18.6,60.0,1.2757
2004-09-19 09:00:00,1027.0,933.0,806.0,1465.0,1050.0,1.7,,8.8,224.0,85.0,22.2,48.0,1.2678
2004-09-19 10:00:00,1094.0,1002.0,755.0,1536.0,1114.0,2.2,,10.6,272.0,110.0,26.5,35.7,1.2149
2004-09-19 11:00:00,1083.0,984.0,784.0,1485.0,1049.0,2.1,,10.2,251.0,115.0,30.0,28.5,1.1883
2004-09-19 12:00:00,1098.0,1015.0,754.0,1508.0,996.0,2.2,,11.0,250.0,129.0,32.2,24.7,1.1696
2004-09-19 13:00:00,1059.0,1047.0,761.0,1549.0,841.0,2.0,,11.9,178.0,106.0,29.6,28.6,1.1628
2004-09-19 14:00:00,1021.0,1009.0,771.0,1545.0,769.0,2.0,,10.8,137.0,87.0,29.8,28.5,1.1809
2004-09-19 15:00:00,925.0,768.0,987.0,1289.0,541.0,1.2,,5.1,119.0,70.0,31.1,26.1,1.163
2004-09-19 16:00:00,1045.0,910.0,878.0,1385.0,742.0,1.8,,8.3,193.0,106.0,34.6,22.4,1.212
2004-09-19 17:00:00,1303.0,1317.0,631.0,1816.0,1196.0,4.3,,20.7,329.0,151.0,33.2,25.4,1.2722
2004-09-19 18:00:00,1254.0,1204.0,668.0,1655.0,1338.0,3.8,,16.8,413.0,179.0,30.0,31.4,1.3074
2004-09-19 19:00:00,1345.0,1306.0,587.0,1806.0,1416.0,4.4,,20.4,489.0,188.0,27.5,38.1,1.3756
2004-09-19 20:00:00,1273.0,1159.0,645.0,1704.0,1341.0,3.8,,15.3,470.0,187.0,26.2,42.5,1.423
2004-09-19 21:00:00,1096.0,931.0,766.0,1506.0,1019.0,1.9,,8.8,228.0,121.0,24.7,46.4,1.4206
2004-09-19 22:00:00,1077.0,920.0,778.0,1509.0,935.0,1.7,,8.5,169.0,99.0,23.6,50.0,1.4383
2004-09-19 23:00:00,1084.0,929.0,751.0,1517.0,1081.0,1.8,,8.7,189.0,100.0,22.7,53.6,1.4632
2004-09-20 00:00:00,980.0,800.0,863.0,1407.0,903.0,1.1,,5.7,100.0,79.0,22.7,53.8,1.4666
2004-09-20 01:00:00,882.0,713.0,978.0,1343.0,731.0,0.8,,4.0,71.0,57.0,22.8,53.0,1.4577
2004-09-20 02:00:00,851.0,655.0,1051.0,1301.0,625.0,0.7,,3.0,52.0,43.0,21.4,57.6,1.4469
2004-09-20 03:00:00,819.0,597.0,1112.0,1281.0,613.0,0.6,,2.2,,,19.9,62.3,1.4363
2004-09-20 04:00:00,804.0,601.0,1122.0,1281.0,646.0,0.5,,2.2,57.0,50.0,19.5,63.5,1.4269
2004-09-20 05:00:00,823.0,631.0,1090.0,1304.0,671.0,0.5,,2.7,69.0,47.0,20.2,60.8,1.4243
2004-09-20 06:00:00,903.0,748.0,937.0,1373.0,801.0,0.9,,4.7,126.0,60.0,19.4,63.5,1.4139
2004-09-20 07:00:00,1310.0,1344.0,573.0,2026.0,1353.0,3.5,,21.7,376.0,91.0,18.7,65.6,1.4039
2004-09-20 08:00:00,1436.0,1601.0,455.0,2338.0,1682.0,,,32.2,,,20.1,60.6,1.4062
2004-09-20 09:00:00,1479.0,1490.0,494.0,2146.0,1749.0,5.7,,27.5,737.0,159.0,23.5,49.7,1.4156
2004-09-20 10:00:00,1285.0,1243.0,599.0,1815.0,1582.0,3.5,,18.1,481.0,173.0,26.4,41.9,1.4237
2004-09-20 11:00:00,1262.0,1258.0,597.0,1835.0,1484.0,3.7,,18.6,425.0,174.0,29.9,34.0,1.4096
2004-09-20 12:00:00,1225.0,1227.0,643.0,1774.0,1321.0,3.1,,17.6,330.0,165.0,31.5,30.8,1.4017
2004-09-20 13:00:00,1162.0,1188.0,676.0,1681.0,1125.0,3.0,,16.3,303.0,136.0,30.2,30.2,1.2744
2004-09-20 14:00:00,1103.0,1044.0,757.0,1523.0,967.0,2.6,,11.8,283.0,125.0,30.5,29.3,1.2612
2004-09-20 15:00:00,1120.0,1045.0,752.0,1563.0,975.0,2.4,,11.9,264.0,122.0,31.8,27.4,1.2673
2004-09-20 16:00:00,1169.0,1163.0,708.0,1639.0,1025.0,2.6,,15.5,280.0,124.0,34.3,23.2,1.2326
2004-09-20 17:00:00,1386.0,1522.0,560.0,1990.0,1469.0,5.0,,28.8,505.0,184.0,34.1,23.0,1.2081
2004-09-20 18:00:00,1426.0,1577.0,521.0,2080.0,1648.0,5.6,,31.1,566.0,200.0,30.5,29.2,1.2585
2004-09-20 19:00:00,1476.0,1663.0,473.0,2167.0,1785.0,6.5,,34.9,681.0,225.0,28.1,32.4,1.2173
2004-09-20 20:00:00,1167.0,1282.0,633.0,1685.0,1371.0,4.1,,19.5,448.0,168.0,26.5,31.7,1.0787
2004-09-20 21:00:00,1032.0,1039.0,761.0,1455.0,1071.0,2.1,,11.7,231.0,118.0,24.8,33.7,1.0377
2004-09-20 22:00:00,1034.0,972.0,747.0,1437.0,1118.0,2.0,,9.9,230.0,115.0,23.9,38.1,1.1123
2004-09-20 23:00:00,986.0,885.0,835.0,1407.0,931.0,1.4,,7.7,146.0,94.0,23.0,43.0,1.1897
2004-09-21 00:00:00,908.0,732.0,966.0,1311.0,722.0,0.8,,4.4,77.0,62.0,23.5,44.7,1.2755
2004-09-21 01:00:00,891.0,714.0,957.0,1295.0,773.0,0.8,,4.1,82.0,68.0,22.3,47.7,1.2643
2004-09-21 02:00:00,843.0,656.0,1042.0,1271.0,665.0,0.6,,3.1,55.0,50.0,22.1,49.8,1.3094
2004-09-21 03:00:00,822.0,612.0,1094.0,1254.0,594.0,0.5,,2.4,,,21.8,51.4,1.3272
2004-09-21 04:00:00,814.0,589.0,1119.0,1246.0,565.0,0.4,,2.1,42.0,36.0,20.8,55.9,1.3581
2004-09-21 05:00:00,869.0,673.0,1033.0,1307.0,688.0,0.6,,3.3,102.0,53.0,18.8,63.0,1.3582
2004-09-21 06:00:00,1013.0,905.0,804.0,1499.0,974.0,1.4,,8.1,231.0,79.0,18.3,65.5,1.3686
2004-09-21 07:00:00,1515.0,1584.0,496.0,2288.0,1591.0,5.6,,31.4,699.0,133.0,18.2,66.1,1.3679
2004-09-21 08:00:00,1587.0,1795.0,425.0,2531.0,1820.0,7.3,,41.2,738.0,148.0,19.6,60.7,1.3713
2004-09-21 09:00:00,1490.0,1487.0,508.0,2115.0,1807.0,5.3,,27.3,665.0,161.0,22.6,51.4,1.392
2004-09-21 10:00:00,1435.0,1408.0,537.0,1991.0,1704.0,4.4,,24.2,598.0,191.0,25.8,44.2,1.4512
2004-09-21 11:00:00,1246.0,1209.0,632.0,1792.0,1270.0,3.1,,17.0,340.0,158.0,28.5,39.0,1.4928
2004-09-21 12:00:00,1266.0,1231.0,615.0,1768.0,1265.0,3.3,,17.7,374.0,157.0,30.1,35.1,1.4782
2004-09-21 13:00:00,1277.0,1277.0,586.0,1846.0,1226.0,3.8,,19.3,401.0,188.0,29.4,36.4,1.4718
2004-09-21 14:00:00,1142.0,1073.0,671.0,1635.0,987.0,2.3,,12.7,275.0,143.0,29.2,37.9,1.5116
2004-09-21 15:00:00,1207.0,1136.0,645.0,1696.0,1024.0,2.6,,14.6,278.0,152.0,30.5,34.9,1.5015
2004-09-21 16:00:00,1252.0,1233.0,618.0,1759.0,1127.0,3.2,,17.8,342.0,168.0,31.5,31.4,1.431
2004-09-21 17:00:00,1399.0,1468.0,531.0,2072.0,1442.0,5.0,,26.6,479.0,205.0,31.2,31.4,1.3987
2004-09-21 18:00:00,1464.0,1559.0,485.0,2158.0,1639.0,5.6,,30.3,553.0,204.0,28.5,37.2,1.4282
2004-09-21 19:00:00,1422.0,1520.0,494.0,2087.0,1624.0,5.4,,28.7,531.0,210.0,26.7,42.3,1.4618
2004-09-21 20:00:00,1308.0,1297.0,567.0,1899.0,1454.0,4.4,,20.0,428.0,173.0,24.8,49.0,1.5092
2004-09-21 21:00:00,1137.0,1047.0,680.0,1620.0,1138.0,2.4,,11.9,229.0,123.0,23.6,53.6,1.5374
2004-09-21 22:00:00,1040.0,903.0,782.0,1494.0,951.0,1.5,,8.1,145.0,92.0,23.0,55.8,1.548
2004-09-21 23:00:00,1018.0,885.0,809.0,1491.0,864.0,1.3,,7.7,112.0,77.0,22.1,58.4,1.5393
2004-09-22 00:00:00,962.0,808.0,866.0,1430.0,868.0,1.1,,5.9,99.0,74.0,22.6,56.3,1.5233
2004-09-22 01:00:00,930.0,768.0,916.0,1409.0,825.0,1.0,,5.1,98.0,74.0,21.0,61.3,1.5031
2004-09-22 02:00:00,812.0,613.0,1133.0,1302.0,626.0,0.6,,2.4,54.0,47.0,23.0,54.0,1.501
2004-09-22 03:00:00,826.0,612.0,1111.0,1304.0,605.0,0.5,,2.4,,,19.8,65.3,1.4894
2004-09-22 04:00:00,878.0,702.0,949.0,1373.0,822.0,0.6,,3.8,59.0,44.0,18.3,70.8,1.4794
2004-09-22 05:00:00,922.0,764.0,892.0,1415.0,905.0,0.8,,5.0,162.0,69.0,18.1,72.5,1.4876
2004-09-22 06:00:00,1047.0,965.0,737.0,1606.0,1075.0,1.5,,9.7,268.0,79.0,18.3,71.0,1.4807
2004-09-22 07:00:00,1376.0,1452.0,521.0,2123.0,1541.0,4.1,,25.9,531.0,108.0,18.5,68.9,1.4565
2004-09-22 08:00:00,1514.0,1648.0,457.0,2400.0,1749.0,5.5,,34.3,517.0,119.0,20.1,62.7,1.461
2004-09-22 09:00:00,1494.0,1528.0,479.0,2201.0,1798.0,5.5,,29.0,701.0,165.0,23.5,52.0,1.4833
2004-09-22 10:00:00,1316.0,1298.0,562.0,1888.0,1584.0,3.7,,20.0,510.0,172.0,26.8,42.7,1.4864
2004-09-22 11:00:00,1269.0,1247.0,597.0,1813.0,1441.0,3.3,,18.3,415.0,180.0,29.1,36.7,1.4543
2004-09-22 12:00:00,1152.0,1099.0,674.0,1631.0,1093.0,2.5,,13.4,243.0,130.0,30.8,32.0,1.4014
2004-09-22 13:00:00,1138.0,1117.0,657.0,1646.0,1019.0,2.6,,14.0,267.0,120.0,27.9,37.0,1.372
2004-09-22 14:00:00,1132.0,1052.0,680.0,1609.0,944.0,2.2,,12.1,233.0,117.0,28.5,37.3,1.4291
2004-09-22 15:00:00,1186.0,1159.0,640.0,1701.0,1046.0,2.6,,15.3,295.0,141.0,30.2,32.9,1.3865
2004-09-22 16:00:00,1228.0,1184.0,657.0,1724.0,1089.0,2.9,,16.1,309.0,151.0,32.9,27.7,1.3622
2004-09-22 17:00:00,1424.0,1486.0,523.0,2084.0,1537.0,5.0,,27.3,506.0,218.0,32.2,28.8,1.3624
2004-09-22 18:00:00,1427.0,1458.0,507.0,2049.0,1566.0,5.1,,26.2,479.0,213.0,28.8,39.0,1.5203
2004-09-22 19:00:00,1387.0,1473.0,508.0,2065.0,1510.0,5.2,,26.7,460.0,194.0,26.7,43.3,1.4881
2004-09-22 20:00:00,1284.0,1249.0,582.0,1842.0,1300.0,3.8,,18.3,363.0,167.0,24.6,54.0,1.6461
2004-09-22 21:00:00,1110.0,1045.0,688.0,1638.0,1058.0,2.2,,11.9,213.0,115.0,23.4,59.9,1.6992
2004-09-22 22:00:00,1110.0,1032.0,702.0,1650.0,1002.0,2.1,,11.5,183.0,98.0,22.5,62.6,1.6883
2004-09-22 23:00:00,1077.0,964.0,749.0,1571.0,923.0,1.8,,9.6,163.0,93.0,22.9,62.0,1.7127
2004-09-23 00:00:00,1037.0,898.0,793.0,1539.0,836.0,1.6,,8.0,152.0,87.0,22.2,64.9,1.719
2004-09-23 01:00:00,1002.0,854.0,818.0,1513.0,779.0,1.4,,6.9,104.0,71.0,21.4,68.5,1.7261
2004-09-23 02:00:00,865.0,694.0,989.0,1385.0,678.0,0.8,,3.7,61.0,49.0,22.2,63.0,1.6673
2004-09-23 03:00:00,824.0,615.0,1131.0,1336.0,601.0,0.5,,2.4,,,22.4,59.9,1.6069
2004-09-23 04:00:00,824.0,602.0,1138.0,1337.0,593.0,,,2.2,54.0,44.0,21.1,63.8,1.5817
2004-09-23 05:00:00,847.0,620.0,1085.0,1339.0,670.0,0.5,,2.5,84.0,58.0,22.9,57.5,1.5879
2004-09-23 06:00:00,961.0,828.0,892.0,1491.0,837.0,0.9,,6.3,132.0,66.0,21.3,63.2,1.5794
2004-09-23 07:00:00,1336.0,1340.0,540.0,2049.0,1400.0,3.2,,21.6,422.0,112.0,21.3,63.5,1.5941
2004-09-23 08:00:00,1251.0,1264.0,582.0,1897.0,1393.0,2.8,,18.8,282.0,104.0,23.7,54.4,1.5765
2004-09-23 09:00:00,1290.0,1244.0,604.0,1853.0,1415.0,2.7,,18.1,293.0,103.0,25.0,50.8,1.5903
2004-09-23 10:00:00,1215.0,1141.0,631.0,1766.0,1285.0,2.4,,14.8,334.0,118.0,26.3,48.1,1.6199
2004-09-23 11:00:00,1248.0,1177.0,608.0,1784.0,1230.0,2.7,,15.9,324.0,129.0,26.4,47.3,1.6006
2004-09-23 12:00:00,1233.0,1184.0,610.0,1775.0,1147.0,2.8,,16.1,294.0,127.0,29.3,39.5,1.5855
2004-09-23 13:00:00,1229.0,1217.0,599.0,1795.0,1107.0,2.9,,17.2,273.0,130.0,29.0,39.6,1.5581
2004-09-23 14:00:00,1206.0,1175.0,618.0,1746.0,1068.0,2.6,,15.8,275.0,130.0,29.8,38.0,1.5642
2004-09-23 15:00:00,1215.0,1150.0,608.0,1733.0,1115.0,2.6,,15.1,282.0,118.0,30.4,37.2,1.588
2004-09-23 16:00:00,1330.0,1264.0,586.0,1860.0,1362.0,3.2,,18.9,323.0,146.0,31.5,34.9,1.5903
2004-09-23 17:00:00,1446.0,1434.0,522.0,2075.0,1619.0,4.6,,25.2,442.0,190.0,31.6,34.8,1.5925
2004-09-23 18:00:00,1446.0,1458.0,501.0,2059.0,1572.0,4.9,,26.1,431.0,189.0,29.0,40.5,1.5949
2004-09-23 19:00:00,1421.0,1444.0,510.0,2056.0,1446.0,4.7,,25.6,402.0,173.0,27.2,45.9,1.6302
2004-09-23 20:00:00,1247.0,1206.0,600.0,1785.0,1233.0,3.3,,16.9,313.0,148.0,26.2,48.7,1.6256
2004-09-23 21:00:00,1168.0,1070.0,667.0,1646.0,1102.0,2.3,,12.6,228.0,116.0,25.1,50.5,1.584
2004-09-23 22:00:00,1111.0,991.0,721.0,1559.0,1028.0,2.1,,10.3,218.0,109.0,24.1,50.7,1.4959
2004-09-23 23:00:00,1071.0,934.0,763.0,1504.0,942.0,1.7,,8.9,179.0,94.0,22.5,53.7,1.4486
2004-09-24 00:00:00,969.0,835.0,859.0,1437.0,773.0,1.0,,6.5,97.0,64.0,22.7,53.7,1.458
2004-09-24 01:00:00,942.0,780.0,915.0,1419.0,737.0,0.9,,5.3,83.0,59.0,21.5,57.9,1.4658
2004-09-24 02:00:00,923.0,744.0,908.0,1394.0,815.0,0.7,,4.6,80.0,64.0,22.3,55.8,1.4828
2004-09-24 03:00:00,813.0,581.0,1176.0,1320.0,627.0,0.4,,2.0,,,22.7,53.8,1.4673
2004-09-24 04:00:00,851.0,618.0,1099.0,1351.0,642.0,0.4,,2.5,66.0,52.0,21.1,59.9,1.4789
2004-09-24 05:00:00,868.0,639.0,1093.0,1367.0,610.0,0.5,,2.8,109.0,55.0,20.4,63.0,1.4946
2004-09-24 06:00:00,1062.0,915.0,792.0,1579.0,929.0,1.3,,8.4,232.0,83.0,20.8,62.2,1.5119
2004-09-24 07:00:00,1418.0,1328.0,546.0,2017.0,1427.0,3.5,,21.1,535.0,114.0,21.3,61.6,1.5452
2004-09-24 08:00:00,1600.0,1641.0,440.0,2430.0,1776.0,5.5,,34.0,684.0,137.0,21.9,60.2,1.56
2004-09-24 09:00:00,1583.0,1538.0,461.0,2214.0,1788.0,5.6,,29.4,803.0,160.0,23.0,56.4,1.5614
2004-09-24 10:00:00,1338.0,1305.0,543.0,1929.0,1521.0,3.4,,20.3,539.0,138.0,25.1,49.5,1.5572
2004-09-24 11:00:00,1285.0,1252.0,581.0,1866.0,1293.0,3.2,,18.4,364.0,134.0,26.6,44.3,1.5229
2004-09-24 12:00:00,1376.0,1359.0,530.0,1998.0,1435.0,3.7,,22.3,422.0,143.0,26.2,46.0,1.5422
2004-09-24 13:00:00,1467.0,1477.0,491.0,2114.0,1592.0,4.6,,26.9,483.0,153.0,25.4,48.7,1.5594
2004-09-24 14:00:00,1442.0,1403.0,518.0,2026.0,1551.0,4.2,,24.0,496.0,145.0,25.6,48.3,1.558
2004-09-24 15:00:00,1358.0,1277.0,563.0,1892.0,1429.0,3.3,,19.3,403.0,123.0,25.7,47.8,1.5548
2004-09-24 16:00:00,1222.0,1133.0,624.0,1698.0,1195.0,2.7,,14.5,282.0,96.0,24.9,49.2,1.5251
2004-09-24 17:00:00,1134.0,1017.0,724.0,1632.0,981.0,2.2,,11.1,268.0,107.0,18.3,75.4,1.5682
2004-09-24 18:00:00,1120.0,993.0,725.0,1565.0,962.0,2.8,,10.4,306.0,119.0,16.3,73.9,1.3601
2004-09-24 19:00:00,1103.0,997.0,736.0,1552.0,914.0,2.9,,10.5,293.0,109.0,15.6,75.7,1.3345
2004-09-24 20:00:00,985.0,805.0,895.0,1390.0,785.0,2.0,,5.8,240.0,107.0,15.4,76.6,1.3334
2004-09-24 21:00:00,795.0,596.0,1227.0,1188.0,482.0,0.7,,2.2,93.0,57.0,14.0,75.4,1.1988
2004-09-24 22:00:00,787.0,584.0,1317.0,1129.0,446.0,0.6,,2.0,99.0,60.0,14.9,60.5,1.0213
2004-09-24 23:00:00,839.0,701.0,1128.0,1156.0,553.0,1.2,,3.8,55.0,22.0,15.5,50.9,0.888
2004-09-25 00:00:00,835.0,705.0,1117.0,1161.0,592.0,1.2,,3.9,19.0,2.0,15.6,50.0,0.8773
2004-09-25 01:00:00,837.0,693.0,1096.0,1178.0,584.0,1.1,,3.7,26.0,7.0,15.4,53.6,0.9326
2004-09-25 02:00:00,761.0,563.0,1316.0,1106.0,451.0,0.6,,1.7,26.0,8.0,15.4,53.9,0.9334
2004-09-25 03:00:00,718.0,499.0,1495.0,1059.0,382.0,0.3,,1.0,,,15.3,52.4,0.9017
2004-09-25 04:00:00,724.0,495.0,1531.0,1071.0,391.0,0.3,,1.0,42.0,27.0,15.3,53.1,0.9181
2004-09-25 05:00:00,718.0,486.0,1531.0,1072.0,398.0,0.3,,0.9,32.0,14.0,15.4,53.7,0.9295
2004-09-25 06:00:00,744.0,525.0,1434.0,1097.0,430.0,0.4,,1.3,25.0,3.0,15.5,53.3,0.9308
2004-09-25 07:00:00,782.0,591.0,1287.0,1130.0,461.0,0.6,,2.1,28.0,9.0,15.4,52.7,0.9178
2004-09-25 08:00:00,798.0,619.0,1204.0,1138.0,500.0,0.7,,2.5,41.0,14.0,15.7,51.1,0.9056
2004-09-25 09:00:00,867.0,744.0,1067.0,1207.0,594.0,1.0,,4.6,130.0,52.0,16.9,47.7,0.9142
2004-09-25 10:00:00,862.0,729.0,1103.0,1171.0,603.0,1.1,,4.3,173.0,64.0,18.2,41.9,0.8674
2004-09-25 11:00:00,915.0,834.0,1006.0,1243.0,686.0,1.5,,6.5,168.0,66.0,19.1,37.0,0.8104
2004-09-25 12:00:00,857.0,813.0,1040.0,1183.0,622.0,1.4,,6.0,51.0,14.0,19.3,34.8,0.771
2004-09-25 13:00:00,837.0,812.0,1065.0,1171.0,624.0,1.4,,6.0,31.0,9.0,19.8,31.2,0.7127
2004-09-25 14:00:00,805.0,740.0,1161.0,1117.0,565.0,1.0,,4.5,41.0,12.0,19.8,31.1,0.7104
2004-09-25 15:00:00,781.0,705.0,1203.0,1068.0,514.0,0.9,,3.9,41.0,14.0,20.2,28.6,0.6717
2004-09-25 16:00:00,815.0,743.0,1183.0,1095.0,536.0,1.1,,4.6,54.0,21.0,22.1,24.8,0.6514
2004-09-25 17:00:00,877.0,844.0,1048.0,1193.0,669.0,1.3,,6.7,112.0,43.0,21.1,27.7,0.6853
2004-09-25 18:00:00,926.0,935.0,931.0,1262.0,786.0,1.8,,8.9,178.0,62.0,20.1,30.3,0.7045
2004-09-25 19:00:00,987.0,971.0,876.0,1312.0,891.0,2.4,,9.8,218.0,68.0,19.5,33.0,0.7384
2004-09-25 20:00:00,1004.0,1007.0,848.0,1321.0,926.0,2.7,,10.8,241.0,81.0,19.3,32.3,0.7163
2004-09-25 21:00:00,897.0,875.0,937.0,1227.0,902.0,1.7,,7.4,223.0,88.0,18.4,33.2,0.6975
2004-09-25 22:00:00,1002.0,989.0,840.0,1358.0,1011.0,2.2,,10.3,279.0,99.0,17.8,36.5,0.7366
2004-09-25 23:00:00,1126.0,1111.0,746.0,1473.0,1249.0,2.8,,13.8,330.0,98.0,17.8,39.9,0.8035
2004-09-26 00:00:00,1067.0,1013.0,794.0,1350.0,1133.0,2.4,,10.9,330.0,97.0,17.0,43.0,0.8242
2004-09-26 01:00:00,1063.0,1040.0,739.0,1413.0,1166.0,2.5,,11.7,341.0,101.0,15.5,52.2,0.9136
2004-09-26 02:00:00,915.0,893.0,872.0,1287.0,953.0,1.4,,7.8,205.0,90.0,15.6,51.9,0.9135
2004-09-26 03:00:00,906.0,885.0,872.0,1304.0,912.0,1.4,,7.7,,,13.5,59.4,0.9176
2004-09-26 04:00:00,844.0,786.0,969.0,1226.0,831.0,,,5.5,130.0,61.0,13.4,59.9,0.9173
2004-09-26 05:00:00,816.0,739.0,999.0,1188.0,793.0,0.9,,4.5,102.0,55.0,12.5,63.2,0.9146
2004-09-26 06:00:00,768.0,671.0,1128.0,1153.0,700.0,0.6,,3.3,79.0,46.0,13.6,57.6,0.8941
2004-09-26 07:00:00,835.0,785.0,989.0,1224.0,780.0,1.0,,5.4,148.0,56.0,12.2,63.2,0.8964
2004-09-26 08:00:00,944.0,908.0,865.0,1321.0,931.0,1.6,,8.2,261.0,83.0,14.6,56.4,0.9319
2004-09-26 09:00:00,810.0,651.0,1170.0,1117.0,575.0,0.9,,3.0,107.0,55.0,19.8,38.6,0.8831
2004-09-26 10:00:00,819.0,655.0,1222.0,1104.0,507.0,0.9,,3.0,103.0,47.0,21.6,33.4,0.8519
2004-09-26 11:00:00,844.0,680.0,1147.0,1129.0,518.0,1.0,,3.5,122.0,61.0,22.0,32.2,0.8407
2004-09-26 12:00:00,846.0,688.0,1127.0,1138.0,518.0,1.0,,3.6,127.0,58.0,22.7,30.2,0.8217
2004-09-26 13:00:00,842.0,711.0,1077.0,1160.0,516.0,0.9,,4.0,110.0,59.0,22.3,30.4,0.8063
2004-09-26 14:00:00,840.0,722.0,1048.0,1169.0,507.0,0.9,,4.2,98.0,54.0,22.1,30.5,0.7981
2004-09-26 15:00:00,815.0,657.0,1166.0,1098.0,490.0,0.9,,3.1,146.0,69.0,22.1,29.5,0.7761
2004-09-26 16:00:00,838.0,685.0,1176.0,1121.0,465.0,0.9,,3.5,119.0,54.0,23.4,27.1,0.7681
2004-09-26 17:00:00,992.0,987.0,823.0,1327.0,781.0,2.7,,10.3,234.0,95.0,23.1,27.0,0.7538
2004-09-26 18:00:00,990.0,891.0,908.0,1278.0,765.0,2.2,,7.8,261.0,99.0,21.5,31.4,0.7943
2004-09-26 19:00:00,1066.0,1004.0,795.0,1384.0,1006.0,3.3,,10.7,371.0,127.0,20.3,35.5,0.833
2004-09-26 20:00:00,971.0,870.0,911.0,1287.0,798.0,2.1,,7.3,266.0,98.0,19.6,36.3,0.8193
2004-09-26 21:00:00,963.0,887.0,853.0,1311.0,938.0,1.8,,7.7,268.0,112.0,18.7,39.7,0.8482
2004-09-26 22:00:00,1010.0,925.0,829.0,1351.0,996.0,1.9,,8.6,294.0,115.0,18.0,42.7,0.8745
2004-09-26 23:00:00,1054.0,978.0,768.0,1398.0,1109.0,2.3,,10.0,303.0,114.0,17.1,47.6,0.9208
2004-09-27 00:00:00,998.0,920.0,802.0,1365.0,1042.0,1.9,,8.5,241.0,103.0,16.6,51.3,0.9634
2004-09-27 01:00:00,919.0,802.0,891.0,1265.0,940.0,1.3,,5.8,142.0,81.0,15.9,55.2,0.9881
2004-09-27 02:00:00,884.0,764.0,921.0,1247.0,900.0,1.0,,5.0,110.0,75.0,14.9,58.9,0.9891
2004-09-27 03:00:00,803.0,648.0,1079.0,1178.0,774.0,0.6,,2.9,,,14.1,61.0,0.9799
2004-09-27 04:00:00,820.0,674.0,1024.0,1188.0,790.0,0.6,,3.4,104.0,64.0,14.0,62.6,0.9948
2004-09-27 05:00:00,894.0,794.0,889.0,1266.0,908.0,0.9,,5.6,179.0,71.0,14.1,61.7,0.9844
2004-09-27 06:00:00,988.0,941.0,801.0,1399.0,1035.0,1.5,,9.0,361.0,99.0,14.4,60.3,0.9802
2004-09-27 07:00:00,1372.0,1477.0,542.0,1973.0,1556.0,5.5,,26.9,799.0,132.0,15.0,57.7,0.9778
2004-09-27 08:00:00,1209.0,1262.0,618.0,1708.0,1392.0,4.0,,18.8,614.0,135.0,16.9,50.3,0.958
2004-09-27 09:00:00,951.0,908.0,873.0,1314.0,904.0,1.8,,8.2,275.0,94.0,19.7,40.2,0.9108
2004-09-27 10:00:00,992.0,943.0,847.0,1351.0,936.0,1.9,,9.1,325.0,103.0,22.2,33.6,0.8886
2004-09-27 11:00:00,964.0,947.0,862.0,1328.0,907.0,1.7,,9.2,327.0,123.0,23.7,29.6,0.8537
2004-09-27 12:00:00,917.0,910.0,886.0,1275.0,744.0,1.6,,8.3,252.0,95.0,21.9,30.7,0.7961
2004-09-27 13:00:00,937.0,942.0,852.0,1276.0,773.0,1.9,,9.1,226.0,90.0,22.3,29.5,0.7838
2004-09-27 14:00:00,961.0,949.0,853.0,1306.0,812.0,1.6,,9.2,230.0,99.0,23.8,27.0,0.7845
2004-09-27 15:00:00,969.0,962.0,829.0,1316.0,856.0,1.8,,9.6,244.0,107.0,23.3,28.3,0.8012
2004-09-27 16:00:00,1020.0,1042.0,788.0,1401.0,927.0,2.0,,11.8,251.0,112.0,24.2,27.2,0.8128
2004-09-27 17:00:00,1107.0,1219.0,683.0,1582.0,1131.0,3.1,,17.3,346.0,132.0,25.1,25.8,0.8065
2004-09-27 18:00:00,1119.0,1233.0,670.0,1539.0,1270.0,3.9,,17.8,407.0,148.0,22.3,29.2,0.7773
2004-09-27 19:00:00,1173.0,1322.0,633.0,1679.0,1365.0,4.3,,20.9,490.0,158.0,20.8,32.5,0.7873
2004-09-27 20:00:00,1097.0,1144.0,702.0,1517.0,1274.0,3.5,,14.9,434.0,145.0,19.1,36.8,0.8066
2004-09-27 21:00:00,1018.0,1024.0,758.0,1400.0,1169.0,2.4,,11.3,345.0,128.0,18.1,39.9,0.8232
2004-09-27 22:00:00,932.0,914.0,837.0,1298.0,1000.0,1.5,,8.4,192.0,105.0,17.4,42.8,0.8463
2004-09-27 23:00:00,897.0,849.0,891.0,1253.0,910.0,1.3,,6.8,157.0,90.0,16.7,46.6,0.8793
2004-09-28 00:00:00,840.0,758.0,994.0,1189.0,829.0,1.0,,4.9,148.0,85.0,17.1,46.8,0.9054
2004-09-28 01:00:00,802.0,680.0,1091.0,1137.0,756.0,0.8,,3.5,105.0,73.0,15.3,51.9,0.8982
2004-09-28 02:00:00,765.0,637.0,1138.0,1113.0,742.0,0.5,,2.8,141.0,74.0,15.0,52.8,0.8929
2004-09-28 03:00:00,741.0,595.0,1191.0,1080.0,686.0,0.4,,2.1,,,14.4,54.5,0.8887
2004-09-28 04:00:00,748.0,595.0,1208.0,1089.0,677.0,0.5,,2.2,107.0,61.0,12.8,59.8,0.8801
2004-09-28 05:00:00,791.0,704.0,1057.0,1154.0,748.0,0.7,,3.9,166.0,69.0,11.9,62.7,0.8726
2004-09-28 06:00:00,875.0,871.0,890.0,1253.0,890.0,1.2,,7.3,241.0,82.0,12.1,62.6,0.8825
2004-09-28 07:00:00,1085.0,1164.0,707.0,1503.0,1155.0,2.4,,15.5,368.0,120.0,13.5,58.2,0.8944
2004-09-28 08:00:00,1268.0,1482.0,550.0,1849.0,1533.0,4.3,,27.1,498.0,135.0,14.4,55.7,0.9087
2004-09-28 09:00:00,1236.0,1332.0,601.0,1683.0,1550.0,4.1,,21.3,641.0,152.0,17.8,45.7,0.9224
2004-09-28 10:00:00,1274.0,1294.0,615.0,1595.0,2236.0,3.7,,19.9,667.0,177.0,21.0,37.2,0.9155
2004-09-28 11:00:00,1250.0,1280.0,618.0,1663.0,2178.0,3.4,,19.4,550.0,181.0,24.5,29.8,0.9008
2004-09-28 12:00:00,1224.0,1347.0,602.0,1670.0,1901.0,3.8,,21.8,483.0,176.0,26.4,26.4,0.8969
2004-09-28 13:00:00,1220.0,1344.0,605.0,1676.0,1743.0,4.1,,21.7,524.0,163.0,25.2,26.8,0.8451
2004-09-28 14:00:00,1166.0,1265.0,640.0,1570.0,1502.0,3.4,,18.9,481.0,174.0,26.1,24.8,0.8283
2004-09-28 15:00:00,1050.0,1084.0,748.0,1402.0,1153.0,2.3,,13.0,305.0,117.0,26.2,24.4,0.8174
2004-09-28 16:00:00,1174.0,1264.0,670.0,1598.0,1287.0,3.2,,18.8,396.0,145.0,28.9,21.3,0.8382
2004-09-28 17:00:00,1323.0,1474.0,554.0,1854.0,1547.0,4.8,,26.8,501.0,173.0,28.0,23.3,0.8681
2004-09-28 18:00:00,1432.0,1706.0,488.0,2098.0,1842.0,6.7,,36.9,702.0,204.0,24.7,27.9,0.8559
2004-09-28 19:00:00,1479.0,1756.0,466.0,2165.0,1908.0,7.5,,39.3,755.0,209.0,23.0,33.6,0.9302
2004-09-28 20:00:00,1309.0,1379.0,555.0,1841.0,1693.0,4.5,,23.1,524.0,175.0,20.9,45.8,1.1159
2004-09-28 21:00:00,1089.0,1037.0,707.0,1480.0,1336.0,2.1,,11.6,247.0,129.0,19.8,48.6,1.113
2004-09-28 22:00:00,1009.0,911.0,788.0,1359.0,1177.0,1.5,,8.3,196.0,111.0,19.8,47.7,1.0885
2004-09-28 23:00:00,930.0,796.0,883.0,1263.0,977.0,1.1,,5.7,135.0,85.0,18.6,49.1,1.0435
2004-09-29 00:00:00,929.0,805.0,879.0,1270.0,974.0,1.1,,5.9,146.0,86.0,17.2,53.9,1.0498
2004-09-29 01:00:00,872.0,718.0,981.0,1223.0,872.0,0.9,,4.1,106.0,71.0,16.3,56.8,1.047
2004-09-29 02:00:00,790.0,601.0,1150.0,1157.0,734.0,0.5,,2.2,70.0,60.0,17.4,53.4,1.0541
2004-09-29 03:00:00,793.0,581.0,1169.0,1152.0,668.0,0.4,,2.0,,,15.5,58.8,1.0309
2004-09-29 04:00:00,789.0,596.0,1145.0,1161.0,698.0,,,2.2,62.0,48.0,14.6,62.1,1.0236
2004-09-29 05:00:00,769.0,586.0,1221.0,1134.0,650.0,0.4,,2.0,60.0,45.0,17.1,52.5,1.013
2004-09-29 06:00:00,852.0,713.0,1029.0,1203.0,749.0,0.7,,4.0,92.0,53.0,15.2,58.3,0.9986
2004-09-29 07:00:00,1100.0,1097.0,739.0,1516.0,1106.0,2.0,,13.4,277.0,94.0,14.9,59.2,0.9985
2004-09-29 08:00:00,1326.0,1504.0,510.0,1968.0,1609.0,4.2,,28.0,600.0,122.0,15.1,59.0,1.0086
2004-09-29 09:00:00,1433.0,1518.0,499.0,1973.0,1770.0,5.2,,28.6,693.0,170.0,19.0,47.8,1.0434
2004-09-29 10:00:00,1310.0,1334.0,573.0,1747.0,1633.0,3.8,,21.4,617.0,174.0,22.4,38.8,1.04
2004-09-29 11:00:00,1304.0,1272.0,593.0,1673.0,1583.0,3.7,,19.1,569.0,191.0,25.4,33.3,1.0679
2004-09-29 12:00:00,1286.0,1286.0,593.0,1728.0,1449.0,3.4,,19.6,409.0,179.0,27.2,30.4,1.081
2004-09-29 13:00:00,1217.0,1175.0,621.0,1644.0,1451.0,3.1,,15.8,335.0,148.0,25.5,34.8,1.1152
2004-09-29 14:00:00,1104.0,1099.0,698.0,1483.0,1147.0,2.4,,13.5,290.0,129.0,26.4,28.5,0.9658
2004-09-29 15:00:00,1143.0,1176.0,677.0,1551.0,1108.0,2.8,,15.9,312.0,148.0,27.7,25.1,0.9158
2004-09-29 16:00:00,1205.0,1295.0,626.0,1613.0,1267.0,3.6,,19.9,440.0,184.0,28.6,23.2,0.8917
2004-09-29 17:00:00,1276.0,1340.0,597.0,1677.0,1303.0,4.0,,21.6,450.0,188.0,27.2,26.3,0.9317
2004-09-29 18:00:00,1440.0,1573.0,491.0,1997.0,1643.0,5.6,,31.0,578.0,204.0,25.3,33.0,1.0473
2004-09-29 19:00:00,1467.0,1643.0,467.0,2088.0,1749.0,6.3,,34.1,615.0,201.0,23.2,36.9,1.0346
2004-09-29 20:00:00,1339.0,1373.0,541.0,1797.0,1585.0,4.7,,22.8,536.0,165.0,21.6,43.3,1.1019
2004-09-29 21:00:00,1108.0,1061.0,685.0,1454.0,1315.0,1.9,,12.3,238.0,133.0,21.1,44.8,1.1088
2004-09-29 22:00:00,1116.0,1012.0,699.0,1445.0,1290.0,1.9,,10.9,249.0,125.0,19.7,49.3,1.1148
2004-09-29 23:00:00,981.0,860.0,812.0,1298.0,1059.0,1.2,,7.1,150.0,101.0,20.3,47.8,1.1281
2004-09-30 00:00:00,947.0,798.0,869.0,1276.0,943.0,0.9,,5.7,108.0,79.0,19.4,50.3,1.1201
2004-09-30 01:00:00,939.0,776.0,879.0,1259.0,913.0,,,5.3,,,18.3,53.1,1.1056
2004-09-30 02:00:00,862.0,644.0,1030.0,1173.0,720.0,,,2.9,,,17.5,56.1,1.1103
2004-09-30 03:00:00,827.0,577.0,1138.0,1143.0,640.0,,,1.9,,,19.2,50.3,1.1087
2004-09-30 04:00:00,879.0,611.0,1036.0,1189.0,779.0,,,2.4,,,16.6,59.6,1.117
2004-09-30 05:00:00,911.0,710.0,932.0,1226.0,850.0,,,4.0,,,17.5,57.1,1.1311
2004-09-30 06:00:00,1051.0,901.0,778.0,1379.0,1020.0,,,8.1,,,17.6,57.6,1.1471
2004-09-30 07:00:00,1496.0,1425.0,520.0,1946.0,1605.0,,,24.8,,,18.0,57.0,1.1665
2004-09-30 08:00:00,1610.0,1692.0,436.0,2197.0,1866.0,,,36.3,,,18.5,55.9,1.1779
2004-09-30 09:00:00,1428.0,1321.0,544.0,1779.0,1621.0,,,20.9,,,18.6,57.2,1.2146
2004-09-30 10:00:00,1459.0,1356.0,525.0,1795.0,1712.0,,,22.2,,,20.2,53.0,1.2407
2004-09-30 11:00:00,1486.0,1390.0,504.0,1835.0,1770.0,,,23.5,,,21.3,50.1,1.2539
2004-09-30 12:00:00,1158.0,1008.0,695.0,1489.0,1175.0,1.7,,10.8,,,24.6,42.8,1.3053
2004-09-30 13:00:00,1200.0,1021.0,678.0,1510.0,1157.0,1.7,,11.2,223.0,101.0,24.6,44.1,1.3477
2004-09-30 14:00:00,1290.0,1151.0,613.0,1638.0,1219.0,2.2,,15.1,267.0,113.0,25.6,43.4,1.4049
2004-09-30 15:00:00,1366.0,1223.0,578.0,1744.0,1288.0,2.8,,17.4,308.0,121.0,26.1,42.6,1.4172
2004-09-30 16:00:00,1505.0,1388.0,516.0,1978.0,1503.0,3.9,,23.4,422.0,146.0,25.8,44.8,1.4644
2004-09-30 17:00:00,1728.0,1683.0,419.0,2365.0,1861.0,6.5,,35.9,623.0,188.0,25.4,47.9,1.5346
2004-09-30 18:00:00,1673.0,1643.0,436.0,2259.0,1781.0,6.3,,34.0,572.0,182.0,24.6,50.0,1.5241
2004-09-30 19:00:00,1636.0,1553.0,449.0,2130.0,1745.0,5.7,,30.1,514.0,166.0,23.6,54.4,1.5687
2004-09-30 20:00:00,1468.0,1296.0,529.0,1854.0,1590.0,4.4,,20.0,414.0,142.0,22.6,59.5,1.6155
2004-09-30 21:00:00,1180.0,997.0,677.0,1549.0,1127.0,1.6,,10.5,143.0,84.0,22.1,61.3,1.6133
2004-09-30 22:00:00,1138.0,938.0,700.0,1500.0,1098.0,1.5,,9.0,147.0,87.0,22.1,61.3,1.6053
2004-09-30 23:00:00,1192.0,1004.0,665.0,1577.0,1176.0,1.7,,10.7,159.0,91.0,21.1,64.7,1.5956
2004-10-01 00:00:00,1176.0,993.0,659.0,1572.0,1178.0,1.9,,10.4,206.0,91.0,20.3,66.4,1.5591
2004-10-01 01:00:00,1137.0,967.0,687.0,1557.0,1091.0,1.6,,9.7,140.0,74.0,19.4,69.3,1.5418
2004-10-01 02:00:00,1035.0,851.0,764.0,1465.0,1002.0,1.3,,6.9,132.0,69.0,19.0,70.8,1.5417
2004-10-01 03:00:00,943.0,709.0,893.0,1348.0,876.0,0.8,,4.0,,,20.2,65.8,1.5442
2004-10-01 04:00:00,904.0,655.0,968.0,1326.0,824.0,0.6,,3.0,81.0,54.0,19.8,67.2,1.5322
2004-10-01 05:00:00,966.0,726.0,872.0,1371.0,892.0,0.7,,4.3,120.0,60.0,19.0,70.3,1.5308
2004-10-01 06:00:00,1124.0,972.0,674.0,1568.0,1092.0,1.6,,9.8,279.0,69.0,18.8,71.8,1.5372
2004-10-01 07:00:00,1348.0,1217.0,559.0,1816.0,1413.0,2.9,,17.2,392.0,91.0,20.2,66.3,1.555
2004-10-01 08:00:00,1499.0,1501.0,469.0,2130.0,1565.0,4.1,,27.9,433.0,97.0,20.8,64.3,1.563
2004-10-01 09:00:00,1427.0,1311.0,503.0,1900.0,1594.0,3.7,,20.5,531.0,114.0,22.3,59.3,1.5705
2004-10-01 10:00:00,1473.0,1330.0,497.0,1908.0,1677.0,3.6,,21.2,619.0,129.0,23.2,56.6,1.5929
2004-10-01 11:00:00,1440.0,1294.0,506.0,1879.0,1616.0,3.4,,19.9,522.0,137.0,23.8,54.7,1.587
2004-10-01 12:00:00,1474.0,1326.0,485.0,1943.0,1610.0,3.7,,21.1,505.0,134.0,23.5,56.2,1.6048
2004-10-01 13:00:00,1485.0,1359.0,477.0,2005.0,1614.0,4.1,,22.3,465.0,132.0,23.9,54.4,1.5963
2004-10-01 14:00:00,,,,,,3.2,,,383.0,123.0,,,
2004-10-01 15:00:00,1306.0,1079.0,603.0,1668.0,1286.0,2.4,,12.9,278.0,105.0,25.4,47.4,1.517
2004-10-01 16:00:00,1464.0,1251.0,530.0,1853.0,1487.0,3.4,,18.4,372.0,136.0,26.4,45.4,1.54
2004-10-01 17:00:00,1629.0,1466.0,458.0,2130.0,1703.0,5.6,,26.5,540.0,169.0,25.8,46.9,1.5375
2004-10-01 18:00:00,1629.0,1536.0,435.0,2205.0,1773.0,,,29.4,,,25.3,49.6,1.5805
2004-10-01 19:00:00,1707.0,1637.0,411.0,2338.0,1848.0,,,33.7,,,24.2,54.3,1.6117
2004-10-01 20:00:00,1424.0,1293.0,524.0,1902.0,1550.0,,,19.9,,,22.8,58.1,1.5951
2004-10-01 21:00:00,1297.0,1100.0,598.0,1710.0,1350.0,,,13.5,,,21.5,63.2,1.5993
2004-10-01 22:00:00,1214.0,1022.0,645.0,1592.0,1235.0,,,11.2,,,21.3,63.0,1.5798
2004-10-01 23:00:00,1160.0,944.0,686.0,1523.0,1162.0,,,9.1,,,20.8,64.1,1.554
2004-10-02 00:00:00,1232.0,1012.0,642.0,1595.0,1211.0,,,10.9,,,20.6,64.0,1.5346
2004-10-02 01:00:00,1134.0,914.0,699.0,1512.0,1097.0,,,8.4,,,20.6,63.4,1.519
2004-10-02 02:00:00,1071.0,860.0,742.0,1500.0,1021.0,,,7.1,,,20.4,64.4,1.522
2004-10-02 03:00:00,968.0,730.0,858.0,1388.0,913.0,,,4.3,,,21.3,61.0,1.529
2004-10-02 04:00:00,994.0,711.0,867.0,1384.0,909.0,,,4.0,,,20.5,64.0,1.5247
2004-10-02 05:00:00,1046.0,804.0,774.0,1458.0,983.0,,,5.8,,,20.3,65.3,1.5321
2004-10-02 06:00:00,1066.0,827.0,751.0,1479.0,1024.0,,,6.3,,,20.1,65.9,1.5321
2004-10-02 07:00:00,1277.0,1061.0,612.0,1691.0,1243.0,,,12.3,,,20.2,65.6,1.5368
2004-10-02 08:00:00,1290.0,1093.0,592.0,1677.0,1253.0,,,13.3,,,21.1,62.8,1.5481
2004-10-02 09:00:00,1268.0,1066.0,608.0,1665.0,1240.0,,,12.5,,,22.5,57.5,1.5518
2004-10-02 10:00:00,1243.0,997.0,648.0,1587.0,1155.0,,,10.5,,,24.2,51.9,1.5426
2004-10-02 11:00:00,1300.0,1053.0,614.0,1650.0,1193.0,,,12.1,,,25.2,48.9,1.5437
2004-10-02 12:00:00,1278.0,1053.0,630.0,1641.0,1153.0,,,12.1,,,25.8,47.8,1.5662
2004-10-02 13:00:00,1249.0,1023.0,639.0,1640.0,1034.0,,,11.2,,,25.7,49.2,1.5988
2004-10-02 14:00:00,1145.0,867.0,739.0,1499.0,870.0,,,7.2,,,25.8,49.6,1.6213
2004-10-02 15:00:00,1199.0,928.0,704.0,1533.0,890.0,,,8.7,,,25.7,48.8,1.5913
2004-10-02 16:00:00,1236.0,962.0,690.0,1589.0,946.0,,,9.6,,,26.5,45.9,1.5626
2004-10-02 17:00:00,1289.0,1037.0,638.0,1648.0,1033.0,,,11.6,,,25.4,48.9,1.565
2004-10-02 18:00:00,1299.0,1072.0,617.0,1688.0,1107.0,,,12.7,,,24.4,52.5,1.583
2004-10-02 19:00:00,1506.0,1315.0,512.0,1954.0,1395.0,,,20.7,,,23.9,54.6,1.5936
2004-10-02 20:00:00,1432.0,1234.0,553.0,1849.0,1342.0,,,17.8,,,22.9,57.9,1.5958
2004-10-02 21:00:00,1193.0,1021.0,666.0,1633.0,1152.0,,,11.2,,,22.1,61.1,1.6012
2004-10-02 22:00:00,1188.0,1007.0,668.0,1577.0,1128.0,,,10.8,,,20.8,65.6,1.5898
2004-10-02 23:00:00,1162.0,953.0,691.0,1526.0,1104.0,,,9.4,,,21.7,60.8,1.563
2004-10-03 00:00:00,1106.0,921.0,720.0,1506.0,1055.0,,,8.5,,,21.1,62.8,1.5505
2004-10-03 01:00:00,1037.0,836.0,788.0,1467.0,904.0,,,6.5,,,20.7,63.2,1.524
2004-10-03 02:00:00,982.0,768.0,850.0,1416.0,835.0,,,5.1,,,21.2,61.5,1.5241
2004-10-03 03:00:00,944.0,740.0,881.0,1412.0,781.0,,,4.5,,,20.3,64.6,1.518
2004-10-03 04:00:00,929.0,703.0,908.0,1391.0,761.0,,,3.9,,,20.2,64.4,1.5035
2004-10-03 05:00:00,906.0,672.0,948.0,1377.0,742.0,,,3.3,,,20.1,65.3,1.5153
2004-10-03 06:00:00,907.0,665.0,972.0,1370.0,779.0,,,3.2,,,19.9,66.0,1.5141
2004-10-03 07:00:00,1013.0,781.0,829.0,1469.0,894.0,,,5.4,,,19.8,66.4,1.5145
2004-10-03 08:00:00,1055.0,795.0,800.0,1476.0,927.0,,,5.6,,,20.4,64.1,1.5178
2004-10-03 09:00:00,1138.0,880.0,727.0,1538.0,1034.0,,,7.5,,,21.6,60.8,1.5496
2004-10-03 10:00:00,1250.0,1003.0,647.0,1638.0,1217.0,,,10.7,,,23.5,54.5,1.5553
2004-10-03 11:00:00,1165.0,916.0,711.0,1517.0,1093.0,,,8.4,,,25.7,46.6,1.5105
2004-10-03 12:00:00,1229.0,1025.0,663.0,1588.0,1073.0,,,11.3,,,26.6,43.7,1.5031
2004-10-03 13:00:00,1168.0,911.0,715.0,1517.0,969.0,,,8.3,,,27.4,41.8,1.5056
2004-10-03 14:00:00,1092.0,814.0,794.0,1446.0,777.0,,,6.0,,,27.4,42.8,1.5344
2004-10-03 15:00:00,1109.0,843.0,769.0,1458.0,743.0,,,6.7,,,27.1,43.3,1.5255
2004-10-03 16:00:00,1133.0,823.0,775.0,1449.0,777.0,,,6.2,,,26.9,44.4,1.551
2004-10-03 17:00:00,1192.0,887.0,716.0,1488.0,819.0,,,7.7,,,26.9,44.4,1.5538
2004-10-03 18:00:00,1298.0,1015.0,647.0,1619.0,1056.0,,,11.0,,,24.7,51.9,1.5868
2004-10-03 19:00:00,1524.0,1320.0,514.0,1925.0,1481.0,,,20.8,,,23.7,55.6,1.6074
2004-10-03 20:00:00,1540.0,1336.0,498.0,1929.0,1590.0,,,21.4,,,22.7,59.6,1.6261
2004-10-03 21:00:00,1190.0,992.0,654.0,1587.0,1211.0,,,10.4,,,21.9,61.4,1.5946
2004-10-03 22:00:00,1092.0,911.0,735.0,1506.0,1052.0,,,8.3,,,22.0,59.8,1.562
2004-10-03 23:00:00,1079.0,890.0,745.0,1522.0,1000.0,,,7.8,,,20.5,64.9,1.5473
2004-10-04 00:00:00,995.0,789.0,828.0,1432.0,874.0,,,5.5,,,19.8,66.9,1.5277
2004-10-04 01:00:00,960.0,772.0,838.0,1431.0,852.0,,,5.2,,,18.4,71.6,1.4997
2004-10-04 02:00:00,890.0,666.0,969.0,1323.0,728.0,,,3.2,,,18.9,68.6,1.4818
2004-10-04 03:00:00,860.0,632.0,1037.0,1322.0,713.0,,,2.7,,,17.8,72.3,1.4546
2004-10-04 04:00:00,860.0,652.0,997.0,1326.0,734.0,,,3.0,,,17.1,73.9,1.4262
2004-10-04 05:00:00,883.0,713.0,937.0,1351.0,777.0,,,4.0,,,17.7,70.3,1.4088
2004-10-04 06:00:00,929.0,795.0,858.0,1373.0,815.0,,,5.6,,,17.1,71.8,1.3936
2004-10-04 07:00:00,1100.0,1018.0,706.0,1573.0,1002.0,,,11.1,,,18.3,67.5,1.4044
2004-10-04 08:00:00,1257.0,1299.0,550.0,1864.0,1302.0,,,20.1,,,18.5,67.0,1.4135
2004-10-04 09:00:00,1402.0,1393.0,505.0,1967.0,1542.0,,,23.6,,,19.9,61.7,1.4193
2004-10-04 10:00:00,1376.0,1324.0,527.0,1886.0,1571.0,,,21.0,,,22.9,52.6,1.4519
2004-10-04 11:00:00,1374.0,1346.0,519.0,1910.0,1614.0,,,21.8,,,24.2,49.0,1.4586
2004-10-04 12:00:00,1381.0,1355.0,516.0,1931.0,1583.0,,,22.1,,,25.8,44.7,1.459
2004-10-04 13:00:00,1282.0,1247.0,561.0,1829.0,1285.0,,,18.2,,,26.0,44.5,1.4731
2004-10-04 14:00:00,1188.0,1124.0,625.0,1655.0,1094.0,,,14.2,,,27.1,40.2,1.4217
2004-10-04 15:00:00,1227.0,1147.0,612.0,1707.0,1113.0,,,14.9,,,27.4,39.8,1.4318
2004-10-04 16:00:00,1364.0,1328.0,528.0,1898.0,1395.0,,,21.1,,,28.9,36.3,1.4291
2004-10-04 17:00:00,1531.0,1558.0,451.0,2181.0,1620.0,,,30.3,,,28.4,37.5,1.4251
2004-10-04 18:00:00,1694.0,1805.0,391.0,2523.0,1882.0,,,41.6,,,26.0,43.9,1.4562
2004-10-04 19:00:00,1723.0,1866.0,378.0,2612.0,2006.0,,,44.7,,,24.3,49.6,1.486
2004-10-04 20:00:00,1356.0,1331.0,520.0,1925.0,1643.0,,,21.3,,,23.3,53.0,1.4939
2004-10-04 21:00:00,1084.0,979.0,699.0,1539.0,1239.0,,,10.0,,,22.6,55.1,1.4899
2004-10-04 22:00:00,1039.0,936.0,731.0,1499.0,1121.0,,,8.9,,,21.2,59.3,1.4787
2004-10-04 23:00:00,1011.0,875.0,787.0,1446.0,1012.0,,,7.4,,,20.6,60.9,1.4642
2004-10-05 00:00:00,968.0,831.0,810.0,1425.0,961.0,,,6.4,,,20.0,63.1,1.4592
2004-10-05 01:00:00,867.0,693.0,971.0,1335.0,825.0,,,3.7,,,19.7,63.4,1.4383
2004-10-05 02:00:00,820.0,620.0,1081.0,1270.0,703.0,,,2.5,,,20.8,58.8,1.4305
2004-10-05 03:00:00,826.0,631.0,1072.0,1280.0,752.0,,,2.7,,,17.8,69.8,1.4058
2004-10-05 04:00:00,835.0,620.0,1053.0,1260.0,741.0,,,2.5,,,18.8,65.3,1.4023
2004-10-05 05:00:00,887.0,717.0,955.0,1334.0,786.0,,,4.1,,,17.6,69.5,1.3889
2004-10-05 06:00:00,990.0,889.0,763.0,1450.0,952.0,,,7.8,,,17.4,69.7,1.3714
2004-10-05 07:00:00,1511.0,1569.0,476.0,2195.0,1601.0,,,30.8,,,17.4,70.1,1.3783
2004-10-05 08:00:00,1352.0,1465.0,491.0,1998.0,1621.0,,,26.4,,,18.5,65.5,1.3787
2004-10-05 09:00:00,1337.0,1339.0,525.0,1870.0,1622.0,,,21.6,,,20.6,58.5,1.4054
2004-10-05 10:00:00,1435.0,1373.0,513.0,1910.0,1759.0,,,22.8,,,23.9,48.7,1.4269
2004-10-05 11:00:00,1377.0,1276.0,539.0,1790.0,1666.0,,,19.3,,,26.0,43.8,1.4499
2004-10-05 12:00:00,1562.0,1559.0,453.0,2130.0,1918.0,,,30.4,,,28.6,37.3,1.4423
2004-10-05 13:00:00,1358.0,1389.0,516.0,1886.0,1525.0,,,23.4,,,27.9,38.0,1.4029
2004-10-05 14:00:00,1301.0,1212.0,575.0,1717.0,1332.0,,,17.1,,,28.4,37.6,1.4282
2004-10-05 15:00:00,1255.0,1136.0,611.0,1675.0,1183.0,,,14.6,,,28.5,37.3,1.4329
2004-10-05 16:00:00,1410.0,1340.0,533.0,1841.0,1414.0,,,21.6,,,30.8,31.8,1.3908
2004-10-05 17:00:00,1578.0,1595.0,459.0,2181.0,1680.0,,,31.9,,,29.7,33.1,1.3546
2004-10-05 18:00:00,1700.0,1782.0,401.0,2403.0,2004.0,,,40.5,,,27.0,40.2,1.4158
2004-10-05 19:00:00,1778.0,1805.0,380.0,2473.0,2094.0,,,41.6,,,25.6,47.5,1.539
2004-10-05 20:00:00,1539.0,1402.0,475.0,2018.0,1780.0,,,23.9,,,23.9,57.2,1.6774
2004-10-05 21:00:00,1409.0,1304.0,500.0,1829.0,1640.0,,,20.3,,,22.7,60.8,1.6582
2004-10-05 22:00:00,1231.0,1077.0,602.0,1580.0,1379.0,,,12.8,,,21.8,59.9,1.5492
2004-10-05 23:00:00,1092.0,928.0,688.0,1470.0,1139.0,,,8.7,,,22.4,58.3,1.561
2004-10-06 00:00:00,1036.0,850.0,760.0,1411.0,1001.0,,,6.8,,,21.7,60.2,1.5442
2004-10-06 01:00:00,984.0,780.0,810.0,1377.0,910.0,,,5.3,,,21.2,61.4,1.5258
2004-10-06 02:00:00,950.0,743.0,841.0,1377.0,895.0,,,4.6,,,19.3,68.4,1.513
2004-10-06 03:00:00,889.0,665.0,943.0,1310.0,805.0,,,3.2,,,19.8,65.1,1.49
2004-10-06 04:00:00,865.0,636.0,992.0,1285.0,761.0,,,2.8,,,20.0,62.9,1.4495
2004-10-06 05:00:00,917.0,686.0,933.0,1304.0,805.0,,,3.6,,,18.3,68.5,1.4291
2004-10-06 06:00:00,997.0,823.0,804.0,1395.0,894.0,,,6.2,,,18.1,68.5,1.4067
2004-10-06 07:00:00,1433.0,1409.0,506.0,1972.0,1439.0,,,24.2,,,17.6,70.5,1.4057
2004-10-06 08:00:00,1516.0,1596.0,429.0,2183.0,1706.0,,,32.0,,,18.3,67.8,1.4091
2004-10-06 09:00:00,1528.0,1449.0,473.0,2039.0,1756.0,,,25.8,,,20.4,61.2,1.447
2004-10-06 10:00:00,1347.0,1186.0,560.0,1713.0,1493.0,,,16.2,,,22.5,55.6,1.499
2004-10-06 11:00:00,1392.0,1231.0,530.0,1771.0,1567.0,,,17.7,,,25.7,46.4,1.507
2004-10-06 12:00:00,1359.0,1195.0,542.0,1784.0,1376.0,,,16.5,,,26.8,44.6,1.5467
2004-10-06 13:00:00,1391.0,1249.0,518.0,1845.0,1399.0,,,18.3,,,26.0,46.4,1.5414
2004-10-06 14:00:00,1335.0,1137.0,563.0,1729.0,1293.0,,,14.6,,,26.3,46.0,1.5478
2004-10-06 15:00:00,1402.0,1213.0,530.0,1789.0,1348.0,,,17.1,,,27.4,43.9,1.5811
2004-10-06 16:00:00,1406.0,1216.0,542.0,1772.0,1314.0,,,17.2,,,29.6,36.7,1.4936
2004-10-06 17:00:00,1527.0,1419.0,476.0,1966.0,1507.0,,,24.6,,,28.7,37.3,1.4486
2004-10-06 18:00:00,1559.0,1476.0,463.0,2022.0,1660.0,,,26.9,,,25.7,44.1,1.4331
2004-10-06 19:00:00,1840.0,1852.0,360.0,2553.0,2143.0,,,44.0,,,24.5,49.5,1.5022
2004-10-06 20:00:00,1666.0,1573.0,427.0,2195.0,1968.0,,,31.0,,,23.3,54.4,1.5386
2004-10-06 21:00:00,1336.0,1204.0,542.0,1759.0,1490.0,,,16.8,,,22.4,57.9,1.5449
2004-10-06 22:00:00,1189.0,1014.0,641.0,1553.0,1249.0,,,11.0,,,22.7,55.8,1.5218
2004-10-06 23:00:00,1226.0,1029.0,620.0,1570.0,1265.0,,,11.4,,,20.4,62.4,1.4758
2004-10-07 00:00:00,1171.0,972.0,650.0,1529.0,1181.0,,,9.9,,,20.3,64.2,1.5063
2004-10-07 01:00:00,1002.0,762.0,814.0,1385.0,954.0,,,5.0,,,21.4,60.6,1.5236
2004-10-07 02:00:00,950.0,696.0,894.0,1375.0,875.0,,,3.7,,,20.3,66.3,1.5657
2004-10-07 03:00:00,930.0,660.0,925.0,1321.0,838.0,,,3.1,,,20.9,62.2,1.5182
2004-10-07 04:00:00,924.0,643.0,948.0,1329.0,825.0,,,2.9,,,19.9,66.1,1.5198
2004-10-07 05:00:00,994.0,732.0,852.0,1400.0,882.0,,,4.4,,,19.8,67.1,1.5305
2004-10-07 06:00:00,1089.0,873.0,741.0,1479.0,990.0,,,7.4,,,20.1,64.4,1.4967
2004-10-07 07:00:00,1468.0,1280.0,518.0,1899.0,1423.0,,,19.4,,,19.7,66.4,1.5035
2004-10-07 08:00:00,1696.0,1711.0,383.0,2464.0,1823.0,,,37.1,,,20.9,62.4,1.5226
2004-10-07 09:00:00,1479.0,1357.0,491.0,1937.0,1581.0,,,22.2,,,22.5,57.0,1.5314
2004-10-07 10:00:00,1425.0,1255.0,516.0,1864.0,1500.0,,,18.5,,,23.5,53.4,1.5241
2004-10-07 11:00:00,1279.0,1116.0,587.0,1668.0,1268.0,,,14.0,,,24.7,48.2,1.4802
2004-10-07 12:00:00,1319.0,1165.0,571.0,1743.0,1230.0,,,15.5,,,27.1,40.9,1.4405
2004-10-07 13:00:00,1329.0,1172.0,561.0,1739.0,1204.0,,,15.7,,,25.9,44.2,1.4576
2004-10-07 14:00:00,1327.0,1172.0,566.0,1747.0,1205.0,,,15.7,,,26.9,41.8,1.4555
2004-10-07 15:00:00,1282.0,1075.0,605.0,1651.0,1103.0,,,12.7,,,27.2,40.7,1.4481
2004-10-07 16:00:00,1342.0,1157.0,572.0,1707.0,1195.0,2.9,,15.3,267.0,87.0,28.6,37.6,1.4468
2004-10-07 17:00:00,1623.0,1522.0,447.0,2110.0,1618.0,5.4,,28.8,398.0,111.0,28.0,38.5,1.437
2004-10-07 18:00:00,1576.0,1458.0,463.0,2024.0,1637.0,5.3,,26.1,418.0,119.0,25.2,45.8,1.4464
2004-10-07 19:00:00,1747.0,1709.0,399.0,2370.0,1876.0,6.7,,37.1,515.0,128.0,24.0,50.6,1.4892
2004-10-07 20:00:00,1757.0,1680.0,396.0,2280.0,1959.0,7.0,,35.7,669.0,117.0,23.2,54.7,1.5296
2004-10-07 21:00:00,1331.0,1194.0,559.0,1715.0,1477.0,2.8,,16.5,326.0,92.0,22.3,57.1,1.5219
2004-10-07 22:00:00,1182.0,1016.0,658.0,1572.0,1210.0,1.7,,11.0,209.0,73.0,21.8,58.2,1.5036
2004-10-07 23:00:00,1162.0,1008.0,658.0,1556.0,1160.0,1.7,,10.8,183.0,60.0,20.9,61.3,1.4923
2004-10-08 00:00:00,1147.0,964.0,668.0,1517.0,1116.0,1.7,,9.6,165.0,60.0,20.6,62.0,1.4827
2004-10-08 01:00:00,1040.0,836.0,762.0,1423.0,974.0,1.2,,6.5,111.0,53.0,20.3,62.5,1.472
2004-10-08 02:00:00,920.0,688.0,920.0,1317.0,820.0,0.7,,3.6,67.0,47.0,20.5,62.1,1.4771
2004-10-08 03:00:00,931.0,670.0,931.0,1326.0,792.0,0.7,,3.3,,,18.7,68.5,1.4586
2004-10-08 04:00:00,954.0,731.0,865.0,1360.0,839.0,0.8,,4.4,88.0,43.0,18.2,70.3,1.4498
2004-10-08 05:00:00,981.0,790.0,817.0,1390.0,898.0,0.9,,5.5,147.0,47.0,18.2,70.1,1.4552
2004-10-08 06:00:00,1147.0,1009.0,653.0,1589.0,1096.0,1.7,,10.8,279.0,50.0,18.2,70.0,1.4519
2004-10-08 07:00:00,1606.0,1578.0,440.0,2205.0,1786.0,5.7,,31.2,665.0,81.0,19.4,66.5,1.4801
2004-10-08 08:00:00,1490.0,1424.0,465.0,2033.0,1604.0,4.3,,24.8,592.0,75.0,19.5,66.9,1.4999
2004-10-08 09:00:00,1473.0,1409.0,483.0,1984.0,1637.0,3.9,,24.2,557.0,87.0,21.1,61.1,1.5056
2004-10-08 10:00:00,1582.0,1539.0,435.0,2141.0,1827.0,5.1,,29.5,693.0,128.0,23.2,54.7,1.5349
2004-10-08 11:00:00,1468.0,1323.0,496.0,1913.0,1641.0,3.7,,21.0,530.0,105.0,24.4,52.5,1.5807
2004-10-08 12:00:00,1413.0,1285.0,518.0,1883.0,1505.0,3.3,,19.6,412.0,101.0,26.4,45.8,1.553
2004-10-08 13:00:00,1400.0,1331.0,520.0,1916.0,1465.0,3.6,,21.2,366.0,100.0,27.7,39.2,1.4356
2004-10-08 14:00:00,1361.0,1238.0,548.0,1805.0,1368.0,3.2,,18.0,344.0,98.0,28.0,39.6,1.4738
2004-10-08 15:00:00,1389.0,1311.0,525.0,1845.0,1748.0,3.5,,20.5,339.0,98.0,28.7,38.4,1.486
2004-10-08 16:00:00,1305.0,1167.0,586.0,1690.0,1301.0,2.4,,15.6,297.0,98.0,28.5,39.4,1.5147
2004-10-08 17:00:00,1354.0,1275.0,543.0,1799.0,1338.0,2.9,,19.2,294.0,90.0,28.4,39.8,1.5191
2004-10-08 18:00:00,1352.0,1296.0,534.0,1846.0,1337.0,2.3,,20.0,211.0,84.0,26.4,45.9,1.5572
2004-10-08 19:00:00,1472.0,1327.0,497.0,1895.0,1516.0,3.1,,21.1,323.0,101.0,25.2,49.5,1.5665
2004-10-08 20:00:00,1412.0,1256.0,525.0,1797.0,1435.0,2.9,,18.6,333.0,98.0,24.9,50.9,1.5856
2004-10-08 21:00:00,1221.0,1061.0,619.0,1615.0,1178.0,1.5,,12.3,163.0,76.0,24.6,52.2,1.5951
2004-10-08 22:00:00,1230.0,990.0,652.0,1559.0,1111.0,1.5,,10.3,151.0,71.0,24.0,54.4,1.6049
2004-10-08 23:00:00,1247.0,961.0,666.0,1569.0,1112.0,1.7,,9.6,167.0,71.0,23.8,56.1,1.6298
2004-10-09 00:00:00,1217.0,975.0,665.0,1565.0,1109.0,1.6,,9.9,174.0,66.0,22.3,60.6,1.608
2004-10-09 01:00:00,1158.0,923.0,673.0,1519.0,1072.0,1.3,,8.6,142.0,62.0,21.9,61.5,1.5967
2004-10-09 02:00:00,1150.0,871.0,697.0,1502.0,1030.0,1.4,,7.3,155.0,58.0,21.1,64.5,1.594
2004-10-09 03:00:00,1061.0,785.0,766.0,1447.0,935.0,0.9,,5.4,,,21.0,64.4,1.5828
2004-10-09 04:00:00,1062.0,770.0,780.0,1450.0,922.0,0.9,,5.1,96.0,48.0,21.3,63.9,1.5951
2004-10-09 05:00:00,1157.0,890.0,681.0,1549.0,1054.0,1.3,,7.8,154.0,53.0,20.8,66.7,1.6201
2004-10-09 06:00:00,1167.0,907.0,681.0,1548.0,1082.0,1.3,,8.2,211.0,55.0,20.6,67.5,1.621
2004-10-09 07:00:00,1403.0,1229.0,523.0,1872.0,1365.0,2.9,,17.6,381.0,63.0,20.9,66.3,1.6165
2004-10-09 08:00:00,1453.0,1298.0,489.0,1940.0,1497.0,3.2,,20.1,470.0,69.0,21.5,63.7,1.6186
2004-10-09 09:00:00,1455.0,1260.0,502.0,1868.0,1540.0,3.4,,18.7,464.0,84.0,23.7,56.0,1.6238
2004-10-09 10:00:00,1512.0,1282.0,498.0,1899.0,1554.0,3.6,,19.5,450.0,95.0,26.0,48.2,1.598
2004-10-09 11:00:00,1331.0,1082.0,588.0,1689.0,1252.0,2.3,,13.0,274.0,80.0,28.5,42.4,1.6286
2004-10-09 12:00:00,1472.0,1246.0,512.0,1873.0,1455.0,3.1,,18.2,306.0,87.0,28.1,45.3,1.6957
2004-10-09 13:00:00,1430.0,1187.0,539.0,1812.0,1339.0,3.3,,16.2,308.0,94.0,29.0,43.9,1.7309
2004-10-09 14:00:00,1264.0,1016.0,624.0,1650.0,1062.0,1.9,,11.0,186.0,76.0,28.9,44.3,1.7392
2004-10-09 15:00:00,1378.0,1177.0,548.0,1775.0,1266.0,2.6,,15.9,238.0,92.0,29.6,42.3,1.7248
2004-10-09 16:00:00,1377.0,1123.0,578.0,1716.0,1223.0,2.7,,14.2,249.0,94.0,29.4,42.9,1.7308
2004-10-09 17:00:00,1527.0,1293.0,502.0,1907.0,1469.0,3.7,,19.9,378.0,110.0,28.7,45.1,1.7468
2004-10-09 18:00:00,1573.0,1343.0,470.0,1990.0,1553.0,3.8,,21.7,386.0,109.0,27.0,51.2,1.7928
2004-10-09 19:00:00,1674.0,1447.0,448.0,2065.0,1689.0,4.8,,25.7,461.0,122.0,26.5,52.7,1.7966
2004-10-09 20:00:00,1455.0,1218.0,535.0,1796.0,1387.0,3.5,,17.3,394.0,107.0,26.2,51.7,1.7334
2004-10-09 21:00:00,1242.0,1022.0,630.0,1641.0,1139.0,2.2,,11.2,266.0,83.0,24.8,56.4,1.7447
2004-10-09 22:00:00,1181.0,935.0,701.0,1565.0,960.0,1.5,,8.9,158.0,62.0,24.9,56.0,1.7367
2004-10-09 23:00:00,1468.0,1155.0,565.0,1738.0,1293.0,3.4,,15.2,319.0,89.0,24.5,57.5,1.7433
2004-10-10 00:00:00,1520.0,1217.0,552.0,1812.0,1357.0,3.7,,17.2,409.0,103.0,24.7,56.9,1.7438
2004-10-10 01:00:00,1203.0,1046.0,621.0,1664.0,1103.0,2.0,,11.9,223.0,74.0,23.9,59.2,1.7327
2004-10-10 02:00:00,1096.0,903.0,732.0,1560.0,857.0,1.4,,8.1,107.0,52.0,23.8,60.2,1.7515
2004-10-10 03:00:00,991.0,759.0,845.0,1440.0,658.0,1.1,,4.9,,,23.5,61.3,1.7538
2004-10-10 04:00:00,941.0,686.0,942.0,1406.0,549.0,,,3.6,50.0,38.0,22.8,64.0,1.7507
2004-10-10 05:00:00,952.0,695.0,910.0,1429.0,627.0,0.7,,3.7,56.0,39.0,22.2,65.6,1.7355
2004-10-10 06:00:00,1082.0,825.0,753.0,1526.0,930.0,1.2,,6.3,163.0,59.0,21.3,69.1,1.7275
2004-10-10 07:00:00,1095.0,886.0,705.0,1574.0,1001.0,1.3,,7.7,187.0,56.0,21.3,68.2,1.7127
2004-10-10 08:00:00,1049.0,826.0,765.0,1521.0,917.0,1.1,,6.3,150.0,51.0,22.2,65.2,1.7256
2004-10-10 09:00:00,1055.0,795.0,807.0,1494.0,834.0,1.0,,5.6,103.0,51.0,24.1,59.0,1.7449
2004-10-10 10:00:00,1074.0,767.0,814.0,1489.0,796.0,1.2,,5.1,143.0,58.0,24.3,61.6,1.8468
2004-10-10 11:00:00,1229.0,941.0,680.0,1653.0,1040.0,1.9,,9.0,220.0,68.0,24.8,59.6,1.8351
2004-10-10 12:00:00,1228.0,952.0,668.0,1622.0,1110.0,2.3,,9.3,301.0,81.0,24.5,58.8,1.7838
2004-10-10 13:00:00,1107.0,807.0,768.0,1546.0,836.0,1.6,,5.9,214.0,73.0,21.0,76.8,1.8881
2004-10-10 14:00:00,1031.0,732.0,872.0,1476.0,704.0,1.3,,4.4,162.0,69.0,19.8,78.0,1.7879
2004-10-10 15:00:00,1155.0,804.0,815.0,1510.0,773.0,1.8,,5.8,232.0,81.0,19.4,80.5,1.7917
2004-10-10 16:00:00,1131.0,841.0,784.0,1531.0,811.0,1.7,,6.6,254.0,82.0,19.6,79.1,1.7877
2004-10-10 17:00:00,1143.0,890.0,744.0,1578.0,848.0,1.8,,7.8,224.0,71.0,20.8,73.1,1.7695
2004-10-10 18:00:00,1145.0,915.0,733.0,1586.0,892.0,2.0,,8.4,247.0,81.0,21.1,68.6,1.7014
2004-10-10 19:00:00,1169.0,910.0,726.0,1563.0,992.0,2.2,,8.3,334.0,87.0,21.1,68.3,1.6914
2004-10-10 20:00:00,1105.0,905.0,734.0,1576.0,950.0,1.6,,8.1,239.0,72.0,21.2,67.7,1.6848
2004-10-10 21:00:00,1049.0,817.0,806.0,1517.0,882.0,1.3,,6.1,168.0,63.0,20.8,68.6,1.6719
2004-10-10 22:00:00,1069.0,844.0,767.0,1527.0,883.0,1.5,,6.7,185.0,63.0,20.8,68.1,1.6585
2004-10-10 23:00:00,1073.0,838.0,768.0,1549.0,892.0,1.5,,6.6,178.0,63.0,20.7,68.4,1.6507
2004-10-11 00:00:00,1039.0,817.0,799.0,1502.0,836.0,1.3,,6.1,132.0,55.0,20.1,70.5,1.6384
2004-10-11 01:00:00,1021.0,811.0,794.0,1502.0,837.0,1.4,,6.0,135.0,52.0,20.2,67.9,1.5901
2004-10-11 02:00:00,825.0,536.0,1203.0,1302.0,498.0,0.5,,1.4,39.0,32.0,19.4,70.4,1.5663
2004-10-11 03:00:00,828.0,558.0,1166.0,1304.0,494.0,0.4,,1.7,,,18.8,73.8,1.5885
2004-10-11 04:00:00,847.0,576.0,1139.0,1321.0,507.0,0.4,,1.9,33.0,29.0,17.9,77.7,1.5795
2004-10-11 05:00:00,903.0,679.0,956.0,1385.0,660.0,0.6,,3.4,90.0,44.0,18.2,76.9,1.5945
2004-10-11 06:00:00,1041.0,865.0,757.0,1486.0,902.0,1.1,,7.2,164.0,53.0,18.6,74.9,1.5918
2004-10-11 07:00:00,1314.0,1267.0,559.0,1888.0,1240.0,2.9,,19.0,336.0,62.0,19.6,70.3,1.5821
2004-10-11 08:00:00,1326.0,1416.0,499.0,1971.0,1395.0,3.5,,24.5,366.0,68.0,20.2,66.6,1.5567
2004-10-11 09:00:00,1464.0,1444.0,475.0,2049.0,1625.0,4.6,,25.6,565.0,85.0,19.7,68.9,1.5638
2004-10-11 10:00:00,1313.0,1213.0,564.0,1789.0,1359.0,3.4,,17.1,536.0,88.0,19.2,73.4,1.6192
2004-10-11 11:00:00,1202.0,1058.0,647.0,1623.0,1152.0,2.3,,12.3,416.0,82.0,20.0,69.6,1.607
2004-10-11 12:00:00,1225.0,1155.0,607.0,1738.0,1159.0,2.7,,15.2,379.0,91.0,21.1,64.0,1.5795
2004-10-11 13:00:00,1257.0,1248.0,557.0,1837.0,1179.0,3.1,,18.3,368.0,87.0,20.2,67.4,1.5832
2004-10-11 14:00:00,1271.0,1217.0,566.0,1810.0,1227.0,3.2,,17.2,444.0,90.0,20.2,68.9,1.6074
2004-10-11 15:00:00,1179.0,1120.0,634.0,1667.0,1119.0,2.5,,14.1,352.0,97.0,21.9,57.6,1.4942
2004-10-11 16:00:00,1278.0,1248.0,574.0,1814.0,1243.0,3.4,,18.3,375.0,99.0,23.2,52.0,1.4642
2004-10-11 17:00:00,1435.0,1429.0,499.0,2072.0,1449.0,4.8,,25.0,479.0,109.0,21.7,59.1,1.5115
2004-10-11 18:00:00,1326.0,1356.0,525.0,1966.0,1405.0,4.5,,22.2,448.0,95.0,20.8,61.4,1.4898
2004-10-11 19:00:00,1324.0,1335.0,537.0,1920.0,1444.0,4.0,,21.4,388.0,80.0,19.9,64.2,1.4711
2004-10-11 20:00:00,1206.0,1185.0,592.0,1751.0,1386.0,3.2,,16.2,376.0,76.0,19.7,65.1,1.4769
2004-10-11 21:00:00,1052.0,987.0,700.0,1556.0,1102.0,1.9,,10.3,224.0,62.0,20.0,63.3,1.4672
2004-10-11 22:00:00,1057.0,934.0,743.0,1525.0,1041.0,1.9,,8.9,206.0,57.0,19.0,66.1,1.4415
2004-10-11 23:00:00,952.0,833.0,846.0,1381.0,881.0,1.3,,6.5,143.0,57.0,18.8,60.9,1.3032
2004-10-12 00:00:00,911.0,769.0,919.0,1340.0,791.0,1.1,,5.1,113.0,54.0,18.9,60.7,1.311
2004-10-12 01:00:00,898.0,742.0,915.0,1345.0,796.0,1.0,,4.6,93.0,50.0,18.1,65.2,1.343
2004-10-12 02:00:00,809.0,593.0,1134.0,1277.0,647.0,0.5,,2.1,58.0,44.0,18.3,65.1,1.3529
2004-10-12 03:00:00,823.0,616.0,1072.0,1300.0,716.0,0.6,,2.4,,,18.3,66.9,1.3952
2004-10-12 04:00:00,814.0,666.0,1029.0,1311.0,719.0,0.5,,3.2,56.0,34.0,17.8,67.5,1.3674
2004-10-12 05:00:00,857.0,705.0,982.0,1312.0,733.0,0.8,,3.9,105.0,44.0,16.9,66.7,1.2772
2004-10-12 06:00:00,935.0,810.0,881.0,1356.0,835.0,1.2,,6.0,243.0,74.0,17.8,60.6,1.2276
2004-10-12 07:00:00,1159.0,1110.0,671.0,1650.0,1094.0,2.7,,13.8,492.0,101.0,17.6,60.8,1.2151
2004-10-12 08:00:00,1102.0,1141.0,648.0,1594.0,1114.0,3.0,,14.8,435.0,103.0,17.9,57.8,1.1751
2004-10-12 09:00:00,979.0,917.0,795.0,1398.0,903.0,,,8.4,,,18.1,56.4,1.1645
2004-10-12 10:00:00,998.0,941.0,785.0,1442.0,914.0,,,9.0,,,18.2,55.9,1.1547
2004-10-12 11:00:00,962.0,911.0,793.0,1380.0,872.0,,,8.3,,,19.7,49.1,1.1148
2004-10-12 12:00:00,985.0,957.0,773.0,1426.0,860.0,,,9.5,,,20.8,45.8,1.1126
2004-10-12 13:00:00,1043.0,1053.0,707.0,1514.0,959.0,,,12.1,,,20.5,46.0,1.1
2004-10-12 14:00:00,929.0,875.0,826.0,1365.0,814.0,,,7.4,,,18.9,50.6,1.0927
2004-10-12 15:00:00,946.0,898.0,816.0,1377.0,827.0,,,8.0,,,18.4,51.6,1.0832
2004-10-12 16:00:00,955.0,894.0,818.0,1366.0,804.0,,,7.9,,,17.9,52.6,1.0711
2004-10-12 17:00:00,1004.0,1012.0,730.0,1460.0,906.0,,,10.9,,,17.1,54.2,1.0503
2004-10-12 18:00:00,1037.0,1053.0,708.0,1480.0,958.0,,,12.1,,,16.5,56.2,1.0455
2004-10-12 19:00:00,1066.0,1140.0,670.0,1577.0,1032.0,,,14.7,,,16.7,54.1,1.0212
2004-10-12 20:00:00,890.0,813.0,898.0,1274.0,772.0,,,6.0,,,15.4,57.7,1.0008
2004-10-12 21:00:00,843.0,729.0,990.0,1219.0,618.0,,,4.3,,,15.5,57.1,0.9971
2004-10-12 22:00:00,834.0,716.0,997.0,1205.0,614.0,,,4.1,,,15.6,55.9,0.985
2004-10-12 23:00:00,809.0,659.0,1074.0,1161.0,550.0,,,3.1,,,14.8,58.4,0.9777
2004-10-13 00:00:00,786.0,600.0,1164.0,1132.0,511.0,,,2.2,,,14.8,57.9,0.9662
2004-10-13 01:00:00,747.0,543.0,1276.0,1100.0,469.0,,,1.5,,,14.6,57.6,0.9517
2004-10-13 02:00:00,723.0,485.0,1419.0,1065.0,425.0,,,0.9,,,14.6,57.1,0.9428
2004-10-13 03:00:00,704.0,444.0,1558.0,1050.0,394.0,,,0.5,,,14.4,57.6,0.9416
2004-10-13 04:00:00,709.0,449.0,1590.0,1055.0,392.0,,,0.6,,,14.5,57.4,0.9413
2004-10-13 05:00:00,726.0,466.0,1485.0,1066.0,408.0,,,0.7,,,14.3,58.4,0.9501
2004-10-13 06:00:00,798.0,599.0,1205.0,1141.0,517.0,,,2.2,,,14.7,57.4,0.9564
2004-10-13 07:00:00,925.0,800.0,908.0,1272.0,750.0,,,5.8,,,14.3,58.1,0.9404
2004-10-13 08:00:00,906.0,809.0,878.0,1272.0,787.0,,,5.9,,,14.0,58.3,0.9294
2004-10-13 09:00:00,896.0,809.0,882.0,1257.0,788.0,1.5,,5.9,286.0,78.0,15.4,53.2,0.9246
2004-10-13 10:00:00,882.0,776.0,932.0,1222.0,760.0,1.2,,5.3,281.0,72.0,16.5,49.9,0.9289
2004-10-13 11:00:00,948.0,853.0,859.0,1283.0,839.0,,,6.9,,,17.4,47.6,0.9387
2004-10-13 12:00:00,945.0,886.0,818.0,1307.0,827.0,,,7.7,,,18.0,46.1,0.9401
2004-10-13 13:00:00,942.0,871.0,832.0,1314.0,765.0,,,7.3,,,17.9,46.5,0.9474
2004-10-13 14:00:00,943.0,864.0,831.0,1297.0,814.0,,,7.2,,,17.4,48.3,0.955
2004-10-13 15:00:00,894.0,810.0,892.0,1258.0,737.0,,,6.0,,,16.0,52.6,0.9489
2004-10-13 16:00:00,984.0,910.0,795.0,1348.0,875.0,,,8.3,,,15.3,58.7,1.0154
2004-10-13 17:00:00,1044.0,1022.0,726.0,1454.0,983.0,,,11.2,,,15.2,55.9,0.9572
2004-10-13 18:00:00,981.0,983.0,759.0,1370.0,942.0,,,10.1,,,14.8,56.3,0.9459
2004-10-13 19:00:00,1021.0,1001.0,731.0,1415.0,971.0,,,10.6,,,14.7,57.8,0.9626
2004-10-13 20:00:00,943.0,867.0,834.0,1314.0,891.0,,,7.2,,,14.8,57.3,0.9603
2004-10-13 21:00:00,863.0,732.0,970.0,1207.0,724.0,,,4.4,,,14.9,57.1,0.9581
2004-10-13 22:00:00,847.0,698.0,1013.0,1174.0,719.0,,,3.8,,,15.2,55.5,0.9521
2004-10-13 23:00:00,859.0,698.0,1015.0,1189.0,705.0,,,3.8,,,15.3,55.4,0.9564
2004-10-14 00:00:00,861.0,712.0,1004.0,1197.0,718.0,,,4.0,,,15.1,56.9,0.9673
2004-10-14 01:00:00,786.0,602.0,1146.0,1123.0,584.0,,,2.2,,,15.0,56.4,0.9554
2004-10-14 02:00:00,740.0,506.0,1333.0,1074.0,469.0,,,1.1,,,14.9,56.4,0.9474
2004-10-14 03:00:00,730.0,483.0,1434.0,1065.0,438.0,,,0.8,,,15.2,54.7,0.9394
2004-10-14 04:00:00,728.0,475.0,1436.0,1061.0,432.0,,,0.8,,,15.1,55.4,0.9439
2004-10-14 05:00:00,755.0,517.0,1325.0,1091.0,487.0,,,1.2,,,14.9,56.8,0.9541
2004-10-14 06:00:00,854.0,663.0,1080.0,1189.0,655.0,,,3.2,,,15.2,55.9,0.9589
2004-10-14 07:00:00,1079.0,985.0,758.0,1465.0,1009.0,,,10.2,,,15.3,56.3,0.9684
2004-10-14 08:00:00,1097.0,1103.0,659.0,1520.0,1113.0,,,13.6,,,15.6,55.4,0.9725
2004-10-14 09:00:00,1024.0,976.0,747.0,1386.0,1030.0,,,9.9,,,16.3,53.3,0.9809
2004-10-14 10:00:00,990.0,942.0,776.0,1359.0,986.0,,,9.1,,,20.4,42.2,0.9964
2004-10-14 11:00:00,1013.0,901.0,788.0,1369.0,975.0,,,8.0,,,21.9,39.4,1.0234
2004-10-14 12:00:00,1051.0,968.0,746.0,1442.0,984.0,,,9.7,,,21.5,41.2,1.0399
2004-10-14 13:00:00,1052.0,966.0,726.0,1446.0,982.0,,,9.7,,,22.2,41.4,1.097
2004-10-14 14:00:00,1141.0,1049.0,675.0,1530.0,1117.0,,,12.0,,,21.0,46.8,1.1508
2004-10-14 15:00:00,1130.0,1024.0,679.0,1537.0,1177.0,,,11.3,,,21.9,44.9,1.1635
2004-10-14 16:00:00,1099.0,993.0,711.0,1507.0,1129.0,,,10.4,,,21.5,46.7,1.1837
2004-10-14 17:00:00,1182.0,1064.0,653.0,1616.0,1217.0,,,12.4,,,19.7,56.6,1.2811
2004-10-14 18:00:00,1211.0,1135.0,615.0,1682.0,1234.0,,,14.6,,,18.8,60.8,1.3036
2004-10-14 19:00:00,1340.0,1324.0,537.0,1907.0,1412.0,,,21.0,,,19.3,59.6,1.3195
2004-10-14 20:00:00,1299.0,1237.0,553.0,1804.0,1350.0,,,17.9,,,17.6,69.2,1.3803
2004-10-14 21:00:00,1046.0,872.0,769.0,1479.0,968.0,,,7.3,,,16.4,77.1,1.4243
2004-10-14 22:00:00,949.0,754.0,884.0,1393.0,759.0,,,4.8,,,16.6,77.3,1.4491
2004-10-14 23:00:00,966.0,756.0,908.0,1363.0,741.0,,,4.8,,,15.9,78.1,1.4039
2004-10-15 00:00:00,1062.0,887.0,770.0,1473.0,866.0,,,7.7,,,15.1,82.3,1.4009
2004-10-15 01:00:00,934.0,730.0,906.0,1345.0,757.0,,,4.3,,,14.8,83.8,1.4005
2004-10-15 02:00:00,862.0,649.0,1046.0,1289.0,675.0,,,3.0,,,14.4,84.6,1.3794
2004-10-15 03:00:00,823.0,590.0,1125.0,1241.0,624.0,,,2.1,,,15.8,77.6,1.3792
2004-10-15 04:00:00,839.0,604.0,1097.0,1259.0,605.0,,,2.3,,,15.2,79.4,1.3605
2004-10-15 05:00:00,879.0,681.0,992.0,1312.0,703.0,,,3.5,,,14.8,81.9,1.3735
2004-10-15 06:00:00,1095.0,977.0,725.0,1562.0,998.0,,,10.0,,,14.6,82.9,1.3706
2004-10-15 07:00:00,1359.0,1311.0,544.0,1878.0,1311.0,,,20.5,,,14.8,80.4,1.3428
2004-10-15 08:00:00,1354.0,1358.0,519.0,1942.0,1403.0,,,22.2,,,15.6,77.1,1.3527
2004-10-15 09:00:00,1420.0,1405.0,501.0,1941.0,1573.0,,,24.1,,,17.3,70.9,1.3876
2004-10-15 10:00:00,1265.0,1221.0,578.0,1760.0,1354.0,,,17.4,,,22.2,51.3,1.3543
2004-10-15 11:00:00,1146.0,1122.0,639.0,1659.0,1131.0,,,14.2,,,24.4,43.9,1.3184
2004-10-15 12:00:00,1150.0,1149.0,620.0,1676.0,1113.0,,,15.0,,,22.7,47.6,1.2989
2004-10-15 13:00:00,1282.0,1247.0,560.0,1861.0,1258.0,,,18.3,,,20.5,61.5,1.4673
2004-10-15 14:00:00,1067.0,1085.0,684.0,1548.0,985.0,,,13.0,,,23.3,40.4,1.1421
2004-10-15 15:00:00,1185.0,1243.0,603.0,1689.0,1197.0,,,18.1,,,23.2,39.9,1.1172
2004-10-15 16:00:00,1312.0,1381.0,540.0,1881.0,1402.0,,,23.1,,,21.5,44.5,1.129
2004-10-15 17:00:00,1319.0,1426.0,509.0,1938.0,1491.0,,,24.9,,,20.9,48.5,1.1878
2004-10-15 18:00:00,1255.0,1342.0,539.0,1875.0,1396.0,,,21.7,,,19.8,53.1,1.216
2004-10-15 19:00:00,1123.0,1119.0,648.0,1593.0,1198.0,,,14.1,,,20.1,53.6,1.2477
2004-10-15 20:00:00,1126.0,1045.0,689.0,1523.0,1166.0,,,11.9,,,19.6,56.0,1.2623
2004-10-15 21:00:00,924.0,766.0,902.0,1357.0,752.0,,,5.1,,,18.6,60.4,1.2817
2004-10-15 22:00:00,982.0,849.0,853.0,1390.0,717.0,,,6.8,,,14.5,78.3,1.288
2004-10-15 23:00:00,936.0,756.0,939.0,1311.0,693.0,,,4.8,,,16.3,70.5,1.2921
2004-10-16 00:00:00,1069.0,865.0,825.0,1394.0,816.0,,,7.2,,,14.1,83.8,1.346
2004-10-16 01:00:00,967.0,785.0,879.0,1326.0,766.0,,,5.4,,,14.5,81.3,1.3399
2004-10-16 02:00:00,869.0,649.0,1033.0,1249.0,631.0,,,3.0,,,14.7,80.7,1.3414
2004-10-16 03:00:00,916.0,692.0,986.0,1287.0,683.0,,,3.7,,,14.5,82.1,1.3493
2004-10-16 04:00:00,886.0,686.0,970.0,1278.0,654.0,,,3.6,,,15.0,78.4,1.3333
2004-10-16 05:00:00,926.0,747.0,902.0,1325.0,759.0,,,4.7,,,14.5,80.5,1.3221
2004-10-16 06:00:00,971.0,851.0,808.0,1389.0,876.0,,,6.9,,,14.6,79.0,1.3082
2004-10-16 07:00:00,1029.0,886.0,807.0,1446.0,926.0,,,7.7,,,15.0,74.8,1.2672
2004-10-16 08:00:00,1124.0,1057.0,667.0,1569.0,1091.0,,,12.2,,,15.9,70.4,1.2658
2004-10-16 09:00:00,1063.0,964.0,729.0,1454.0,1045.0,,,9.6,,,17.4,62.3,1.2282
2004-10-16 10:00:00,1028.0,961.0,756.0,1413.0,928.0,,,9.6,,,21.3,42.9,1.0727
2004-10-16 11:00:00,944.0,910.0,828.0,1342.0,777.0,,,8.3,,,22.0,38.9,1.0154
2004-10-16 12:00:00,913.0,857.0,892.0,1275.0,640.0,,,7.0,,,20.3,41.3,0.9745
2004-10-16 13:00:00,966.0,906.0,819.0,1354.0,741.0,,,8.2,,,20.2,45.6,1.0663
2004-10-16 14:00:00,833.0,737.0,1021.0,1162.0,483.0,,,4.5,,,20.8,37.4,0.9107
2004-10-16 15:00:00,891.0,789.0,960.0,1234.0,522.0,,,5.5,,,21.6,35.9,0.9164
2004-10-16 16:00:00,995.0,927.0,825.0,1320.0,718.0,,,8.7,,,22.0,35.7,0.9329
2004-10-16 17:00:00,1038.0,929.0,816.0,1332.0,798.0,,,8.7,,,19.9,42.0,0.9665
2004-10-16 18:00:00,1146.0,1118.0,695.0,1534.0,1174.0,,,14.0,,,19.2,46.3,1.0158
2004-10-16 19:00:00,1059.0,958.0,787.0,1417.0,891.0,,,9.5,,,17.9,56.9,1.1545
2004-10-16 20:00:00,1065.0,893.0,819.0,1397.0,799.0,,,7.9,,,14.7,75.5,1.2554
2004-10-16 21:00:00,1013.0,822.0,855.0,1377.0,855.0,,,6.2,,,15.1,78.9,1.3409
2004-10-16 22:00:00,942.0,712.0,979.0,1303.0,734.0,,,4.0,,,17.2,66.7,1.2987
2004-10-16 23:00:00,925.0,735.0,960.0,1284.0,691.0,,,4.4,,,15.4,73.2,1.2755
2004-10-17 00:00:00,871.0,628.0,1118.0,1228.0,557.0,,,2.6,,,16.5,68.5,1.2753
2004-10-17 01:00:00,864.0,633.0,1097.0,1259.0,523.0,,,2.7,,,16.4,70.3,1.3031
2004-10-17 02:00:00,929.0,698.0,991.0,1307.0,610.0,,,3.8,,,15.4,78.1,1.3557
2004-10-17 03:00:00,912.0,690.0,984.0,1309.0,574.0,,,3.6,,,15.8,75.5,1.3436
2004-10-17 04:00:00,817.0,602.0,1120.0,1227.0,470.0,,,2.2,,,16.0,69.5,1.2549
2004-10-17 05:00:00,786.0,558.0,1217.0,1179.0,434.0,,,1.7,,,15.0,71.0,1.2032
2004-10-17 06:00:00,827.0,595.0,1208.0,1214.0,507.0,,,2.1,,,13.9,75.2,1.1884
2004-10-17 07:00:00,789.0,604.0,1181.0,1171.0,467.0,,,2.3,,,15.9,62.1,1.1103
2004-10-17 08:00:00,875.0,754.0,961.0,1296.0,591.0,,,4.8,,,15.9,61.0,1.0911
2004-10-17 09:00:00,959.0,792.0,913.0,1315.0,717.0,,,5.6,,,17.1,58.7,1.1332
2004-10-17 10:00:00,969.0,850.0,846.0,1351.0,774.0,,,6.8,,,19.2,51.9,1.1404
2004-10-17 11:00:00,947.0,821.0,900.0,1302.0,697.0,,,6.2,,,21.5,42.6,1.0798
2004-10-17 12:00:00,960.0,848.0,866.0,1305.0,701.0,,,6.8,,,21.6,39.9,1.0156
2004-10-17 13:00:00,1017.0,1020.0,744.0,1478.0,752.0,,,11.1,,,21.6,40.4,1.0309
2004-10-17 14:00:00,979.0,1057.0,701.0,1473.0,760.0,,,12.2,,,22.0,37.3,0.9768
2004-10-17 15:00:00,843.0,748.0,999.0,1179.0,505.0,,,4.7,,,22.1,35.2,0.9253
2004-10-17 16:00:00,877.0,769.0,962.0,1212.0,529.0,,,5.1,,,22.4,36.0,0.9621
2004-10-17 17:00:00,1053.0,1072.0,733.0,1495.0,832.0,,,12.7,,,20.9,40.3,0.9866
2004-10-17 18:00:00,1047.0,1037.0,749.0,1429.0,904.0,,,11.6,,,19.8,41.5,0.9489
2004-10-17 19:00:00,1105.0,1074.0,712.0,1457.0,1050.0,,,12.7,,,18.2,46.0,0.9538
2004-10-17 20:00:00,1008.0,968.0,783.0,1348.0,1000.0,,,9.7,,,17.3,50.3,0.9837
2004-10-17 21:00:00,975.0,891.0,814.0,1361.0,911.0,,,7.8,,,15.8,57.6,1.0271
2004-10-17 22:00:00,954.0,850.0,840.0,1321.0,858.0,,,6.8,,,15.5,59.7,1.0413
2004-10-17 23:00:00,987.0,904.0,808.0,1344.0,903.0,,,8.1,,,15.5,60.6,1.0574
2004-10-18 00:00:00,880.0,784.0,922.0,1252.0,781.0,,,5.4,,,15.8,59.9,1.0676
2004-10-18 01:00:00,856.0,732.0,988.0,1247.0,714.0,,,4.4,,,14.8,64.3,1.073
2004-10-18 02:00:00,788.0,614.0,1116.0,1177.0,625.0,,,2.4,,,14.8,64.7,1.0788
2004-10-18 03:00:00,760.0,555.0,1226.0,1158.0,568.0,,,1.6,,,13.8,67.6,1.0581
2004-10-18 04:00:00,777.0,570.0,1191.0,1167.0,616.0,,,1.8,,,14.5,65.0,1.0672
2004-10-18 05:00:00,825.0,661.0,1074.0,1207.0,710.0,,,3.1,,,14.0,67.4,1.0703
2004-10-18 06:00:00,1011.0,947.0,759.0,1425.0,953.0,,,9.2,,,12.6,73.6,1.0699
2004-10-18 07:00:00,1237.0,1319.0,576.0,1741.0,1271.0,,,20.8,,,13.3,70.4,1.0711
2004-10-18 08:00:00,1298.0,1473.0,514.0,1884.0,1447.0,,,26.8,,,14.4,65.8,1.0773
2004-10-18 09:00:00,1153.0,1230.0,616.0,1565.0,1296.0,,,17.7,,,16.8,57.8,1.0947
2004-10-18 10:00:00,1101.0,1124.0,646.0,1521.0,1217.0,,,14.2,,,19.7,49.3,1.1199
2004-10-18 11:00:00,1215.0,1203.0,599.0,1664.0,1341.0,,,16.8,,,21.1,47.2,1.1659
2004-10-18 12:00:00,1163.0,1179.0,608.0,1641.0,1180.0,,,16.0,,,22.2,43.2,1.1427
2004-10-18 13:00:00,1285.0,1293.0,549.0,1797.0,1365.0,,,19.9,,,21.4,47.2,1.1927
2004-10-18 14:00:00,1288.0,1253.0,537.0,1763.0,1410.0,,,18.5,,,19.9,55.4,1.2702
2004-10-18 15:00:00,1362.0,1334.0,512.0,1862.0,1529.0,,,21.4,,,20.3,54.0,1.2744
2004-10-18 16:00:00,1405.0,1372.0,497.0,1883.0,1573.0,,,22.8,,,20.0,56.5,1.3051
2004-10-18 17:00:00,1610.0,1697.0,407.0,2287.0,1810.0,,,36.5,,,19.7,57.8,1.3138
2004-10-18 18:00:00,1612.0,1745.0,398.0,2357.0,1834.0,,,38.8,,,19.3,59.0,1.3077
2004-10-18 19:00:00,1520.0,1604.0,436.0,2161.0,1672.0,,,32.3,,,18.5,60.3,1.2706
2004-10-18 20:00:00,1489.0,1534.0,444.0,2080.0,1686.0,,,29.3,,,17.8,66.3,1.341
2004-10-18 21:00:00,1181.0,1124.0,597.0,1606.0,1302.0,,,14.2,,,17.6,65.9,1.3175
2004-10-18 22:00:00,995.0,898.0,761.0,1409.0,1023.0,,,8.0,,,17.5,63.5,1.2622
2004-10-18 23:00:00,998.0,875.0,779.0,1380.0,992.0,,,7.4,,,16.5,67.2,1.2491
2004-10-19 00:00:00,984.0,864.0,788.0,1371.0,960.0,,,7.2,,,16.2,69.1,1.259
2004-10-19 01:00:00,1022.0,898.0,746.0,1414.0,955.0,,,8.0,,,14.9,74.7,1.2564
2004-10-19 02:00:00,951.0,835.0,788.0,1354.0,887.0,,,6.5,,,14.1,76.7,1.2273
2004-10-19 03:00:00,910.0,773.0,842.0,1303.0,851.0,,,5.2,,,14.0,76.6,1.2202
2004-10-19 04:00:00,932.0,792.0,818.0,1323.0,903.0,,,5.6,,,14.9,73.8,1.24
2004-10-19 05:00:00,974.0,859.0,772.0,1383.0,954.0,,,7.0,,,15.2,73.1,1.257
2004-10-19 06:00:00,1117.0,1031.0,669.0,1528.0,1107.0,,,11.5,,,15.2,73.4,1.2626
2004-10-19 07:00:00,1367.0,1343.0,517.0,1852.0,1442.0,,,21.7,,,15.2,74.7,1.2824
2004-10-19 08:00:00,1583.0,1726.0,404.0,2316.0,1818.0,,,37.9,,,15.8,71.7,1.278
2004-10-19 09:00:00,1526.0,1552.0,441.0,2074.0,1802.0,,,30.1,,,16.6,68.4,1.2829
2004-10-19 10:00:00,1399.0,1416.0,485.0,1894.0,1671.0,,,24.5,,,17.6,64.9,1.2925
2004-10-19 11:00:00,1436.0,1435.0,479.0,1911.0,1710.0,,,25.2,,,18.3,63.8,1.331
2004-10-19 12:00:00,1455.0,1468.0,474.0,1945.0,1746.0,,,26.5,,,19.4,61.1,1.3652
2004-10-19 13:00:00,1311.0,1286.0,544.0,1760.0,1495.0,,,19.6,,,20.9,58.1,1.4193
2004-10-19 14:00:00,1174.0,1097.0,640.0,1596.0,1203.0,,,13.4,,,22.0,54.0,1.4114
2004-10-19 15:00:00,1242.0,1158.0,602.0,1682.0,1252.0,,,15.3,,,22.8,53.0,1.4482
2004-10-19 16:00:00,1267.0,1151.0,593.0,1671.0,1528.0,,,15.1,,,21.7,57.6,1.4756
2004-10-19 17:00:00,1401.0,1326.0,530.0,1887.0,1629.0,,,21.1,,,21.3,60.8,1.5205
2004-10-19 18:00:00,1428.0,1393.0,490.0,1976.0,1608.0,,,23.6,,,21.2,61.7,1.5309
2004-10-19 19:00:00,1478.0,1447.0,474.0,2017.0,1664.0,,,25.7,,,21.2,62.2,1.5473
2004-10-19 20:00:00,1518.0,1483.0,454.0,2098.0,1666.0,,,27.2,,,20.8,65.1,1.5782
2004-10-19 21:00:00,1468.0,1415.0,470.0,1985.0,1594.0,,,24.4,,,19.9,69.0,1.5877
2004-10-19 22:00:00,1369.0,1305.0,513.0,1851.0,1421.0,,,20.3,,,18.8,73.7,1.5785
2004-10-19 23:00:00,1244.0,1141.0,571.0,1671.0,1337.0,,,14.8,,,19.2,71.3,1.5723
2004-10-20 00:00:00,1217.0,1077.0,603.0,1628.0,1270.0,,,12.8,,,19.0,71.6,1.5549
2004-10-20 01:00:00,1103.0,979.0,666.0,1520.0,1156.0,,,10.0,,,19.5,69.7,1.5596
2004-10-20 02:00:00,1118.0,951.0,675.0,1509.0,1124.0,,,9.3,,,19.4,70.1,1.5626
2004-10-20 03:00:00,1087.0,950.0,684.0,1519.0,1049.0,,,9.3,,,18.4,74.5,1.5634
2004-10-20 04:00:00,1069.0,931.0,688.0,1508.0,1044.0,,,8.8,,,18.7,73.4,1.5701
2004-10-20 05:00:00,1112.0,985.0,645.0,1544.0,1109.0,,,10.2,,,18.4,74.6,1.5631
2004-10-20 06:00:00,1196.0,1086.0,594.0,1659.0,1224.0,,,13.1,,,18.5,74.4,1.5661
2004-10-20 07:00:00,1522.0,1457.0,458.0,2043.0,1611.0,,,26.1,,,18.8,73.0,1.5737
2004-10-20 08:00:00,1715.0,1728.0,371.0,2376.0,2004.0,,,37.9,,,19.9,69.9,1.6036
2004-10-20 09:00:00,1582.0,1459.0,448.0,2036.0,1776.0,,,26.2,,,21.3,66.1,1.6556
2004-10-20 10:00:00,1494.0,1379.0,467.0,1965.0,1723.0,,,23.1,,,23.0,61.8,1.7135
2004-10-20 11:00:00,1631.0,1455.0,438.0,2027.0,1916.0,,,26.0,,,22.4,64.6,1.7271
2004-10-20 12:00:00,1650.0,1506.0,424.0,2093.0,1955.0,,,28.1,,,23.8,59.9,1.7376
2004-10-20 13:00:00,1640.0,1503.0,431.0,2094.0,1894.0,,,28.0,,,24.7,56.9,1.7472
2004-10-20 14:00:00,1589.0,1418.0,452.0,2015.0,1823.0,,,24.6,,,25.4,55.1,1.761
2004-10-20 15:00:00,1538.0,1362.0,473.0,1924.0,1793.0,,,22.4,,,25.7,54.5,1.7684
2004-10-20 16:00:00,1597.0,1573.0,424.0,2307.0,1956.0,4.7,,30.9,652.0,167.0,24.8,57.7,1.7765
2004-10-20 17:00:00,1884.0,1846.0,348.0,2595.0,2203.0,8.0,,43.7,895.0,194.0,24.6,58.9,1.8005
2004-10-20 18:00:00,1835.0,1770.0,358.0,2474.0,2073.0,7.7,,40.0,826.0,172.0,23.9,61.8,1.8088
2004-10-20 19:00:00,1759.0,1684.0,373.0,2378.0,1923.0,6.8,,35.9,648.0,134.0,23.0,65.9,1.8319
2004-10-20 20:00:00,1666.0,1553.0,409.0,2170.0,1780.0,6.0,,30.1,629.0,130.0,22.4,67.7,1.8161
2004-10-20 21:00:00,1506.0,1360.0,458.0,1944.0,1609.0,4.7,,22.3,529.0,113.0,22.0,69.2,1.8061
2004-10-20 22:00:00,1378.0,1229.0,511.0,1820.0,1466.0,3.4,,17.7,405.0,99.0,21.8,69.6,1.79
2004-10-20 23:00:00,1448.0,1283.0,496.0,1877.0,1504.0,3.9,,19.5,461.0,109.0,21.9,68.3,1.7699
2004-10-21 00:00:00,1481.0,1359.0,467.0,1957.0,1518.0,4.4,,22.3,486.0,105.0,21.7,69.7,1.7872
2004-10-21 01:00:00,1289.0,1161.0,552.0,1765.0,1289.0,3.3,,15.4,335.0,91.0,21.3,70.3,1.7574
2004-10-21 02:00:00,1109.0,951.0,664.0,1570.0,1076.0,2.0,,9.3,210.0,77.0,20.8,71.7,1.7415
2004-10-21 03:00:00,994.0,812.0,784.0,1453.0,947.0,1.5,,6.0,,,21.4,69.0,1.7421
2004-10-21 04:00:00,1015.0,839.0,754.0,1473.0,970.0,,,6.6,99.0,59.0,21.4,69.3,1.7515
2004-10-21 05:00:00,966.0,771.0,830.0,1420.0,900.0,0.8,,5.1,149.0,60.0,21.3,69.5,1.7447
2004-10-21 06:00:00,1088.0,932.0,706.0,1565.0,1034.0,1.3,,8.8,203.0,72.0,21.5,67.5,1.708
2004-10-21 07:00:00,1303.0,1198.0,578.0,1791.0,1235.0,2.7,,16.6,332.0,83.0,21.9,64.8,1.683
2004-10-21 08:00:00,1440.0,1412.0,494.0,2016.0,1455.0,3.6,,24.3,446.0,104.0,22.6,61.4,1.6645
2004-10-21 09:00:00,1392.0,1313.0,517.0,1866.0,1478.0,3.6,,20.6,524.0,119.0,22.6,61.5,1.6636
2004-10-21 10:00:00,1248.0,1167.0,572.0,1704.0,1393.0,2.6,,15.6,347.0,105.0,25.5,52.3,1.6796
2004-10-21 11:00:00,1197.0,1058.0,634.0,1626.0,1237.0,2.0,,12.2,273.0,91.0,27.0,47.6,1.67
2004-10-21 12:00:00,1357.0,1230.0,542.0,1834.0,1373.0,3.3,,17.7,404.0,103.0,25.2,53.3,1.6834
2004-10-21 13:00:00,1263.0,1143.0,578.0,1736.0,1310.0,2.6,,14.8,,,26.6,49.3,1.6872
2004-10-21 14:00:00,1261.0,1148.0,585.0,1733.0,1287.0,2.1,,15.0,312.0,111.0,27.2,48.5,1.7172
2004-10-21 15:00:00,1382.0,1200.0,539.0,1807.0,1413.0,2.9,,16.7,369.0,101.0,26.9,50.0,1.7507
2004-10-21 16:00:00,1400.0,1230.0,519.0,1864.0,1483.0,3.0,,17.7,362.0,102.0,26.5,52.2,1.7769
2004-10-21 17:00:00,1443.0,1322.0,488.0,1933.0,1539.0,3.2,,20.9,335.0,101.0,27.0,51.0,1.7936
2004-10-21 18:00:00,1630.0,1520.0,427.0,2166.0,1691.0,4.4,,28.7,447.0,118.0,25.9,55.8,1.8347
2004-10-21 19:00:00,1720.0,1661.0,382.0,2403.0,1846.0,6.0,,34.8,576.0,120.0,25.1,59.4,1.8632
2004-10-21 20:00:00,1600.0,1492.0,432.0,2160.0,1665.0,5.0,,27.5,486.0,107.0,24.7,58.7,1.8001
2004-10-21 21:00:00,1525.0,1427.0,450.0,2085.0,1577.0,4.3,,24.9,439.0,104.0,23.6,62.2,1.7863
2004-10-21 22:00:00,1544.0,1409.0,448.0,2048.0,1603.0,4.3,,24.2,462.0,91.0,22.4,67.1,1.794
2004-10-21 23:00:00,1455.0,1357.0,466.0,1964.0,1530.0,4.2,,22.2,441.0,91.0,21.6,69.2,1.763
2004-10-22 00:00:00,1203.0,1090.0,593.0,1655.0,1205.0,2.2,,13.2,223.0,74.0,21.3,68.5,1.7164
2004-10-22 01:00:00,1038.0,895.0,714.0,1474.0,999.0,1.3,,7.9,126.0,63.0,21.2,68.6,1.7046
2004-10-22 02:00:00,975.0,807.0,788.0,1423.0,904.0,1.0,,5.9,116.0,57.0,20.3,70.6,1.6659
2004-10-22 03:00:00,917.0,714.0,870.0,1355.0,843.0,0.7,,4.1,,,20.8,67.3,1.6353
2004-10-22 04:00:00,930.0,741.0,849.0,1392.0,843.0,,,4.6,125.0,48.0,19.6,71.3,1.612
2004-10-22 05:00:00,960.0,804.0,802.0,1435.0,886.0,0.9,,5.8,198.0,49.0,18.7,74.4,1.5861
2004-10-22 06:00:00,982.0,834.0,770.0,1435.0,911.0,1.0,,6.5,185.0,55.0,19.8,69.2,1.5808
2004-10-22 07:00:00,1359.0,1282.0,541.0,1912.0,1319.0,2.8,,19.5,425.0,78.0,19.8,69.4,1.5859
2004-10-22 08:00:00,1500.0,1503.0,437.0,2158.0,1927.0,4.1,,28.0,465.0,91.0,20.4,66.7,1.5781
2004-10-22 09:00:00,1315.0,1261.0,535.0,1830.0,1554.0,2.9,,18.7,341.0,88.0,22.3,60.6,1.6069
2004-10-22 10:00:00,1307.0,1248.0,525.0,1787.0,1565.0,2.7,,18.3,316.0,83.0,22.6,59.9,1.6246
2004-10-22 11:00:00,1235.0,1125.0,574.0,1704.0,1462.0,2.1,,14.3,241.0,81.0,24.5,54.5,1.6514
2004-10-22 12:00:00,1310.0,1194.0,538.0,1781.0,1487.0,2.4,,16.5,266.0,83.0,24.4,55.4,1.6712
2004-10-22 13:00:00,1459.0,1375.0,467.0,2007.0,1690.0,3.8,,22.9,412.0,111.0,26.0,51.9,1.7148
2004-10-22 14:00:00,1461.0,1358.0,474.0,2033.0,1603.0,3.7,,22.3,394.0,112.0,26.8,49.1,1.7101
2004-10-22 15:00:00,1476.0,1352.0,474.0,1996.0,1568.0,3.7,,22.0,365.0,112.0,26.4,49.8,1.6928
2004-10-22 16:00:00,1612.0,1496.0,429.0,2127.0,1743.0,5.5,,27.7,548.0,137.0,26.9,48.6,1.7017
2004-10-22 17:00:00,1654.0,1546.0,435.0,2176.0,2007.0,5.4,,29.8,494.0,152.0,26.2,48.9,1.634
2004-10-22 18:00:00,1808.0,1771.0,373.0,2486.0,2235.0,8.4,,40.0,686.0,163.0,24.3,54.3,1.6276
2004-10-22 19:00:00,1681.0,1666.0,397.0,2339.0,1998.0,6.8,,35.1,556.0,135.0,23.3,58.1,1.6457
2004-10-22 20:00:00,1494.0,1443.0,454.0,2020.0,1795.0,4.5,,25.5,467.0,119.0,22.3,62.5,1.6616
2004-10-22 21:00:00,1251.0,1107.0,579.0,1657.0,1407.0,2.5,,13.7,297.0,91.0,21.3,66.1,1.6556
2004-10-22 22:00:00,1132.0,965.0,669.0,1502.0,1211.0,1.6,,9.7,164.0,74.0,21.2,65.7,1.6319
2004-10-22 23:00:00,1158.0,970.0,664.0,1509.0,1202.0,1.7,,9.8,196.0,73.0,20.3,68.1,1.6009
2004-10-23 00:00:00,1146.0,983.0,673.0,1518.0,1136.0,1.7,,10.1,201.0,71.0,20.4,66.7,1.583
2004-10-23 01:00:00,993.0,813.0,792.0,1413.0,946.0,1.1,,6.0,132.0,57.0,19.9,67.5,1.5544
2004-10-23 02:00:00,989.0,814.0,800.0,1418.0,915.0,1.0,,6.0,146.0,51.0,19.1,70.0,1.5331
2004-10-23 03:00:00,943.0,746.0,852.0,1374.0,864.0,0.8,,4.6,,,19.3,68.1,1.5139
2004-10-23 04:00:00,910.0,712.0,872.0,1341.0,836.0,,,4.0,94.0,42.0,19.6,66.9,1.5125
2004-10-23 05:00:00,925.0,742.0,876.0,1381.0,842.0,0.7,,4.6,127.0,43.0,18.1,72.1,1.4834
2004-10-23 06:00:00,1039.0,882.0,724.0,1473.0,1002.0,1.2,,7.6,217.0,52.0,18.1,72.3,1.4927
2004-10-23 07:00:00,1208.0,1104.0,598.0,1699.0,1165.0,2.3,,13.6,394.0,65.0,17.6,74.8,1.491
2004-10-23 08:00:00,1268.0,1179.0,545.0,1753.0,1294.0,3.0,,16.0,511.0,69.0,18.2,72.8,1.5048
2004-10-23 09:00:00,1353.0,1265.0,507.0,1833.0,1475.0,3.3,,18.9,523.0,91.0,20.2,65.8,1.5374
2004-10-23 10:00:00,1317.0,1171.0,542.0,1727.0,1436.0,2.8,,15.7,471.0,92.0,21.6,61.4,1.5696
2004-10-23 11:00:00,1356.0,1187.0,534.0,1738.0,1465.0,3.0,,16.2,441.0,102.0,23.3,57.5,1.6169
2004-10-23 12:00:00,1414.0,1279.0,504.0,1854.0,1583.0,3.4,,19.4,414.0,118.0,25.0,52.4,1.6356
2004-10-23 13:00:00,1326.0,1206.0,533.0,1785.0,1432.0,3.0,,16.9,317.0,111.0,25.4,50.8,1.6275
2004-10-23 14:00:00,1211.0,1067.0,609.0,1608.0,1270.0,2.3,,12.5,230.0,101.0,26.1,47.1,1.5724
2004-10-23 15:00:00,1324.0,1173.0,564.0,1749.0,1354.0,3.1,,15.8,365.0,119.0,27.0,44.2,1.549
2004-10-23 16:00:00,1324.0,1181.0,565.0,1747.0,1318.0,3.0,,16.0,360.0,115.0,27.2,43.0,1.5246
2004-10-23 17:00:00,1361.0,1189.0,549.0,1776.0,1351.0,3.3,,16.3,420.0,120.0,25.6,48.3,1.5641
2004-10-23 18:00:00,1475.0,1324.0,490.0,1925.0,1530.0,4.0,,21.0,475.0,115.0,23.3,57.9,1.6376
2004-10-23 19:00:00,1537.0,1381.0,469.0,2016.0,1615.0,4.6,,23.1,526.0,118.0,22.2,63.6,1.6763
2004-10-23 20:00:00,1413.0,1231.0,520.0,1853.0,1415.0,4.1,,17.7,460.0,117.0,21.6,67.7,1.7228
2004-10-23 21:00:00,1229.0,1055.0,607.0,1668.0,1219.0,2.3,,12.2,255.0,96.0,21.0,69.3,1.7058
2004-10-23 22:00:00,1297.0,1136.0,567.0,1725.0,1307.0,2.6,,14.6,283.0,89.0,20.3,70.5,1.6599
2004-10-23 23:00:00,1302.0,1088.0,594.0,1639.0,1297.0,2.6,,13.1,271.0,84.0,20.0,69.5,1.6109
2004-10-24 00:00:00,1347.0,1165.0,573.0,1741.0,1321.0,2.9,,15.5,315.0,97.0,19.7,70.1,1.5891
2004-10-24 01:00:00,1165.0,1042.0,631.0,1621.0,1133.0,2.1,,11.8,227.0,68.0,19.5,70.7,1.5851
2004-10-24 02:00:00,1155.0,1012.0,633.0,1577.0,1124.0,2.1,,10.9,243.0,66.0,19.4,71.4,1.5959
2004-10-24 03:00:00,1050.0,916.0,696.0,1512.0,997.0,1.5,,8.4,,,19.3,71.1,1.5746
2004-10-24 04:00:00,1035.0,855.0,731.0,1467.0,952.0,,,7.0,142.0,51.0,18.7,73.8,1.5704
2004-10-24 05:00:00,1057.0,925.0,684.0,1503.0,972.0,1.4,,8.6,139.0,48.0,18.0,75.4,1.5441
2004-10-24 06:00:00,1029.0,880.0,709.0,1451.0,965.0,1.2,,7.5,182.0,47.0,17.3,78.4,1.532
2004-10-24 07:00:00,1037.0,902.0,704.0,1481.0,984.0,1.5,,8.1,196.0,48.0,17.5,76.6,1.5174
2004-10-24 08:00:00,920.0,755.0,853.0,1359.0,880.0,0.9,,4.8,108.0,45.0,20.0,66.7,1.5401
2004-10-24 09:00:00,1080.0,891.0,732.0,1477.0,1001.0,1.4,,7.8,175.0,59.0,19.1,70.0,1.5366
2004-10-24 10:00:00,1152.0,966.0,661.0,1542.0,1137.0,2.1,,9.7,266.0,84.0,21.4,61.7,1.5547
2004-10-24 11:00:00,1085.0,918.0,721.0,1467.0,1023.0,1.6,,8.4,179.0,72.0,24.6,50.4,1.5363
2004-10-24 12:00:00,1071.0,882.0,745.0,1431.0,962.0,1.5,,7.6,154.0,68.0,25.0,49.1,1.5295
2004-10-24 13:00:00,1000.0,807.0,811.0,1376.0,825.0,1.1,,5.9,95.0,52.0,25.3,46.7,1.4874
2004-10-24 14:00:00,1058.0,875.0,756.0,1421.0,877.0,1.4,,7.4,151.0,70.0,24.8,47.9,1.4819
2004-10-24 15:00:00,1184.0,983.0,667.0,1537.0,1046.0,2.0,,10.1,230.0,90.0,25.3,48.0,1.5249
2004-10-24 16:00:00,1189.0,965.0,670.0,1533.0,1060.0,2.0,,9.7,239.0,87.0,26.5,44.9,1.5278
2004-10-24 17:00:00,1277.0,1043.0,614.0,1631.0,1155.0,2.5,,11.8,306.0,99.0,25.0,50.1,1.563
2004-10-24 18:00:00,1482.0,1305.0,503.0,1874.0,1464.0,4.3,,20.3,472.0,128.0,22.9,57.6,1.5885
2004-10-24 19:00:00,1555.0,1410.0,464.0,1971.0,2185.0,5.2,,24.3,532.0,127.0,21.7,62.9,1.6117
2004-10-24 20:00:00,1324.0,1168.0,568.0,1716.0,1959.0,3.4,,15.6,375.0,99.0,21.8,63.0,1.619
2004-10-24 21:00:00,1015.0,869.0,747.0,1439.0,1375.0,1.3,,7.3,147.0,72.0,21.2,63.4,1.5748
2004-10-24 22:00:00,1010.0,860.0,768.0,1450.0,1212.0,1.2,,7.1,118.0,62.0,20.2,65.8,1.535
2004-10-24 23:00:00,1081.0,938.0,697.0,1517.0,1273.0,1.7,,9.0,181.0,62.0,18.4,71.5,1.5038
2004-10-25 00:00:00,1071.0,936.0,695.0,1516.0,1249.0,1.7,,8.9,209.0,63.0,17.9,72.4,1.4758
2004-10-25 01:00:00,1014.0,864.0,745.0,1474.0,1097.0,1.4,,7.2,167.0,56.0,16.9,75.4,1.4393
2004-10-25 02:00:00,891.0,735.0,878.0,1353.0,933.0,0.9,,4.4,112.0,44.0,16.5,75.5,1.4056
2004-10-25 03:00:00,874.0,715.0,889.0,1315.0,858.0,0.7,,4.1,,,15.4,79.0,1.3735
2004-10-25 04:00:00,882.0,729.0,875.0,1319.0,870.0,,,4.3,108.0,37.0,15.5,78.6,1.37
2004-10-25 05:00:00,940.0,806.0,800.0,1392.0,1013.0,0.9,,5.9,181.0,48.0,16.2,76.9,1.4029
2004-10-25 06:00:00,1020.0,866.0,749.0,1440.0,1087.0,1.2,,7.2,253.0,59.0,15.8,79.6,1.417
2004-10-25 07:00:00,1316.0,1253.0,527.0,1780.0,1566.0,3.2,,18.5,521.0,77.0,16.0,76.3,1.3772
2004-10-25 08:00:00,1423.0,1429.0,467.0,1998.0,1631.0,4.4,,25.0,649.0,88.0,16.3,74.3,1.3644
2004-10-25 09:00:00,1314.0,1262.0,531.0,1754.0,1564.0,3.5,,18.8,516.0,111.0,18.7,66.3,1.414
2004-10-25 10:00:00,1317.0,1283.0,518.0,1812.0,1601.0,3.2,,19.5,487.0,114.0,20.5,60.2,1.4346
2004-10-25 11:00:00,1305.0,1245.0,524.0,1742.0,1539.0,3.0,,18.2,529.0,108.0,19.3,66.2,1.4706
2004-10-25 12:00:00,1351.0,1298.0,498.0,1821.0,1577.0,3.5,,20.0,565.0,111.0,20.0,63.9,1.4805
2004-10-25 13:00:00,1438.0,1425.0,451.0,1971.0,1732.0,4.0,,24.8,558.0,126.0,21.4,59.4,1.4928
2004-10-25 14:00:00,1454.0,1380.0,457.0,1947.0,1672.0,3.8,,23.1,568.0,117.0,21.5,60.9,1.5398
2004-10-25 15:00:00,1512.0,1441.0,432.0,2034.0,1744.0,4.2,,25.5,605.0,119.0,21.6,60.9,1.5551
2004-10-25 16:00:00,1584.0,1597.0,392.0,2176.0,1845.0,5.0,,32.0,666.0,125.0,21.6,62.0,1.5784
2004-10-25 17:00:00,1816.0,1897.0,330.0,2641.0,2164.0,7.9,,46.3,814.0,158.0,21.7,61.9,1.592
2004-10-25 18:00:00,1824.0,1862.0,340.0,2567.0,2106.0,8.4,,44.5,860.0,149.0,21.0,64.9,1.5987
2004-10-25 19:00:00,1744.0,1793.0,352.0,2469.0,2007.0,8.0,,41.0,820.0,136.0,20.0,68.6,1.5882
2004-10-25 20:00:00,1588.0,1610.0,400.0,2230.0,1791.0,6.4,,32.5,742.0,112.0,19.3,71.4,1.5805
2004-10-25 21:00:00,1319.0,1273.0,511.0,1806.0,1444.0,3.5,,19.1,492.0,87.0,18.5,73.4,1.5461
2004-10-25 22:00:00,1313.0,1285.0,505.0,1803.0,1373.0,3.5,,19.6,464.0,82.0,17.7,75.6,1.5226
2004-10-25 23:00:00,1073.0,1005.0,661.0,1488.0,1110.0,1.9,,10.7,258.0,67.0,18.5,70.4,1.487
2004-10-26 00:00:00,1119.0,1056.0,624.0,1562.0,1099.0,2.2,,12.2,311.0,68.0,17.0,76.1,1.4582
2004-10-26 01:00:00,989.0,900.0,737.0,1401.0,968.0,1.6,,8.0,231.0,60.0,16.8,74.9,1.4258
2004-10-26 02:00:00,912.0,788.0,822.0,1331.0,847.0,1.0,,5.5,127.0,48.0,15.5,78.5,1.3782
2004-10-26 03:00:00,904.0,787.0,820.0,1319.0,852.0,1.0,,5.5,,,15.3,79.0,1.3605
2004-10-26 04:00:00,851.0,726.0,897.0,1277.0,799.0,,,4.3,124.0,42.0,15.0,77.9,1.3197
2004-10-26 05:00:00,902.0,809.0,835.0,1355.0,834.0,0.9,,5.9,138.0,46.0,14.8,79.4,1.3312
2004-10-26 06:00:00,981.0,923.0,730.0,1425.0,956.0,1.4,,8.6,228.0,54.0,15.7,77.0,1.3591
2004-10-26 07:00:00,1267.0,1260.0,572.0,1776.0,1259.0,3.0,,18.7,383.0,82.0,16.2,75.9,1.3872
2004-10-26 08:00:00,1392.0,1429.0,469.0,1990.0,1494.0,4.5,,25.0,581.0,93.0,16.3,75.9,1.3991
2004-10-26 09:00:00,1308.0,1285.0,522.0,1781.0,1458.0,3.8,,19.6,545.0,95.0,17.7,70.6,1.4202
2004-10-26 10:00:00,1313.0,1318.0,511.0,1820.0,1491.0,3.4,,20.8,593.0,120.0,18.3,67.6,1.4103
2004-10-26 11:00:00,1350.0,1299.0,518.0,1784.0,1560.0,3.5,,20.1,602.0,132.0,20.1,62.0,1.4409
2004-10-26 12:00:00,1477.0,1471.0,455.0,2031.0,1750.0,4.4,,26.7,624.0,146.0,22.6,54.5,1.4737
2004-10-26 13:00:00,1409.0,1393.0,484.0,1874.0,1709.0,4.0,,23.6,546.0,157.0,24.6,47.1,1.4378
2004-10-26 14:00:00,1495.0,1465.0,451.0,2043.0,1786.0,4.5,,26.4,597.0,158.0,24.9,48.3,1.4942
2004-10-26 15:00:00,1606.0,1573.0,419.0,2165.0,1900.0,5.3,,30.9,688.0,175.0,24.9,50.0,1.5522
2004-10-26 16:00:00,1669.0,1615.0,404.0,2232.0,1963.0,5.8,,32.8,760.0,166.0,24.0,55.0,1.6211
2004-10-26 17:00:00,1822.0,1890.0,347.0,2641.0,2161.0,8.4,,45.9,918.0,187.0,23.2,58.7,1.651
2004-10-26 18:00:00,1908.0,2007.0,325.0,2775.0,2372.0,9.5,,52.1,952.0,180.0,22.5,61.5,1.6579
2004-10-26 19:00:00,1664.0,1699.0,385.0,2305.0,2062.0,6.2,,36.6,685.0,134.0,22.2,61.0,1.6071
2004-10-26 20:00:00,1465.0,1404.0,468.0,1962.0,1736.0,5.0,,24.0,561.0,127.0,22.6,58.3,1.5829
2004-10-26 21:00:00,1076.0,972.0,691.0,1506.0,1192.0,2.1,,9.8,239.0,95.0,21.0,57.4,1.4098
2004-10-26 22:00:00,1055.0,895.0,758.0,1468.0,1043.0,1.4,,7.9,175.0,79.0,19.8,63.7,1.4524
2004-10-26 23:00:00,1075.0,878.0,734.0,1495.0,948.0,1.6,,7.5,169.0,78.0,17.7,78.8,1.5855
2004-10-27 00:00:00,1135.0,948.0,685.0,1569.0,992.0,2.0,,9.2,215.0,80.0,17.6,80.5,1.6062
2004-10-27 01:00:00,998.0,799.0,786.0,1435.0,867.0,1.2,,5.7,115.0,67.0,17.4,81.3,1.6066
2004-10-27 02:00:00,953.0,734.0,861.0,1401.0,825.0,0.8,,4.4,94.0,61.0,17.4,81.0,1.6012
2004-10-27 03:00:00,926.0,708.0,874.0,1381.0,803.0,0.6,,3.9,,,17.2,81.8,1.5856
2004-10-27 04:00:00,895.0,656.0,946.0,1343.0,786.0,,,3.1,80.0,51.0,17.0,81.0,1.5521
2004-10-27 05:00:00,967.0,767.0,833.0,1416.0,866.0,0.7,,5.1,132.0,56.0,16.8,81.3,1.5447
2004-10-27 06:00:00,1164.0,997.0,641.0,1606.0,1113.0,1.7,,10.5,295.0,68.0,17.6,78.8,1.5723
2004-10-27 07:00:00,1421.0,1313.0,502.0,1983.0,1384.0,3.4,,20.6,517.0,101.0,18.0,75.7,1.5527
2004-10-27 08:00:00,1465.0,1515.0,454.0,2119.0,1516.0,4.9,,28.5,555.0,119.0,18.0,74.8,1.5281
2004-10-27 09:00:00,1189.0,1075.0,614.0,1652.0,1222.0,2.7,,12.7,429.0,108.0,18.2,74.0,1.5343
2004-10-27 10:00:00,1278.0,1182.0,585.0,1734.0,1354.0,3.2,,16.1,561.0,132.0,19.7,65.4,1.4854
2004-10-27 11:00:00,1169.0,1144.0,611.0,1666.0,1291.0,2.7,,14.9,427.0,130.0,21.0,57.9,1.4267
2004-10-27 12:00:00,1214.0,1203.0,580.0,1739.0,1308.0,3.2,,16.8,445.0,129.0,20.7,58.6,1.4142
2004-10-27 13:00:00,1351.0,1345.0,502.0,1923.0,1420.0,4.1,,21.8,538.0,117.0,19.5,67.1,1.506
2004-10-27 14:00:00,1340.0,1256.0,537.0,1842.0,1297.0,3.6,,18.6,556.0,119.0,18.5,76.2,1.6045
2004-10-27 15:00:00,1157.0,1131.0,623.0,1675.0,1157.0,2.8,,14.5,370.0,113.0,19.6,69.7,1.5675
2004-10-27 16:00:00,1118.0,1096.0,647.0,1649.0,1130.0,2.1,,13.4,257.0,102.0,19.9,65.3,1.5066
2004-10-27 17:00:00,1150.0,1173.0,608.0,1711.0,1195.0,2.4,,15.8,266.0,101.0,20.0,63.3,1.4622
2004-10-27 18:00:00,1247.0,1315.0,544.0,1874.0,1341.0,3.6,,20.7,403.0,116.0,19.2,66.4,1.4592
2004-10-27 19:00:00,1194.0,1198.0,587.0,1732.0,1228.0,2.6,,16.6,275.0,101.0,19.3,67.5,1.4977
2004-10-27 20:00:00,1184.0,1157.0,586.0,1685.0,1273.0,2.8,,15.3,338.0,94.0,18.2,71.4,1.4776
2004-10-27 21:00:00,990.0,898.0,748.0,1442.0,1006.0,1.4,,8.0,176.0,75.0,17.8,71.2,1.4396
2004-10-27 22:00:00,933.0,803.0,842.0,1369.0,898.0,1.1,,5.8,159.0,69.0,17.6,69.9,1.3969
2004-10-27 23:00:00,968.0,858.0,796.0,1388.0,894.0,1.3,,7.0,147.0,60.0,16.0,75.9,1.3721
2004-10-28 00:00:00,861.0,735.0,925.0,1287.0,789.0,0.9,,4.5,99.0,58.0,16.9,72.0,1.3749
2004-10-28 01:00:00,904.0,774.0,878.0,1329.0,805.0,1.0,,5.2,98.0,51.0,15.7,76.3,1.3519
2004-10-28 02:00:00,866.0,734.0,899.0,1299.0,770.0,0.9,,4.4,109.0,45.0,14.8,78.7,1.3169
2004-10-28 03:00:00,881.0,724.0,913.0,1277.0,776.0,0.7,,4.2,,,14.8,79.7,1.3286
2004-10-28 04:00:00,838.0,700.0,936.0,1268.0,744.0,,,3.8,112.0,41.0,14.6,79.9,1.3156
2004-10-28 05:00:00,905.0,776.0,851.0,1327.0,825.0,0.8,,5.2,163.0,48.0,15.2,78.0,1.3382
2004-10-28 06:00:00,1055.0,977.0,703.0,1506.0,1013.0,1.6,,10.0,326.0,61.0,15.5,77.2,1.3502
2004-10-28 07:00:00,1328.0,1296.0,527.0,1829.0,1341.0,3.4,,20.0,640.0,88.0,15.7,76.4,1.3558
2004-10-28 08:00:00,1401.0,1449.0,477.0,1969.0,1528.0,4.4,,25.8,736.0,102.0,16.0,76.4,1.3751
2004-10-28 09:00:00,1291.0,1296.0,529.0,1752.0,1432.0,3.5,,20.0,667.0,97.0,16.7,73.8,1.3886
2004-10-28 10:00:00,1316.0,1314.0,526.0,1780.0,1499.0,3.4,,20.6,677.0,116.0,18.6,66.3,1.4047
2004-10-28 11:00:00,1116.0,1057.0,639.0,1532.0,1236.0,2.4,,12.2,425.0,112.0,20.4,58.1,1.3762
2004-10-28 12:00:00,1139.0,1088.0,625.0,1580.0,1180.0,2.3,,13.1,349.0,101.0,20.6,57.3,1.3792
2004-10-28 13:00:00,1165.0,1131.0,609.0,1640.0,1196.0,2.6,,14.5,332.0,99.0,21.6,53.6,1.3669
2004-10-28 14:00:00,1260.0,1224.0,571.0,1731.0,1301.0,2.9,,17.5,412.0,113.0,21.4,55.6,1.4015
2004-10-28 15:00:00,1475.0,1451.0,455.0,1991.0,1646.0,4.4,,25.9,631.0,122.0,20.7,63.0,1.5204
2004-10-28 16:00:00,1521.0,1470.0,446.0,1977.0,1720.0,5.0,,26.6,677.0,139.0,21.3,61.9,1.5463
2004-10-28 17:00:00,1633.0,1671.0,398.0,2271.0,1852.0,6.5,,35.3,761.0,149.0,20.8,64.0,1.5522
2004-10-28 18:00:00,1463.0,1508.0,468.0,2092.0,1670.0,5.9,,28.2,650.0,136.0,20.3,66.7,1.5656
2004-10-28 19:00:00,1140.0,1122.0,619.0,1602.0,1208.0,2.7,,14.2,262.0,103.0,19.7,64.5,1.4594
2004-10-28 20:00:00,1147.0,1065.0,651.0,1562.0,1160.0,2.5,,12.4,292.0,112.0,19.4,64.0,1.4282
2004-10-28 21:00:00,988.0,839.0,805.0,1382.0,937.0,1.5,,6.6,177.0,88.0,20.1,60.8,1.4152
2004-10-28 22:00:00,924.0,754.0,890.0,1327.0,783.0,1.0,,4.8,103.0,63.0,20.4,60.4,1.4263
2004-10-28 23:00:00,950.0,782.0,862.0,1331.0,807.0,1.2,,5.4,127.0,69.0,20.1,62.6,1.4543
2004-10-29 00:00:00,926.0,727.0,925.0,1326.0,729.0,1.0,,4.3,119.0,65.0,19.9,64.9,1.4905
2004-10-29 01:00:00,879.0,645.0,1023.0,1288.0,612.0,0.8,,2.9,83.0,50.0,18.2,74.7,1.5441
2004-10-29 02:00:00,864.0,621.0,1073.0,1286.0,574.0,0.6,,2.5,65.0,43.0,18.4,73.8,1.5463
2004-10-29 03:00:00,868.0,596.0,1092.0,1276.0,579.0,0.6,,2.2,,,18.7,73.5,1.5664
2004-10-29 04:00:00,894.0,636.0,1010.0,1308.0,687.0,,,2.7,84.0,56.0,18.2,76.6,1.5907
2004-10-29 05:00:00,1009.0,816.0,799.0,1430.0,856.0,1.1,,6.1,200.0,69.0,18.5,76.4,1.6112
2004-10-29 06:00:00,1069.0,889.0,738.0,1469.0,976.0,1.3,,7.7,242.0,91.0,19.3,71.6,1.5844
2004-10-29 07:00:00,1311.0,1178.0,574.0,1769.0,1208.0,2.9,,15.9,366.0,111.0,20.2,66.9,1.5643
2004-10-29 08:00:00,1370.0,1372.0,485.0,1945.0,1400.0,3.7,,22.8,404.0,124.0,20.8,64.7,1.5692
2004-10-29 09:00:00,1246.0,1197.0,566.0,1746.0,1278.0,3.0,,16.6,429.0,119.0,21.9,61.8,1.6021
2004-10-29 10:00:00,1039.0,917.0,735.0,1467.0,934.0,1.4,,8.4,169.0,77.0,23.5,57.7,1.6515
2004-10-29 11:00:00,1296.0,1113.0,604.0,1736.0,1073.0,2.6,,13.9,419.0,101.0,19.8,81.0,1.8538
2004-10-29 12:00:00,1523.0,1428.0,458.0,2114.0,1363.0,4.2,,24.9,603.0,116.0,20.2,86.5,2.0224
2004-10-29 13:00:00,1424.0,1361.0,484.0,1983.0,1346.0,5.1,,22.4,589.0,137.0,20.2,82.2,1.9184
2004-10-29 14:00:00,1513.0,1457.0,463.0,2125.0,1393.0,5.5,,26.1,706.0,163.0,19.7,82.2,1.8669
2004-10-29 15:00:00,1338.0,1244.0,558.0,1847.0,1255.0,4.5,,18.1,592.0,144.0,20.2,79.1,1.85
2004-10-29 16:00:00,1214.0,1113.0,616.0,1664.0,1213.0,2.7,,13.9,305.0,118.0,20.1,75.4,1.751
2004-10-29 17:00:00,1290.0,1253.0,550.0,1807.0,1332.0,3.1,,18.5,371.0,135.0,20.2,72.3,1.6893
2004-10-29 18:00:00,1353.0,1323.0,519.0,1860.0,1430.0,4.2,,20.9,465.0,129.0,20.0,73.3,1.693
2004-10-29 19:00:00,1130.0,1082.0,647.0,1591.0,1102.0,3.1,,12.9,390.0,128.0,18.3,74.9,1.5583
2004-10-29 20:00:00,969.0,843.0,828.0,1375.0,895.0,1.7,,6.7,227.0,103.0,18.9,70.4,1.5259
2004-10-29 21:00:00,1038.0,856.0,801.0,1415.0,905.0,1.8,,7.0,284.0,116.0,17.3,76.3,1.4919
2004-10-29 22:00:00,1020.0,869.0,793.0,1410.0,869.0,1.7,,7.3,211.0,95.0,17.1,77.9,1.5081
2004-10-29 23:00:00,1097.0,944.0,716.0,1489.0,982.0,2.1,,9.1,297.0,107.0,17.3,79.3,1.5569
2004-10-30 00:00:00,1123.0,973.0,690.0,1520.0,999.0,2.4,,9.9,351.0,108.0,17.3,79.9,1.5643
2004-10-30 01:00:00,1023.0,851.0,782.0,1413.0,881.0,1.8,,6.9,259.0,94.0,16.9,80.6,1.5372
2004-10-30 02:00:00,1015.0,833.0,786.0,1400.0,868.0,1.5,,6.5,214.0,84.0,16.9,81.4,1.551
2004-10-30 03:00:00,979.0,805.0,809.0,1383.0,843.0,1.4,,5.9,,,16.8,81.5,1.5418
2004-10-30 04:00:00,931.0,784.0,826.0,1372.0,833.0,,,5.4,173.0,72.0,16.9,79.8,1.5238
2004-10-30 05:00:00,922.0,783.0,857.0,1367.0,825.0,1.0,,5.4,192.0,76.0,16.7,79.7,1.503
2004-10-30 06:00:00,989.0,891.0,762.0,1453.0,901.0,1.4,,7.8,237.0,82.0,16.8,79.0,1.4978
2004-10-30 07:00:00,1149.0,1103.0,622.0,1662.0,1090.0,2.4,,13.6,413.0,94.0,16.8,79.8,1.5115
2004-10-30 08:00:00,1202.0,1160.0,585.0,1723.0,1165.0,3.1,,15.4,455.0,102.0,16.9,79.9,1.5253
2004-10-30 09:00:00,1206.0,1131.0,592.0,1675.0,1201.0,3.0,,14.4,493.0,106.0,17.4,79.3,1.5593
2004-10-30 10:00:00,1224.0,1126.0,596.0,1656.0,1231.0,2.7,,14.3,482.0,108.0,18.0,76.6,1.5706
2004-10-30 11:00:00,1371.0,1305.0,521.0,1845.0,1461.0,4.0,,20.3,599.0,152.0,21.2,64.4,1.6015
2004-10-30 12:00:00,1327.0,1259.0,539.0,1826.0,1434.0,3.7,,18.7,481.0,160.0,22.4,60.8,1.6261
2004-10-30 13:00:00,1301.0,1218.0,553.0,1806.0,1399.0,3.4,,17.3,406.0,133.0,22.6,61.1,1.6596
2004-10-30 14:00:00,1301.0,1208.0,560.0,1781.0,1417.0,3.4,,16.9,419.0,147.0,23.6,57.3,1.645
2004-10-30 15:00:00,1314.0,1191.0,564.0,1777.0,1395.0,3.2,,16.4,387.0,135.0,23.5,58.3,1.664
2004-10-30 16:00:00,1394.0,1272.0,526.0,1869.0,1442.0,3.9,,19.1,461.0,135.0,22.9,61.6,1.7014
2004-10-30 17:00:00,1385.0,1260.0,528.0,1850.0,1425.0,3.7,,18.7,493.0,129.0,22.3,64.3,1.7055
2004-10-30 18:00:00,1440.0,1362.0,486.0,1968.0,1496.0,4.3,,22.4,532.0,117.0,21.6,68.0,1.7305
2004-10-30 19:00:00,1493.0,1437.0,470.0,2015.0,1551.0,4.9,,25.3,581.0,116.0,21.2,67.4,1.6755
2004-10-30 20:00:00,1319.0,1230.0,551.0,1785.0,1381.0,4.0,,17.7,494.0,109.0,20.8,65.8,1.6001
2004-10-30 21:00:00,1187.0,1110.0,612.0,1658.0,1229.0,2.8,,13.8,392.0,96.0,20.4,64.8,1.5379
2004-10-30 22:00:00,1119.0,984.0,688.0,1539.0,1082.0,2.4,,10.2,311.0,90.0,20.1,66.7,1.5548
2004-10-30 23:00:00,1100.0,924.0,744.0,1494.0,963.0,1.9,,8.6,236.0,82.0,19.5,70.0,1.5711
2004-10-31 00:00:00,1076.0,895.0,757.0,1492.0,939.0,2.0,,7.9,270.0,86.0,19.3,70.4,1.5578
2004-10-31 01:00:00,972.0,799.0,833.0,1425.0,825.0,1.5,,5.7,199.0,72.0,19.7,68.6,1.5563
2004-10-31 02:00:00,973.0,828.0,818.0,1445.0,811.0,1.3,,6.4,146.0,61.0,19.7,68.2,1.5484
2004-10-31 03:00:00,918.0,742.0,905.0,1386.0,720.0,1.0,,4.6,,,19.9,68.4,1.5673
2004-10-31 04:00:00,844.0,630.0,1035.0,1320.0,627.0,,,2.7,74.0,45.0,18.4,74.2,1.5581
2004-10-31 05:00:00,817.0,588.0,1134.0,1310.0,589.0,0.5,,2.1,55.0,37.0,18.9,71.3,1.5449
2004-10-31 06:00:00,791.0,519.0,1291.0,1295.0,540.0,0.4,,1.2,43.0,31.0,18.1,79.0,1.6224
2004-10-31 07:00:00,819.0,537.0,1264.0,1315.0,551.0,0.4,,1.4,46.0,30.0,20.4,71.2,1.6834
2004-10-31 08:00:00,972.0,743.0,944.0,1477.0,742.0,0.9,,4.6,139.0,41.0,20.6,70.7,1.6996
2004-10-31 09:00:00,997.0,797.0,812.0,1470.0,824.0,1.3,,5.7,169.0,64.0,19.3,74.1,1.6391
2004-10-31 10:00:00,1194.0,1000.0,653.0,1642.0,1059.0,2.1,,10.6,254.0,74.0,22.2,64.4,1.7005
2004-10-31 11:00:00,1240.0,1014.0,628.0,1643.0,1144.0,2.4,,11.0,303.0,77.0,23.0,64.6,1.7851
2004-10-31 12:00:00,1117.0,922.0,717.0,1585.0,994.0,2.0,,8.6,259.0,83.0,24.3,57.4,1.7233
2004-10-31 13:00:00,1141.0,932.0,689.0,1595.0,1014.0,1.8,,8.8,226.0,71.0,22.0,67.0,1.7441
2004-10-31 14:00:00,1062.0,880.0,719.0,1580.0,924.0,1.5,,7.5,161.0,62.0,22.9,65.7,1.8148
2004-10-31 15:00:00,1160.0,1036.0,622.0,1727.0,1023.0,1.6,,11.6,182.0,62.0,23.2,63.9,1.7957
2004-10-31 16:00:00,1169.0,983.0,672.0,1633.0,1033.0,2.2,,10.1,289.0,79.0,23.0,62.3,1.7248
2004-10-31 17:00:00,1185.0,1006.0,666.0,1638.0,1065.0,2.3,,10.8,340.0,93.0,22.4,63.2,1.6878
2004-10-31 18:00:00,1571.0,1559.0,440.0,2277.0,1516.0,6.6,,30.3,544.0,106.0,21.7,66.6,1.7077
2004-10-31 19:00:00,1464.0,1362.0,487.0,1987.0,1648.0,4.7,,22.4,543.0,100.0,21.2,70.3,1.7476
2004-10-31 20:00:00,1423.0,1314.0,508.0,1912.0,1466.0,4.1,,20.6,501.0,89.0,20.8,70.9,1.7203
2004-10-31 21:00:00,1318.0,1226.0,543.0,1848.0,1365.0,4.1,,17.5,521.0,83.0,20.0,73.2,1.6965
2004-10-31 22:00:00,1229.0,1114.0,598.0,1723.0,1247.0,2.7,,13.9,352.0,76.0,19.7,73.7,1.6708
2004-10-31 23:00:00,1187.0,1105.0,611.0,1700.0,1183.0,2.6,,13.6,321.0,68.0,19.9,72.6,1.6681
2004-11-01 00:00:00,1353.0,1176.0,584.0,1723.0,2150.0,3.2,,15.9,318.0,69.0,20.1,71.3,1.6564
2004-11-01 01:00:00,1407.0,1235.0,548.0,1780.0,2519.0,3.7,,17.8,338.0,77.0,20.1,71.1,1.6498
2004-11-01 02:00:00,1333.0,1201.0,552.0,1767.0,1925.0,3.5,,16.7,353.0,68.0,19.6,73.2,1.6543
2004-11-01 03:00:00,1269.0,1181.0,559.0,1756.0,1762.0,3.0,,16.0,,,19.1,75.8,1.6568
2004-11-01 04:00:00,1253.0,1206.0,540.0,1779.0,1579.0,,,16.9,291.0,52.0,18.4,77.9,1.6389
2004-11-01 05:00:00,1212.0,1149.0,562.0,1710.0,1599.0,2.7,,15.0,279.0,49.0,18.4,78.1,1.637
2004-11-01 06:00:00,1061.0,962.0,679.0,1554.0,1395.0,1.8,,9.6,200.0,45.0,19.2,74.7,1.6398
2004-11-01 07:00:00,1028.0,890.0,733.0,1525.0,1323.0,1.3,,7.8,180.0,51.0,19.4,75.1,1.6766
2004-11-01 08:00:00,1067.0,928.0,711.0,1564.0,1309.0,1.5,,8.7,213.0,51.0,19.1,75.6,1.6519
2004-11-01 09:00:00,1111.0,970.0,667.0,1594.0,1441.0,1.9,,9.8,266.0,62.0,20.3,71.1,1.6803
2004-11-01 10:00:00,1189.0,1065.0,609.0,1683.0,1830.0,2.2,,12.4,247.0,74.0,23.1,61.3,1.7131
2004-11-01 11:00:00,1293.0,1114.0,584.0,1702.0,1704.0,2.6,,13.9,326.0,88.0,25.1,56.0,1.7565
2004-11-01 12:00:00,1285.0,1065.0,597.0,1686.0,1576.0,2.7,,12.5,319.0,90.0,25.8,56.1,1.841
2004-11-01 13:00:00,1236.0,1011.0,631.0,1706.0,1305.0,2.5,,10.9,320.0,91.0,23.7,68.2,1.9739
2004-11-01 14:00:00,1082.0,834.0,747.0,1562.0,991.0,1.5,,6.5,174.0,64.0,23.1,70.8,1.98
2004-11-01 15:00:00,1188.0,954.0,664.0,1636.0,1148.0,2.0,,9.4,216.0,72.0,23.9,66.3,1.9361
2004-11-01 16:00:00,1348.0,1157.0,564.0,1810.0,1307.0,3.1,,15.3,376.0,88.0,23.8,65.0,1.8897
2004-11-01 17:00:00,1394.0,1193.0,547.0,1811.0,1386.0,3.7,,16.4,496.0,110.0,23.2,65.6,1.8435
2004-11-01 18:00:00,1472.0,1290.0,510.0,1942.0,1420.0,4.0,,19.8,523.0,95.0,21.8,72.7,1.8789
2004-11-01 19:00:00,1291.0,1174.0,567.0,1746.0,1341.0,4.1,,15.8,465.0,91.0,21.7,67.3,1.7256
2004-11-01 20:00:00,1264.0,1133.0,593.0,1750.0,1258.0,3.1,,14.5,407.0,94.0,21.3,66.3,1.6594
2004-11-01 21:00:00,1264.0,1138.0,579.0,1733.0,1245.0,3.2,,14.7,412.0,86.0,20.4,71.6,1.7004
2004-11-01 22:00:00,1260.0,1160.0,568.0,1755.0,1231.0,3.2,,15.3,403.0,79.0,19.6,75.3,1.6981
2004-11-01 23:00:00,1184.0,1084.0,612.0,1674.0,1151.0,2.7,,13.0,357.0,71.0,19.3,75.8,1.6762
2004-11-02 00:00:00,1122.0,996.0,660.0,1586.0,1048.0,2.3,,10.5,259.0,62.0,18.4,76.3,1.6017
2004-11-02 01:00:00,983.0,881.0,752.0,1472.0,928.0,1.6,,7.6,227.0,56.0,18.2,76.4,1.5787
2004-11-02 02:00:00,885.0,753.0,878.0,1374.0,813.0,1.1,,4.8,147.0,49.0,17.9,74.8,1.5219
2004-11-02 03:00:00,825.0,661.0,987.0,1334.0,753.0,0.7,,3.1,,,17.5,74.5,1.4781
2004-11-02 04:00:00,791.0,627.0,1069.0,1306.0,709.0,,,2.6,72.0,38.0,17.2,74.0,1.4388
2004-11-02 05:00:00,802.0,636.0,1016.0,1289.0,721.0,0.6,,2.7,96.0,35.0,17.6,73.2,1.4555
2004-11-02 06:00:00,804.0,652.0,1054.0,1294.0,710.0,0.5,,3.0,73.0,37.0,17.9,69.3,1.4099
2004-11-02 07:00:00,1014.0,927.0,747.0,1497.0,951.0,1.5,,8.7,309.0,56.0,16.1,76.3,1.3902
2004-11-02 08:00:00,1316.0,1317.0,538.0,1860.0,1336.0,3.4,,20.7,607.0,85.0,17.1,72.8,1.4054
2004-11-02 09:00:00,1296.0,1435.0,504.0,1899.0,1489.0,4.4,,25.2,562.0,112.0,20.8,57.9,1.407
2004-11-02 10:00:00,1381.0,1394.0,495.0,1911.0,1558.0,4.4,,23.6,560.0,107.0,20.6,60.2,1.4428
2004-11-02 11:00:00,1570.0,1617.0,426.0,2170.0,1944.0,5.8,,32.9,844.0,151.0,22.1,56.6,1.4851
2004-11-02 12:00:00,1426.0,1445.0,477.0,1970.0,1782.0,4.9,,25.6,667.0,151.0,24.0,50.0,1.4679
2004-11-02 13:00:00,1535.0,1578.0,440.0,2125.0,1921.0,5.1,,31.2,583.0,150.0,25.7,45.6,1.487
2004-11-02 14:00:00,1678.0,1727.0,390.0,2318.0,2039.0,7.5,,37.9,726.0,190.0,25.5,49.7,1.5985
2004-11-02 15:00:00,1605.0,1603.0,415.0,2199.0,1912.0,5.8,,32.3,674.0,168.0,25.2,50.6,1.5989
2004-11-02 16:00:00,1559.0,1586.0,421.0,2197.0,1827.0,5.9,,31.5,544.0,127.0,25.4,50.7,1.6187
2004-11-02 17:00:00,1713.0,1728.0,390.0,2386.0,1919.0,6.8,,38.0,715.0,140.0,24.4,56.0,1.6885
2004-11-02 18:00:00,1751.0,1853.0,358.0,2496.0,2013.0,7.9,,44.1,789.0,158.0,23.0,62.1,1.7283
2004-11-02 19:00:00,1723.0,1869.0,359.0,2563.0,1919.0,8.0,,44.9,737.0,121.0,21.8,65.3,1.6889
2004-11-02 20:00:00,1778.0,1935.0,349.0,2643.0,1927.0,9.2,,48.2,859.0,119.0,20.9,67.5,1.6539
2004-11-02 21:00:00,1461.0,1529.0,450.0,2111.0,1573.0,5.9,,29.1,668.0,96.0,20.2,68.6,1.6034
2004-11-02 22:00:00,1258.0,1272.0,541.0,1804.0,1325.0,3.7,,19.1,454.0,77.0,19.3,70.8,1.5728
2004-11-02 23:00:00,1138.0,1113.0,610.0,1641.0,1203.0,2.6,,13.9,337.0,66.0,19.2,68.8,1.5097
2004-11-03 00:00:00,936.0,849.0,798.0,1381.0,947.0,1.1,,6.8,127.0,56.0,20.4,61.1,1.4495
2004-11-03 01:00:00,1167.0,1090.0,626.0,1620.0,1106.0,2.6,,13.2,281.0,62.0,18.0,71.5,1.4615
2004-11-03 02:00:00,1071.0,1003.0,665.0,1542.0,1045.0,2.2,,10.7,252.0,58.0,17.5,73.2,1.4515
2004-11-03 03:00:00,866.0,717.0,909.0,1328.0,827.0,0.9,,4.1,,,17.2,71.7,1.394
2004-11-03 04:00:00,836.0,647.0,985.0,1271.0,777.0,,,2.9,65.0,37.0,16.4,74.4,1.3779
2004-11-03 05:00:00,823.0,630.0,1033.0,1253.0,748.0,0.5,,2.7,69.0,35.0,16.8,71.9,1.3628
2004-11-03 06:00:00,890.0,727.0,917.0,1290.0,833.0,0.7,,4.3,151.0,50.0,16.9,70.5,1.3504
2004-11-03 07:00:00,1019.0,901.0,750.0,1438.0,960.0,1.3,,8.0,231.0,64.0,17.0,70.1,1.3512
2004-11-03 08:00:00,1177.0,1166.0,621.0,1667.0,1157.0,2.2,,15.5,297.0,75.0,18.8,62.5,1.3401
2004-11-03 09:00:00,1348.0,1398.0,505.0,1847.0,1444.0,3.7,,23.8,515.0,101.0,20.3,58.4,1.3745
2004-11-03 10:00:00,1341.0,1323.0,516.0,1786.0,1522.0,3.7,,21.0,499.0,94.0,23.7,49.1,1.423
2004-11-03 11:00:00,1307.0,1278.0,527.0,1767.0,1452.0,3.4,,19.3,445.0,95.0,26.6,42.8,1.4713
2004-11-03 12:00:00,1305.0,1287.0,525.0,1771.0,1437.0,3.4,,19.7,464.0,124.0,26.2,43.5,1.4591
2004-11-03 13:00:00,1177.0,1090.0,612.0,1632.0,1209.0,2.6,,13.2,298.0,86.0,26.3,43.6,1.4663
2004-11-03 14:00:00,1192.0,1085.0,617.0,1638.0,1170.0,2.5,,13.0,266.0,79.0,26.6,42.5,1.4568
2004-11-03 15:00:00,1214.0,1080.0,611.0,1642.0,1190.0,2.5,,12.9,323.0,87.0,26.3,43.7,1.4718
2004-11-03 16:00:00,1240.0,1152.0,575.0,1699.0,1278.0,2.7,,15.1,352.0,94.0,25.6,46.2,1.4903
2004-11-03 17:00:00,1271.0,1188.0,563.0,1703.0,1305.0,3.2,,16.3,372.0,107.0,25.1,47.6,1.4983
2004-11-03 18:00:00,1333.0,1312.0,520.0,1853.0,1364.0,3.7,,20.5,383.0,107.0,23.8,51.4,1.4956
2004-11-03 19:00:00,1390.0,1414.0,487.0,1959.0,1428.0,4.6,,24.4,455.0,117.0,23.3,53.1,1.496
2004-11-03 20:00:00,1266.0,1261.0,541.0,1807.0,1285.0,3.3,,18.7,355.0,97.0,22.4,55.2,1.4735
2004-11-03 21:00:00,1140.0,1072.0,626.0,1597.0,1143.0,2.4,,12.7,267.0,90.0,21.7,57.7,1.4766
2004-11-03 22:00:00,1240.0,1168.0,582.0,1714.0,1235.0,2.8,,15.6,308.0,86.0,20.5,63.0,1.5043
2004-11-03 23:00:00,1187.0,1122.0,589.0,1641.0,1208.0,2.7,,14.2,313.0,77.0,19.5,67.6,1.5156
2004-11-04 00:00:00,1043.0,975.0,675.0,1489.0,1041.0,1.8,,9.9,216.0,66.0,18.7,69.0,1.4727
2004-11-04 01:00:00,948.0,826.0,802.0,1382.0,897.0,1.1,,6.3,137.0,57.0,19.3,65.5,1.45
2004-11-04 02:00:00,955.0,775.0,831.0,1362.0,862.0,1.2,,5.2,140.0,55.0,17.6,70.8,1.4105
2004-11-04 03:00:00,915.0,721.0,891.0,1315.0,816.0,0.8,,4.2,,,16.8,72.9,1.3851
2004-11-04 04:00:00,832.0,644.0,990.0,1239.0,747.0,0.6,,2.9,94.0,40.0,17.8,68.1,1.3722
2004-11-04 05:00:00,846.0,628.0,1025.0,1218.0,727.0,0.5,,2.6,79.0,40.0,16.1,73.5,1.3329
2004-11-04 06:00:00,897.0,750.0,874.0,1270.0,799.0,0.7,,4.7,156.0,46.0,15.8,73.5,1.3151
2004-11-04 07:00:00,908.0,767.0,868.0,1272.0,807.0,0.8,,5.1,153.0,53.0,17.0,68.0,1.3102
2004-11-04 08:00:00,1348.0,1357.0,526.0,1833.0,1324.0,3.5,,22.2,464.0,84.0,16.0,72.2,1.3077
2004-11-04 09:00:00,1384.0,1386.0,504.0,1833.0,1404.0,3.6,,23.3,435.0,88.0,17.8,65.4,1.3213
2004-11-04 10:00:00,1473.0,1463.0,462.0,1948.0,1605.0,,,26.3,683.0,143.0,20.6,56.0,1.3467
2004-11-04 11:00:00,1360.0,1287.0,517.0,1755.0,1478.0,,,19.7,523.0,130.0,23.6,48.0,1.3757
2004-11-04 12:00:00,1305.0,1223.0,545.0,1720.0,1414.0,,,17.4,460.0,120.0,23.7,49.8,1.4433
2004-11-04 13:00:00,1337.0,1302.0,507.0,1786.0,1465.0,,,20.2,417.0,139.0,24.7,47.4,1.4527
2004-11-04 14:00:00,1414.0,1414.0,478.0,1896.0,1588.0,,,24.4,486.0,139.0,25.9,42.8,1.4122
2004-11-04 15:00:00,1463.0,1417.0,467.0,1900.0,1651.0,,,24.5,512.0,156.0,26.8,43.3,1.4977
2004-11-04 16:00:00,1530.0,1425.0,457.0,1975.0,1652.0,,,24.8,595.0,143.0,26.6,45.5,1.5555
2004-11-04 17:00:00,1915.0,1889.0,340.0,2603.0,2110.0,,,45.9,1052.0,186.0,24.8,53.9,1.6683
2004-11-04 18:00:00,1882.0,1920.0,328.0,2609.0,2204.0,8.7,,47.5,1014.0,171.0,23.1,61.1,1.7082
2004-11-04 19:00:00,1589.0,1619.0,406.0,2216.0,1780.0,5.8,,33.0,633.0,124.0,22.2,63.7,1.6865
2004-11-04 20:00:00,1463.0,1484.0,443.0,2011.0,1590.0,4.3,,27.2,485.0,97.0,21.1,66.1,1.6313
2004-11-04 21:00:00,1380.0,1345.0,493.0,1856.0,1419.0,3.6,,21.8,480.0,92.0,20.0,69.0,1.5956
2004-11-04 22:00:00,1383.0,1332.0,495.0,1855.0,1415.0,3.9,,21.3,572.0,96.0,19.1,72.0,1.5732
2004-11-04 23:00:00,1181.0,1094.0,600.0,1599.0,1180.0,2.4,,13.3,345.0,74.0,18.8,70.6,1.5209
2004-11-05 00:00:00,1061.0,931.0,699.0,1481.0,1015.0,1.6,,8.8,195.0,65.0,18.5,69.5,1.4657
2004-11-05 01:00:00,1091.0,945.0,698.0,1467.0,1014.0,1.8,,9.2,213.0,62.0,18.4,68.5,1.439
2004-11-05 02:00:00,1010.0,884.0,719.0,1430.0,938.0,1.5,,7.6,216.0,59.0,16.8,73.3,1.3915
2004-11-05 03:00:00,868.0,688.0,922.0,1249.0,777.0,0.7,,3.6,,,17.9,66.8,1.3596
2004-11-05 04:00:00,852.0,639.0,1009.0,1204.0,723.0,0.5,,2.8,73.0,41.0,16.5,71.0,1.3239
2004-11-05 05:00:00,826.0,601.0,1056.0,1180.0,702.0,0.4,,2.2,67.0,38.0,16.9,67.9,1.295
2004-11-05 06:00:00,862.0,677.0,973.0,1192.0,725.0,0.5,,3.4,96.0,43.0,16.1,69.3,1.2591
2004-11-05 07:00:00,951.0,800.0,803.0,1257.0,836.0,0.8,,5.7,162.0,52.0,16.1,69.6,1.2593
2004-11-05 08:00:00,1210.0,1188.0,583.0,1575.0,1129.0,2.0,,16.3,305.0,75.0,16.2,70.1,1.2837
2004-11-05 09:00:00,1601.0,1727.0,389.0,2252.0,1718.0,6.2,,37.9,725.0,118.0,16.5,69.3,1.2897
2004-11-05 10:00:00,1477.0,1443.0,469.0,1878.0,1646.0,4.5,,25.5,658.0,126.0,19.6,58.3,1.3141
2004-11-05 11:00:00,1458.0,1408.0,471.0,1889.0,1664.0,4.6,,24.2,710.0,151.0,20.7,55.5,1.3414
2004-11-05 12:00:00,1354.0,1321.0,504.0,1799.0,1496.0,3.3,,20.9,445.0,107.0,20.8,56.3,1.3664
2004-11-05 13:00:00,1385.0,1354.0,490.0,1823.0,1506.0,3.6,,22.1,455.0,114.0,21.7,53.1,1.3649
2004-11-05 14:00:00,1460.0,1430.0,466.0,1932.0,1604.0,4.4,,25.0,524.0,125.0,23.0,49.0,1.362
2004-11-05 15:00:00,1492.0,1463.0,460.0,1935.0,1632.0,4.3,,26.4,527.0,138.0,24.2,44.0,1.3078
2004-11-05 16:00:00,1569.0,1547.0,435.0,2016.0,1736.0,5.0,,29.8,601.0,144.0,24.7,43.6,1.3396
2004-11-05 17:00:00,1870.0,1871.0,351.0,2483.0,2165.0,8.1,,45.0,1001.0,180.0,23.0,54.2,1.5066
2004-11-05 18:00:00,1774.0,1829.0,359.0,2457.0,2152.0,8.0,,42.8,852.0,154.0,21.4,60.9,1.5322
2004-11-05 19:00:00,1388.0,1363.0,485.0,1815.0,1556.0,3.6,,22.4,370.0,105.0,20.3,61.4,1.4417
2004-11-05 20:00:00,1303.0,1177.0,562.0,1619.0,1389.0,2.9,,15.9,348.0,98.0,20.0,63.2,1.4581
2004-11-05 21:00:00,1257.0,1126.0,581.0,1599.0,1300.0,2.7,,14.3,361.0,93.0,19.1,64.4,1.405
2004-11-05 22:00:00,1132.0,1002.0,640.0,1474.0,1126.0,1.9,,10.7,255.0,76.0,18.1,67.5,1.3855
2004-11-05 23:00:00,1050.0,881.0,732.0,1363.0,982.0,1.3,,7.6,162.0,69.0,17.8,66.9,1.3464
2004-11-06 00:00:00,1033.0,842.0,756.0,1362.0,941.0,1.2,,6.7,166.0,66.0,17.6,66.5,1.3249
2004-11-06 01:00:00,1106.0,938.0,685.0,1395.0,1010.0,1.8,,9.0,247.0,76.0,16.1,71.2,1.2948
2004-11-06 02:00:00,1107.0,940.0,689.0,1403.0,985.0,1.9,,9.0,255.0,73.0,15.5,73.3,1.2845
2004-11-06 03:00:00,1011.0,856.0,769.0,1341.0,889.0,1.5,,7.0,,,15.4,72.8,1.2633
2004-11-06 04:00:00,916.0,726.0,879.0,1248.0,791.0,0.9,,4.3,129.0,54.0,15.6,70.8,1.2461
2004-11-06 05:00:00,852.0,641.0,1012.0,1172.0,710.0,0.5,,2.8,83.0,44.0,17.0,64.5,1.2374
2004-11-06 06:00:00,889.0,694.0,913.0,1198.0,743.0,0.6,,3.7,114.0,45.0,14.9,72.3,1.2186
2004-11-06 07:00:00,1002.0,828.0,798.0,1307.0,857.0,1.1,,6.3,233.0,58.0,14.0,76.6,1.2183
2004-11-06 08:00:00,1231.0,1134.0,587.0,1572.0,1143.0,2.8,,14.5,448.0,87.0,14.6,74.2,1.2256
2004-11-06 09:00:00,1212.0,1191.0,551.0,1586.0,1210.0,2.9,,16.4,455.0,97.0,15.9,69.8,1.253
2004-11-06 10:00:00,1121.0,1012.0,650.0,1436.0,1060.0,1.7,,10.9,254.0,80.0,18.4,61.3,1.2854
2004-11-06 11:00:00,1260.0,1121.0,568.0,1569.0,1252.0,2.3,,14.1,313.0,82.0,20.0,56.7,1.3078
2004-11-06 12:00:00,1391.0,1214.0,518.0,1691.0,1435.0,3.3,,17.1,490.0,112.0,20.4,57.0,1.3507
2004-11-06 13:00:00,1463.0,1280.0,482.0,1794.0,1544.0,3.5,,19.4,496.0,121.0,20.7,59.3,1.4283
2004-11-06 14:00:00,1464.0,1321.0,475.0,1794.0,1600.0,3.8,,20.9,514.0,132.0,21.7,54.8,1.4024
2004-11-06 15:00:00,1412.0,1230.0,516.0,1672.0,1534.0,3.4,,17.7,454.0,141.0,22.0,54.2,1.4096
2004-11-06 16:00:00,1450.0,1292.0,495.0,1768.0,1495.0,3.8,,19.8,507.0,130.0,21.4,57.1,1.4356
2004-11-06 17:00:00,1416.0,1283.0,510.0,1739.0,1442.0,3.6,,19.5,474.0,113.0,20.8,58.7,1.4259
2004-11-06 18:00:00,1346.0,1211.0,540.0,1674.0,1340.0,3.5,,17.0,404.0,101.0,20.1,59.6,1.3852
2004-11-06 19:00:00,1273.0,1137.0,586.0,1563.0,1231.0,2.8,,14.6,356.0,91.0,20.0,58.4,1.3473
2004-11-06 20:00:00,1206.0,1049.0,634.0,1484.0,1128.0,2.5,,12.0,345.0,90.0,19.5,58.9,1.3195
2004-11-06 21:00:00,1252.0,1094.0,615.0,1526.0,1188.0,3.1,,13.3,395.0,90.0,19.5,57.4,1.2874
2004-11-06 22:00:00,1069.0,897.0,729.0,1364.0,998.0,1.8,,7.9,249.0,83.0,19.1,59.2,1.295
2004-11-06 23:00:00,1061.0,895.0,737.0,1359.0,944.0,1.6,,7.9,197.0,73.0,18.8,59.1,1.2702
2004-11-07 00:00:00,1072.0,880.0,767.0,1318.0,928.0,1.9,,7.5,224.0,80.0,18.0,60.4,1.2331
2004-11-07 01:00:00,1075.0,917.0,737.0,1354.0,1037.0,2.0,,8.4,231.0,87.0,17.5,60.7,1.2009
2004-11-07 02:00:00,992.0,853.0,796.0,1305.0,930.0,1.4,,6.9,177.0,79.0,17.5,59.4,1.1768
2004-11-07 03:00:00,914.0,741.0,891.0,1210.0,803.0,1.2,,4.6,,,17.1,59.2,1.1477
2004-11-07 04:00:00,854.0,700.0,980.0,1151.0,665.0,,,3.8,98.0,56.0,17.0,52.3,1.0009
2004-11-07 05:00:00,774.0,591.0,1151.0,1044.0,533.0,0.7,,2.1,64.0,42.0,16.1,49.8,0.9021
2004-11-07 06:00:00,757.0,542.0,1339.0,1004.0,449.0,0.4,,1.5,44.0,31.0,15.5,51.5,0.9026
2004-11-07 07:00:00,752.0,516.0,1370.0,997.0,440.0,0.4,,1.2,53.0,35.0,15.1,52.0,0.8878
2004-11-07 08:00:00,757.0,551.0,1295.0,967.0,453.0,0.5,,1.6,94.0,51.0,14.9,46.8,0.7885
2004-11-07 09:00:00,777.0,580.0,1263.0,963.0,465.0,0.7,,1.9,100.0,58.0,15.5,42.4,0.74
2004-11-07 10:00:00,774.0,583.0,1246.0,966.0,457.0,0.7,,2.0,98.0,57.0,16.6,38.2,0.7186
2004-11-07 11:00:00,805.0,632.0,1176.0,1033.0,475.0,0.7,,2.7,115.0,63.0,18.0,34.7,0.7089
2004-11-07 12:00:00,838.0,686.0,1083.0,1046.0,532.0,1.0,,3.6,115.0,61.0,18.0,35.1,0.7176
2004-11-07 13:00:00,824.0,695.0,1091.0,1035.0,526.0,1.0,,3.7,76.0,34.0,17.6,33.8,0.6726
2004-11-07 14:00:00,812.0,704.0,1055.0,1044.0,520.0,0.9,,3.9,55.0,26.0,17.5,33.7,0.6691
2004-11-07 15:00:00,806.0,702.0,1052.0,1035.0,500.0,0.9,,3.8,59.0,28.0,17.2,33.9,0.6591
2004-11-07 16:00:00,789.0,675.0,1121.0,974.0,482.0,0.9,,3.4,95.0,50.0,16.8,32.1,0.6073
2004-11-07 17:00:00,821.0,713.0,1067.0,1030.0,539.0,1.1,,4.0,107.0,55.0,16.0,34.1,0.6155
2004-11-07 18:00:00,1024.0,1127.0,704.0,1346.0,943.0,3.2,,14.3,189.0,84.0,14.8,37.5,0.6259
2004-11-07 19:00:00,1009.0,995.0,784.0,1201.0,1016.0,3.1,,10.5,386.0,140.0,14.4,39.2,0.6407
2004-11-07 20:00:00,1064.0,1055.0,738.0,1242.0,1063.0,3.1,,12.2,412.0,138.0,14.1,43.0,0.6883
2004-11-07 21:00:00,1001.0,1029.0,733.0,1255.0,1034.0,2.3,,11.4,342.0,127.0,13.4,48.4,0.7397
2004-11-07 22:00:00,927.0,868.0,847.0,1155.0,864.0,1.8,,7.3,255.0,117.0,12.7,51.2,0.7505
2004-11-07 23:00:00,819.0,613.0,1118.0,1060.0,500.0,0.8,,2.4,89.0,57.0,9.9,71.4,0.8736
2004-11-08 00:00:00,847.0,630.0,1057.0,1091.0,537.0,0.9,,2.7,106.0,59.0,10.2,71.6,0.8893
2004-11-08 01:00:00,798.0,621.0,1115.0,1041.0,524.0,0.8,,2.5,109.0,62.0,10.6,61.3,0.7856
2004-11-08 02:00:00,757.0,561.0,1192.0,998.0,457.0,0.7,,1.7,67.0,42.0,11.1,55.6,0.7344
2004-11-08 03:00:00,703.0,446.0,1523.0,918.0,360.0,0.4,,0.5,,,11.5,50.4,0.6815
2004-11-08 04:00:00,689.0,407.0,1757.0,895.0,333.0,0.2,,0.3,13.0,13.0,11.3,49.5,0.6615
2004-11-08 05:00:00,698.0,424.0,1665.0,903.0,339.0,0.2,,0.4,20.0,18.0,10.8,50.9,0.657
2004-11-08 06:00:00,720.0,458.0,1536.0,917.0,358.0,0.3,,0.6,33.0,26.0,10.9,50.1,0.6519
2004-11-08 07:00:00,797.0,593.0,1212.0,984.0,494.0,0.7,,2.1,146.0,72.0,10.8,49.7,0.6429
2004-11-08 08:00:00,950.0,875.0,850.0,1179.0,828.0,1.7,,7.4,359.0,131.0,10.7,50.4,0.6467
2004-11-08 09:00:00,887.0,809.0,899.0,1111.0,769.0,1.8,,5.9,322.0,133.0,10.9,50.0,0.6531
2004-11-08 10:00:00,850.0,755.0,966.0,1051.0,714.0,1.5,,4.8,293.0,116.0,12.1,46.5,0.653
2004-11-08 11:00:00,836.0,740.0,987.0,1046.0,672.0,1.3,,4.5,255.0,117.0,12.4,44.1,0.6324
2004-11-08 12:00:00,827.0,768.0,972.0,1040.0,671.0,1.2,,5.1,233.0,103.0,13.0,40.1,0.5989
2004-11-08 13:00:00,819.0,810.0,947.0,1027.0,631.0,1.3,,6.0,220.0,100.0,13.4,36.3,0.5556
2004-11-08 14:00:00,919.0,978.0,820.0,1180.0,805.0,1.8,,10.0,246.0,105.0,13.1,38.5,0.5776
2004-11-08 15:00:00,897.0,890.0,850.0,1139.0,808.0,1.7,,7.8,272.0,121.0,11.5,46.4,0.6302
2004-11-08 16:00:00,973.0,1023.0,780.0,1226.0,964.0,2.2,,11.2,358.0,132.0,13.1,40.4,0.606
2004-11-08 17:00:00,1065.0,1211.0,669.0,1364.0,1188.0,3.2,,17.0,514.0,156.0,13.0,39.3,0.5877
2004-11-08 18:00:00,1341.0,1575.0,503.0,1778.0,1571.0,5.9,,31.0,742.0,183.0,11.3,50.9,0.679
2004-11-08 19:00:00,1303.0,1524.0,515.0,1744.0,1580.0,6.6,,28.9,,,10.6,53.4,0.6818
2004-11-08 20:00:00,1189.0,1381.0,566.0,1574.0,1426.0,,,23.1,,,9.5,57.9,0.6877
2004-11-08 21:00:00,1054.0,1106.0,679.0,1297.0,1239.0,,,13.7,,,8.6,60.5,0.6788
2004-11-08 22:00:00,943.0,900.0,816.0,1129.0,1064.0,,,8.0,,,8.5,59.7,0.6649
2004-11-08 23:00:00,903.0,872.0,855.0,1108.0,987.0,,,7.4,,,7.9,61.4,0.6582
2004-11-09 00:00:00,858.0,760.0,940.0,1049.0,873.0,,,4.9,,,7.1,63.6,0.6442
2004-11-09 01:00:00,821.0,696.0,1032.0,1013.0,783.0,,,3.7,,,7.2,62.2,0.6362
2004-11-09 02:00:00,781.0,645.0,1088.0,986.0,719.0,,,2.9,,,5.6,67.9,0.6247
2004-11-09 03:00:00,741.0,580.0,1224.0,952.0,660.0,,,1.9,,,5.1,68.7,0.6077
2004-11-09 04:00:00,720.0,540.0,1296.0,938.0,613.0,,,1.4,,,4.4,71.4,0.6024
2004-11-09 05:00:00,733.0,574.0,1238.0,964.0,627.0,,,1.9,,,4.1,73.1,0.6074
2004-11-09 06:00:00,780.0,666.0,1099.0,1003.0,697.0,,,3.2,,,3.2,76.8,0.5963
2004-11-09 07:00:00,915.0,873.0,873.0,1135.0,915.0,,,7.4,,,3.7,76.2,0.6137
2004-11-09 08:00:00,1228.0,1362.0,575.0,1543.0,1399.0,,,22.4,,,4.9,70.7,0.6193
2004-11-09 09:00:00,1239.0,1373.0,550.0,1593.0,1495.0,,,22.8,,,7.1,62.0,0.6265
2004-11-09 10:00:00,1209.0,1255.0,588.0,1447.0,1499.0,,,18.5,,,8.1,59.1,0.6397
2004-11-09 11:00:00,1257.0,1308.0,548.0,1466.0,1720.0,,,20.4,,,11.1,48.8,0.643
2004-11-09 12:00:00,1007.0,1000.0,727.0,1197.0,1210.0,,,10.6,,,11.3,46.5,0.6194
2004-11-09 13:00:00,1020.0,1041.0,733.0,1245.0,1123.0,,,11.8,,,12.5,42.3,0.6104
2004-11-09 14:00:00,1094.0,1144.0,669.0,1327.0,1209.0,,,14.8,,,12.5,42.8,0.6177
2004-11-09 15:00:00,1045.0,1087.0,712.0,1270.0,1144.0,2.1,,13.1,,,12.6,42.4,0.6159
2004-11-09 16:00:00,909.0,879.0,874.0,1083.0,847.0,1.5,,7.5,,,13.8,40.7,0.6405
2004-11-09 17:00:00,1013.0,905.0,816.0,1201.0,923.0,1.6,,8.1,,,11.0,58.8,0.7705
2004-11-09 18:00:00,1236.0,1206.0,615.0,1523.0,1166.0,3.5,,16.9,,,8.3,76.5,0.8426
2004-11-09 19:00:00,1275.0,1294.0,570.0,1605.0,1280.0,4.6,,19.9,,,8.6,75.5,0.8469
2004-11-09 20:00:00,1237.0,1194.0,615.0,1508.0,1193.0,4.7,,16.5,,,8.8,76.6,0.8678
2004-11-09 21:00:00,1101.0,963.0,748.0,1320.0,966.0,3.0,,9.6,,,8.0,81.0,0.8714
2004-11-09 22:00:00,962.0,778.0,911.0,1162.0,752.0,1.5,,5.3,,,7.3,85.7,0.8818
2004-11-09 23:00:00,841.0,680.0,1052.0,1067.0,594.0,0.9,,3.5,,,6.5,85.6,0.8353
2004-11-10 00:00:00,831.0,620.0,1164.0,1039.0,545.0,0.8,,2.5,,,6.5,83.5,0.8116
2004-11-10 01:00:00,843.0,622.0,1146.0,1060.0,555.0,0.7,,2.5,,,6.9,82.3,0.8244
2004-11-10 02:00:00,798.0,600.0,1151.0,1049.0,543.0,0.6,,2.2,,,7.3,78.1,0.8041
2004-11-10 03:00:00,730.0,477.0,1433.0,950.0,420.0,0.3,,0.8,,,7.9,68.0,0.7265
2004-11-10 04:00:00,715.0,445.0,1601.0,925.0,373.0,0.2,,0.5,32.0,29.0,8.0,64.5,0.695
2004-11-10 05:00:00,726.0,443.0,1663.0,942.0,363.0,0.2,,0.5,29.0,26.0,8.1,68.6,0.7409
2004-11-10 06:00:00,771.0,490.0,1419.0,990.0,411.0,0.3,,0.9,48.0,39.0,6.3,84.8,0.8148
2004-11-10 07:00:00,805.0,555.0,1255.0,1019.0,496.0,0.5,,1.6,113.0,72.0,6.7,79.8,0.7872
2004-11-10 08:00:00,958.0,803.0,910.0,1172.0,738.0,1.4,,5.8,267.0,128.0,7.1,77.9,0.7914
2004-11-10 09:00:00,1021.0,959.0,760.0,1297.0,910.0,2.0,,9.5,332.0,149.0,7.9,73.5,0.7883
2004-11-10 10:00:00,969.0,843.0,857.0,1213.0,821.0,1.6,,6.7,354.0,165.0,6.9,86.0,0.8632
2004-11-10 11:00:00,923.0,733.0,962.0,1124.0,740.0,1.3,,4.4,316.0,150.0,6.8,87.1,0.8652
2004-11-10 12:00:00,973.0,850.0,868.0,1213.0,852.0,1.4,,6.8,395.0,165.0,8.0,81.6,0.8755
2004-11-10 13:00:00,996.0,893.0,808.0,1237.0,895.0,1.9,,7.8,391.0,175.0,9.5,70.0,0.8296
2004-11-10 14:00:00,1055.0,1007.0,736.0,1301.0,1019.0,2.7,,10.8,457.0,145.0,10.5,62.2,0.7923
2004-11-10 15:00:00,1023.0,971.0,752.0,1283.0,993.0,2.1,,9.8,448.0,98.0,11.4,59.1,0.7963
2004-11-10 16:00:00,1039.0,1024.0,721.0,1325.0,1043.0,2.4,,11.3,543.0,105.0,11.1,58.6,0.7737
2004-11-10 17:00:00,1051.0,1061.0,696.0,1333.0,1111.0,2.7,,12.3,574.0,106.0,10.8,57.6,0.7473
2004-11-10 18:00:00,1050.0,1070.0,699.0,1334.0,1087.0,2.5,,12.6,435.0,141.0,10.6,56.9,0.7281
2004-11-10 19:00:00,1156.0,1209.0,614.0,1467.0,1250.0,3.7,,17.0,504.0,177.0,10.6,59.3,0.7588
2004-11-10 20:00:00,1277.0,1335.0,551.0,1636.0,1331.0,4.6,,21.4,586.0,182.0,10.0,71.5,0.8768
2004-11-10 21:00:00,1172.0,1159.0,621.0,1461.0,1243.0,3.9,,15.3,580.0,193.0,10.3,71.1,0.8878
2004-11-10 22:00:00,1048.0,973.0,731.0,1298.0,1074.0,2.2,,9.9,346.0,148.0,10.5,70.3,0.893
2004-11-10 23:00:00,1144.0,1096.0,643.0,1394.0,1258.0,2.7,,13.4,531.0,167.0,10.2,71.3,0.8859
2004-11-11 00:00:00,1104.0,1023.0,677.0,1314.0,1189.0,2.6,,11.2,477.0,158.0,9.7,73.1,0.8787
2004-11-11 01:00:00,1038.0,957.0,713.0,1271.0,1092.0,2.1,,9.4,344.0,132.0,9.3,73.5,0.8651
2004-11-11 02:00:00,960.0,838.0,797.0,1189.0,996.0,1.4,,6.6,219.0,97.0,9.2,73.9,0.8616
2004-11-11 03:00:00,934.0,787.0,822.0,1147.0,974.0,1.2,,5.5,,,8.1,78.1,0.8452
2004-11-11 04:00:00,930.0,784.0,850.0,1151.0,902.0,1.1,,5.4,174.0,74.0,7.6,81.2,0.8483
2004-11-11 05:00:00,918.0,778.0,864.0,1136.0,859.0,1.1,,5.3,165.0,68.0,7.5,81.5,0.8495
2004-11-11 06:00:00,952.0,814.0,804.0,1153.0,970.0,1.1,,6.1,250.0,89.0,8.3,77.2,0.8464
2004-11-11 07:00:00,1019.0,905.0,757.0,1244.0,1062.0,1.5,,8.1,388.0,117.0,8.9,75.6,0.8667
2004-11-11 08:00:00,1287.0,1218.0,580.0,1580.0,1304.0,3.1,,17.3,758.0,190.0,9.2,81.7,0.9506
2004-11-11 09:00:00,1578.0,1605.0,429.0,2032.0,1643.0,6.8,,32.3,1247.0,211.0,9.9,83.4,1.0194
2004-11-11 10:00:00,1417.0,1407.0,490.0,1709.0,1488.0,5.4,,24.1,1110.0,190.0,10.2,82.3,1.0253
2004-11-11 11:00:00,1392.0,1325.0,511.0,1631.0,1465.0,4.5,,21.0,1145.0,194.0,11.2,80.7,1.0688
2004-11-11 12:00:00,1147.0,1073.0,628.0,1415.0,1198.0,3.0,,12.7,720.0,210.0,11.8,76.1,1.0516
2004-11-11 13:00:00,1150.0,1105.0,629.0,1450.0,1160.0,2.8,,13.6,557.0,199.0,12.5,71.3,1.0285
2004-11-11 14:00:00,1252.0,1240.0,564.0,1614.0,1277.0,3.9,,18.0,678.0,178.0,13.2,68.4,1.0346
2004-11-11 15:00:00,1186.0,1125.0,617.0,1493.0,1171.0,3.4,,14.3,659.0,184.0,12.5,73.2,1.0563
2004-11-11 16:00:00,1172.0,1107.0,629.0,1449.0,1106.0,3.2,,13.7,552.0,186.0,12.2,75.7,1.0693
2004-11-11 17:00:00,1109.0,1021.0,689.0,1361.0,1036.0,2.8,,11.2,395.0,168.0,11.5,78.1,1.0565
2004-11-11 18:00:00,1201.0,1196.0,597.0,1546.0,1196.0,3.9,,16.5,573.0,187.0,11.6,76.0,1.0354
2004-11-11 19:00:00,1189.0,1183.0,603.0,1534.0,1170.0,3.5,,16.1,463.0,166.0,12.0,73.3,1.0264
2004-11-11 20:00:00,1282.0,1312.0,551.0,1671.0,1312.0,4.7,,20.6,568.0,177.0,12.9,68.8,1.0175
2004-11-11 21:00:00,1207.0,1203.0,625.0,1570.0,1251.0,4.6,,16.8,706.0,207.0,13.1,69.6,1.0464
2004-11-11 22:00:00,904.0,754.0,930.0,1172.0,805.0,1.2,,4.8,193.0,114.0,12.3,73.4,1.049
2004-11-11 23:00:00,900.0,711.0,975.0,1153.0,736.0,1.1,,4.0,151.0,84.0,12.7,71.0,1.0387
2004-11-12 00:00:00,932.0,740.0,926.0,1180.0,774.0,1.2,,4.5,167.0,92.0,12.9,69.9,1.0371
2004-11-12 01:00:00,968.0,785.0,872.0,1209.0,826.0,1.6,,5.4,239.0,111.0,12.9,70.5,1.0442
2004-11-12 02:00:00,827.0,610.0,1092.0,1120.0,636.0,0.7,,2.4,102.0,71.0,13.1,67.7,1.0198
2004-11-12 03:00:00,789.0,515.0,1276.0,1054.0,516.0,0.4,,1.2,,,13.1,67.6,1.0127
2004-11-12 04:00:00,812.0,549.0,1213.0,1079.0,531.0,,,1.6,55.0,43.0,13.8,64.0,1.0042
2004-11-12 05:00:00,811.0,559.0,1170.0,1085.0,558.0,0.6,,1.7,71.0,50.0,13.7,64.4,1.0036
2004-11-12 06:00:00,827.0,560.0,1169.0,1087.0,565.0,0.5,,1.7,79.0,53.0,13.9,63.8,1.0079
2004-11-12 07:00:00,849.0,604.0,1086.0,1108.0,604.0,0.6,,2.3,117.0,67.0,14.1,64.5,1.0287
2004-11-12 08:00:00,1001.0,798.0,855.0,1257.0,794.0,1.4,,5.7,266.0,113.0,14.0,66.1,1.0488
2004-11-12 09:00:00,1021.0,896.0,741.0,1314.0,907.0,2.0,,7.9,340.0,140.0,14.2,66.4,1.0673
2004-11-12 10:00:00,978.0,831.0,807.0,1257.0,838.0,1.6,,6.4,257.0,116.0,14.9,62.5,1.0529
2004-11-12 11:00:00,996.0,855.0,793.0,1277.0,884.0,1.6,,6.9,311.0,122.0,16.3,58.4,1.0729
2004-11-12 12:00:00,1014.0,843.0,791.0,1297.0,866.0,1.7,,6.7,279.0,116.0,16.9,56.5,1.0801
2004-11-12 13:00:00,1061.0,928.0,730.0,1366.0,909.0,2.0,,8.7,267.0,118.0,17.4,55.8,1.098
2004-11-12 14:00:00,1092.0,975.0,690.0,1418.0,990.0,2.3,,9.9,310.0,125.0,17.4,57.3,1.1328
2004-11-12 15:00:00,1129.0,1028.0,661.0,1480.0,1050.0,2.4,,11.4,352.0,126.0,17.7,55.5,1.1127
2004-11-12 16:00:00,1077.0,969.0,690.0,1405.0,1023.0,2.2,,9.8,337.0,135.0,16.8,58.9,1.1199
2004-11-12 17:00:00,1153.0,1079.0,635.0,1496.0,1103.0,2.6,,12.9,358.0,140.0,17.0,57.5,1.1071
2004-11-12 18:00:00,1234.0,1197.0,575.0,1597.0,1239.0,4.0,,16.6,547.0,163.0,16.2,60.2,1.1003
2004-11-12 19:00:00,1319.0,1319.0,539.0,1735.0,1384.0,5.2,,20.8,600.0,178.0,16.7,58.0,1.0916
2004-11-12 20:00:00,1251.0,1264.0,561.0,1677.0,1289.0,3.9,,18.8,470.0,160.0,16.5,58.8,1.0921
2004-11-12 21:00:00,1165.0,1070.0,650.0,1467.0,1180.0,3.8,,12.6,522.0,166.0,15.8,61.1,1.0856
2004-11-12 22:00:00,954.0,807.0,833.0,1243.0,855.0,1.6,,5.9,208.0,115.0,15.7,60.8,1.0769
2004-11-12 23:00:00,971.0,818.0,828.0,1252.0,857.0,1.5,,6.1,205.0,107.0,15.9,59.6,1.0673
2004-11-13 00:00:00,961.0,765.0,865.0,1212.0,811.0,1.6,,5.0,217.0,108.0,15.6,60.0,1.0594
2004-11-13 01:00:00,952.0,758.0,876.0,1203.0,794.0,1.5,,4.9,216.0,111.0,15.6,60.1,1.0557
2004-11-13 02:00:00,875.0,635.0,1037.0,1133.0,612.0,1.0,,2.7,117.0,75.0,15.7,59.5,1.0534
2004-11-13 03:00:00,891.0,633.0,1035.0,1137.0,590.0,0.8,,2.7,,,15.7,60.1,1.064
2004-11-13 04:00:00,1006.0,765.0,848.0,1239.0,807.0,1.3,,5.0,174.0,88.0,15.6,61.7,1.0847
2004-11-13 05:00:00,907.0,691.0,927.0,1173.0,702.0,1.0,,3.7,111.0,71.0,15.8,59.9,1.0693
2004-11-13 06:00:00,938.0,702.0,904.0,1185.0,753.0,1.0,,3.8,147.0,75.0,15.2,61.8,1.0602
2004-11-13 07:00:00,925.0,672.0,991.0,1154.0,709.0,0.9,,3.3,140.0,86.0,16.1,55.4,1.0089
2004-11-13 08:00:00,1157.0,967.0,678.0,1365.0,1087.0,2.1,,9.7,421.0,124.0,14.9,64.1,1.0773
2004-11-13 09:00:00,1169.0,1003.0,665.0,1409.0,1126.0,2.1,,10.7,350.0,128.0,15.6,62.0,1.0904
2004-11-13 10:00:00,1312.0,1139.0,565.0,1568.0,1386.0,3.1,,14.7,550.0,164.0,17.9,54.6,1.11
2004-11-13 11:00:00,1347.0,1227.0,539.0,1627.0,1476.0,3.8,,17.6,589.0,199.0,21.1,44.5,1.0964
2004-11-13 12:00:00,1321.0,1224.0,543.0,1617.0,1424.0,3.7,,17.5,537.0,192.0,20.3,46.7,1.0971
2004-11-13 13:00:00,1267.0,1118.0,592.0,1503.0,1310.0,3.6,,14.1,473.0,166.0,21.5,42.7,1.0837
2004-11-13 14:00:00,1234.0,1053.0,639.0,1476.0,1114.0,3.3,,12.1,364.0,133.0,21.5,43.1,1.0919
2004-11-13 15:00:00,1101.0,947.0,699.0,1374.0,1029.0,2.1,,9.2,270.0,118.0,21.5,43.4,1.0965
2004-11-13 16:00:00,1149.0,998.0,664.0,1434.0,1101.0,2.3,,10.6,368.0,133.0,20.8,45.5,1.1054
2004-11-13 17:00:00,1094.0,941.0,695.0,1371.0,1040.0,2.1,,9.0,318.0,128.0,19.2,49.6,1.0893
2004-11-13 18:00:00,1056.0,878.0,758.0,1308.0,856.0,1.9,,7.5,244.0,116.0,18.3,51.6,1.0732
2004-11-13 19:00:00,1030.0,899.0,767.0,1275.0,836.0,1.9,,8.0,234.0,118.0,17.7,51.5,1.0357
2004-11-13 20:00:00,1075.0,943.0,752.0,1305.0,894.0,2.3,,9.1,296.0,142.0,17.2,51.5,1.0015
2004-11-13 21:00:00,927.0,748.0,888.0,1157.0,696.0,1.7,,4.7,205.0,113.0,15.9,54.9,0.9853
2004-11-13 22:00:00,793.0,570.0,1143.0,1036.0,524.0,0.8,,1.8,95.0,59.0,14.0,55.2,0.8807
2004-11-13 23:00:00,796.0,589.0,1136.0,1026.0,506.0,0.8,,2.1,93.0,52.0,13.3,53.0,0.8044
2004-11-14 00:00:00,780.0,568.0,1190.0,997.0,453.0,0.8,,1.8,100.0,57.0,11.9,55.5,0.7711
2004-11-14 01:00:00,774.0,569.0,1222.0,984.0,434.0,0.8,,1.8,100.0,58.0,11.4,54.6,0.7363
2004-11-14 02:00:00,718.0,500.0,1401.0,914.0,373.0,0.6,,1.0,63.0,44.0,10.4,53.7,0.6749
2004-11-14 03:00:00,705.0,478.0,1546.0,885.0,330.0,0.4,,0.8,,,9.9,54.3,0.6609
2004-11-14 04:00:00,689.0,470.0,1643.0,863.0,305.0,0.3,,0.7,36.0,26.0,9.8,51.3,0.6225
2004-11-14 05:00:00,678.0,427.0,1771.0,853.0,286.0,0.3,,0.4,24.0,20.0,9.5,52.2,0.6198
2004-11-14 06:00:00,655.0,402.0,2077.0,814.0,268.0,0.2,,0.2,20.0,17.0,10.0,45.7,0.5598
2004-11-14 07:00:00,649.0,397.0,2062.0,798.0,261.0,0.2,,0.2,25.0,21.0,10.2,41.9,0.5209
2004-11-14 08:00:00,647.0,412.0,1964.0,779.0,274.0,0.3,,0.3,39.0,29.0,10.6,36.1,0.4624
2004-11-14 09:00:00,667.0,429.0,1793.0,790.0,291.0,0.3,,0.4,57.0,39.0,10.7,36.0,0.4623
2004-11-14 10:00:00,669.0,444.0,1664.0,791.0,304.0,0.4,,0.5,59.0,41.0,10.8,35.4,0.4583
2004-11-14 11:00:00,667.0,455.0,1716.0,786.0,301.0,0.4,,0.6,65.0,44.0,11.4,32.9,0.4435
2004-11-14 12:00:00,705.0,508.0,1494.0,820.0,329.0,0.6,,1.1,93.0,54.0,12.4,32.0,0.4583
2004-11-14 13:00:00,710.0,523.0,1479.0,827.0,350.0,0.6,,1.2,112.0,62.0,12.4,31.3,0.45
2004-11-14 14:00:00,713.0,539.0,1593.0,829.0,380.0,0.6,,1.4,110.0,62.0,12.2,31.8,0.4514
2004-11-14 15:00:00,703.0,512.0,2121.0,837.0,356.0,0.5,,1.1,81.0,48.0,10.5,37.9,0.4821
2004-11-14 16:00:00,738.0,529.0,1991.0,876.0,383.0,0.6,,1.3,100.0,59.0,9.6,44.2,0.5289
2004-11-14 17:00:00,795.0,569.0,1773.0,959.0,429.0,0.7,,1.8,109.0,63.0,8.2,57.9,0.6293
2004-11-14 18:00:00,861.0,750.0,1481.0,1051.0,556.0,1.4,,4.7,148.0,78.0,7.3,63.5,0.6519
2004-11-14 19:00:00,836.0,653.0,1798.0,978.0,537.0,1.2,,3.0,207.0,99.0,8.4,55.7,0.6155
2004-11-14 20:00:00,812.0,652.0,1586.0,964.0,554.0,1.1,,3.0,210.0,106.0,9.1,49.6,0.5765
2004-11-14 21:00:00,771.0,642.0,1678.0,915.0,518.0,1.0,,2.8,180.0,97.0,10.0,41.4,0.5102
2004-11-14 22:00:00,711.0,556.0,1938.0,840.0,416.0,0.6,,1.6,109.0,67.0,10.4,36.2,0.4561
2004-11-14 23:00:00,741.0,607.0,1312.0,865.0,433.0,0.8,,2.3,128.0,73.0,11.3,32.3,0.4329
2004-11-15 00:00:00,696.0,532.0,1416.0,814.0,393.0,0.6,,1.3,96.0,62.0,10.9,33.5,0.4378
2004-11-15 01:00:00,692.0,507.0,1483.0,811.0,353.0,0.5,,1.1,65.0,44.0,10.6,34.9,0.4455
2004-11-15 02:00:00,679.0,449.0,1666.0,800.0,314.0,0.3,,0.6,42.0,31.0,10.7,36.1,0.4639
2004-11-15 03:00:00,676.0,429.0,1750.0,803.0,296.0,0.2,,0.4,,,11.0,37.3,0.488
2004-11-15 04:00:00,681.0,428.0,1768.0,817.0,297.0,,,0.4,24.0,21.0,10.7,39.2,0.5045
2004-11-15 05:00:00,683.0,426.0,1775.0,805.0,302.0,0.3,,0.4,28.0,22.0,10.4,38.6,0.4862
2004-11-15 06:00:00,704.0,478.0,1498.0,821.0,348.0,0.4,,0.8,55.0,41.0,10.4,37.4,0.4717
2004-11-15 07:00:00,767.0,588.0,1292.0,885.0,508.0,0.7,,2.0,181.0,94.0,10.5,37.0,0.4707
2004-11-15 08:00:00,964.0,928.0,871.0,1130.0,936.0,2.0,,8.7,480.0,167.0,10.7,37.9,0.487
2004-11-15 09:00:00,925.0,923.0,841.0,1115.0,944.0,2.4,,8.6,442.0,162.0,11.1,38.1,0.5023
2004-11-15 10:00:00,883.0,849.0,910.0,1053.0,843.0,1.8,,6.8,361.0,141.0,12.6,36.6,0.5314
2004-11-15 11:00:00,894.0,820.0,932.0,1072.0,820.0,1.6,,6.2,288.0,127.0,13.8,36.2,0.569
2004-11-15 12:00:00,881.0,831.0,911.0,1074.0,793.0,1.7,,6.4,330.0,116.0,13.4,37.1,0.5683
2004-11-15 13:00:00,867.0,842.0,909.0,1077.0,737.0,1.8,,6.7,300.0,104.0,13.5,34.9,0.5393
2004-11-15 14:00:00,856.0,821.0,937.0,1043.0,718.0,1.7,,6.2,239.0,111.0,13.7,32.2,0.5032
2004-11-15 15:00:00,862.0,843.0,930.0,1032.0,743.0,1.7,,6.7,265.0,114.0,13.6,32.1,0.4977
2004-11-15 16:00:00,891.0,891.0,874.0,1077.0,848.0,1.7,,7.8,287.0,121.0,13.5,31.8,0.4876
2004-11-15 17:00:00,931.0,1032.0,795.0,1098.0,991.0,2.6,,11.5,403.0,164.0,13.5,27.9,0.4287
2004-11-15 18:00:00,1025.0,1202.0,691.0,1263.0,1191.0,4.0,,16.7,515.0,194.0,12.7,28.9,0.4233
2004-11-15 19:00:00,1029.0,1198.0,694.0,1305.0,1169.0,3.8,,16.6,446.0,175.0,12.6,30.2,0.4384
2004-11-15 20:00:00,1038.0,1190.0,685.0,1291.0,1167.0,4.0,,16.3,501.0,180.0,12.3,32.0,0.4553
2004-11-15 21:00:00,904.0,924.0,846.0,1083.0,966.0,2.4,,8.6,355.0,147.0,12.0,34.3,0.4787
2004-11-15 22:00:00,844.0,782.0,969.0,1003.0,796.0,1.4,,5.4,217.0,112.0,11.6,37.3,0.5095
2004-11-15 23:00:00,839.0,711.0,1029.0,990.0,712.0,1.3,,4.0,180.0,94.0,11.3,40.3,0.5406
2004-11-16 00:00:00,844.0,705.0,1035.0,986.0,701.0,1.3,,3.9,167.0,91.0,11.3,41.8,0.561
2004-11-16 01:00:00,800.0,641.0,1113.0,957.0,591.0,1.0,,2.8,126.0,76.0,11.2,42.0,0.5582
2004-11-16 02:00:00,786.0,596.0,1178.0,937.0,609.0,0.8,,2.2,113.0,73.0,11.0,42.6,0.5595
2004-11-16 03:00:00,737.0,492.0,1391.0,880.0,467.0,0.6,,0.9,,,11.2,41.3,0.5498
2004-11-16 04:00:00,732.0,472.0,1461.0,866.0,391.0,0.4,,0.7,37.0,32.0,11.1,40.8,0.5395
2004-11-16 05:00:00,737.0,468.0,1481.0,869.0,395.0,0.5,,0.7,50.0,40.0,10.7,41.8,0.536
2004-11-16 06:00:00,778.0,517.0,1330.0,890.0,510.0,0.5,,1.2,96.0,63.0,10.2,43.6,0.5405
2004-11-16 07:00:00,867.0,669.0,1069.0,981.0,779.0,0.9,,3.3,271.0,119.0,10.1,44.0,0.5434
2004-11-16 08:00:00,1248.0,1197.0,641.0,1405.0,1395.0,3.5,,16.6,892.0,202.0,10.1,45.6,0.5632
2004-11-16 09:00:00,1389.0,1463.0,518.0,1694.0,1706.0,5.2,,26.3,1071.0,222.0,11.3,43.9,0.5867
2004-11-16 10:00:00,1184.0,1193.0,626.0,1327.0,1479.0,4.3,,16.4,839.0,212.0,14.5,33.8,0.5541
2004-11-16 11:00:00,1160.0,1165.0,655.0,1325.0,1403.0,3.5,,15.5,713.0,219.0,17.5,26.4,0.5228
2004-11-16 12:00:00,982.0,1003.0,1037.0,1117.0,1072.0,2.6,,10.7,498.0,189.0,17.2,22.4,0.4354
2004-11-16 13:00:00,948.0,1017.0,1065.0,1077.0,929.0,2.5,,11.1,389.0,147.0,17.3,20.4,0.4011
2004-11-16 14:00:00,1017.0,1039.0,769.0,1149.0,1024.0,2.8,,11.7,457.0,161.0,18.1,21.0,0.4321
2004-11-16 15:00:00,985.0,1011.0,779.0,1138.0,1010.0,2.2,,10.9,425.0,148.0,17.9,22.3,0.4537
2004-11-16 16:00:00,1017.0,1029.0,768.0,1160.0,1046.0,2.4,,11.4,483.0,148.0,17.6,23.7,0.473
2004-11-16 17:00:00,1121.0,1190.0,673.0,1297.0,1264.0,3.5,,16.3,604.0,188.0,16.7,25.9,0.4886
2004-11-16 18:00:00,1129.0,1255.0,634.0,1370.0,1365.0,4.2,,18.5,648.0,206.0,14.8,29.6,0.4965
2004-11-16 19:00:00,1101.0,1134.0,683.0,1283.0,1281.0,3.1,,14.5,427.0,168.0,13.6,34.0,0.5251
2004-11-16 20:00:00,1182.0,1175.0,637.0,1363.0,1463.0,3.2,,15.8,461.0,171.0,13.4,40.4,0.6178
2004-11-16 21:00:00,1144.0,1091.0,671.0,1295.0,1388.0,2.8,,13.2,436.0,171.0,11.8,44.3,0.6121
2004-11-16 22:00:00,1046.0,890.0,791.0,1109.0,1195.0,2.2,,7.8,300.0,142.0,10.7,47.5,0.6108
2004-11-16 23:00:00,990.0,817.0,849.0,1071.0,1111.0,1.8,,6.1,277.0,134.0,10.2,49.4,0.6138
2004-11-17 00:00:00,974.0,764.0,910.0,1029.0,992.0,1.7,,5.0,196.0,107.0,9.5,51.0,0.6045
2004-11-17 01:00:00,953.0,778.0,885.0,1051.0,1019.0,1.6,,5.3,277.0,121.0,7.7,57.9,0.6107
2004-11-17 02:00:00,868.0,647.0,1054.0,962.0,828.0,1.1,,2.9,131.0,85.0,8.4,54.5,0.6022
2004-11-17 03:00:00,833.0,574.0,1150.0,930.0,752.0,0.8,,1.9,,,7.9,55.4,0.593
2004-11-17 04:00:00,786.0,522.0,1253.0,910.0,699.0,0.7,,1.2,97.0,68.0,6.2,61.0,0.5824
2004-11-17 05:00:00,834.0,551.0,1193.0,917.0,719.0,0.8,,1.6,105.0,69.0,6.8,58.6,0.5813
2004-11-17 06:00:00,845.0,583.0,1132.0,929.0,761.0,0.9,,2.0,138.0,81.0,5.7,62.7,0.5801
2004-11-17 07:00:00,929.0,713.0,987.0,1002.0,830.0,1.2,,4.0,183.0,92.0,5.9,62.0,0.5811
2004-11-17 08:00:00,1234.0,1161.0,629.0,1386.0,1318.0,3.3,,15.4,664.0,200.0,6.3,61.7,0.5926
2004-11-17 09:00:00,1270.0,1267.0,565.0,1434.0,1482.0,3.8,,19.0,611.0,201.0,7.5,58.8,0.6117
2004-11-17 10:00:00,1241.0,1135.0,622.0,1280.0,1474.0,3.2,,14.6,600.0,213.0,11.4,45.4,0.6113
2004-11-17 11:00:00,1268.0,1180.0,593.0,1323.0,1632.0,,,16.0,,,14.1,39.2,0.6278
2004-11-17 12:00:00,1248.0,1131.0,615.0,1296.0,1592.0,3.2,,14.4,878.0,187.0,13.3,42.3,0.6448
2004-11-17 13:00:00,1317.0,1269.0,554.0,1446.0,1679.0,4.2,,19.0,905.0,205.0,14.7,38.9,0.6462
2004-11-17 14:00:00,1308.0,1306.0,553.0,1471.0,1670.0,4.3,,20.3,808.0,212.0,16.5,32.9,0.6127
2004-11-17 15:00:00,1321.0,1281.0,557.0,1442.0,1650.0,4.0,,19.5,858.0,198.0,17.4,32.7,0.6422
2004-11-17 16:00:00,1360.0,1325.0,535.0,1513.0,1692.0,4.1,,21.0,839.0,171.0,17.3,33.9,0.6627
2004-11-17 17:00:00,1659.0,1685.0,423.0,1946.0,2155.0,7.8,,35.9,1290.0,272.0,16.0,41.5,0.7483
2004-11-17 18:00:00,1802.0,1924.0,356.0,2235.0,2452.0,10.2,,47.7,748.0,192.0,13.7,52.8,0.8244
2004-11-17 19:00:00,1549.0,1553.0,446.0,1796.0,2032.0,6.6,,30.1,1148.0,288.0,13.0,55.1,0.824
2004-11-17 20:00:00,1407.0,1351.0,516.0,1557.0,1751.0,4.3,,22.0,729.0,254.0,12.4,56.8,0.8141
2004-11-17 21:00:00,1374.0,1268.0,536.0,1531.0,1675.0,4.9,,19.0,810.0,267.0,10.7,62.1,0.7972
2004-11-17 22:00:00,1127.0,948.0,703.0,1188.0,1312.0,2.6,,9.2,427.0,198.0,10.5,61.1,0.7755
2004-11-17 23:00:00,1096.0,860.0,777.0,1131.0,1179.0,2.3,,7.1,274.0,145.0,9.7,62.5,0.7509
2004-11-18 00:00:00,1119.0,908.0,735.0,1173.0,1197.0,2.7,,8.2,387.0,167.0,8.8,65.5,0.7435
2004-11-18 01:00:00,999.0,771.0,864.0,1068.0,995.0,2.2,,5.1,235.0,127.0,8.8,63.8,0.7236
2004-11-18 02:00:00,987.0,794.0,852.0,1106.0,971.0,2.0,,5.6,225.0,119.0,8.5,65.0,0.7221
2004-11-18 03:00:00,912.0,685.0,934.0,1050.0,876.0,1.3,,3.5,,,7.5,69.3,0.7201
2004-11-18 04:00:00,893.0,701.0,935.0,1045.0,844.0,1.2,,3.8,185.0,84.0,6.4,74.0,0.7134
2004-11-18 05:00:00,878.0,687.0,964.0,1035.0,813.0,1.1,,3.6,212.0,89.0,5.9,76.6,0.7179
2004-11-18 06:00:00,996.0,841.0,797.0,1127.0,1005.0,1.4,,6.6,358.0,122.0,6.1,76.7,0.7271
2004-11-18 07:00:00,1119.0,974.0,710.0,1224.0,1170.0,2.1,,9.9,531.0,162.0,6.8,74.5,0.7415
2004-11-18 08:00:00,1407.0,1339.0,531.0,1584.0,1533.0,4.5,,21.5,992.0,225.0,7.7,72.5,0.7666
2004-11-18 09:00:00,1503.0,1498.0,469.0,1749.0,1783.0,5.6,,27.8,1132.0,249.0,8.9,67.4,0.7714
2004-11-18 10:00:00,1446.0,1374.0,499.0,1560.0,1818.0,5.6,,22.9,1195.0,282.0,11.4,58.3,0.7868
2004-11-18 11:00:00,1416.0,1302.0,526.0,1471.0,1826.0,4.7,,20.2,1120.0,278.0,13.4,52.8,0.8086
2004-11-18 12:00:00,1448.0,1288.0,518.0,1506.0,1839.0,4.2,,19.7,870.0,251.0,15.8,50.1,0.892
2004-11-18 13:00:00,1282.0,1111.0,586.0,1455.0,1428.0,3.6,,13.8,570.0,208.0,18.3,50.0,1.0431
2004-11-18 14:00:00,1271.0,1157.0,572.0,1483.0,1353.0,3.2,,15.3,384.0,187.0,18.8,49.2,1.0548
2004-11-18 15:00:00,1321.0,1178.0,552.0,1539.0,1491.0,3.1,,15.9,381.0,182.0,18.4,49.6,1.0391
2004-11-18 16:00:00,1362.0,1223.0,535.0,1597.0,1517.0,3.8,,17.4,541.0,212.0,18.3,51.0,1.0586
2004-11-18 17:00:00,1316.0,1228.0,540.0,1610.0,1413.0,3.9,,17.6,484.0,174.0,17.6,53.1,1.0596
2004-11-18 18:00:00,1374.0,1307.0,521.0,1709.0,1429.0,4.6,,20.4,549.0,220.0,17.3,53.6,1.0472
2004-11-18 19:00:00,1388.0,1367.0,500.0,1722.0,1503.0,4.9,,22.6,596.0,214.0,16.8,55.2,1.048
2004-11-18 20:00:00,1422.0,1432.0,474.0,1852.0,1636.0,5.4,,25.1,620.0,212.0,16.6,56.5,1.0551
2004-11-18 21:00:00,1281.0,1216.0,548.0,1604.0,1687.0,4.3,,17.2,542.0,191.0,16.3,58.1,1.0648
2004-11-18 22:00:00,1192.0,1040.0,640.0,1441.0,1405.0,3.1,,11.7,381.0,160.0,15.9,59.0,1.059
2004-11-18 23:00:00,1108.0,945.0,692.0,1355.0,1199.0,2.5,,9.2,270.0,130.0,15.9,59.4,1.0628
2004-11-19 00:00:00,1071.0,885.0,740.0,1298.0,1090.0,2.4,,7.7,284.0,133.0,15.7,60.9,1.0774
2004-11-19 01:00:00,999.0,793.0,817.0,1242.0,898.0,1.9,,5.6,204.0,110.0,16.1,59.5,1.0811
2004-11-19 02:00:00,925.0,670.0,940.0,1173.0,663.0,1.3,,3.3,93.0,65.0,15.5,63.8,1.1119
2004-11-19 03:00:00,886.0,608.0,1013.0,1143.0,611.0,1.2,,2.3,,,14.9,65.3,1.1018
2004-11-19 04:00:00,888.0,590.0,1009.0,1152.0,625.0,1.1,,2.1,51.0,41.0,14.7,64.4,1.0704
2004-11-19 05:00:00,863.0,531.0,1097.0,1095.0,606.0,0.9,,1.3,45.0,36.0,14.7,59.8,0.9968
2004-11-19 06:00:00,870.0,550.0,1126.0,1078.0,515.0,1.0,,1.6,68.0,45.0,15.4,55.9,0.9722
2004-11-19 07:00:00,1043.0,776.0,800.0,1248.0,826.0,1.6,,5.3,198.0,98.0,14.5,63.0,1.0319
2004-11-19 08:00:00,1478.0,1310.0,492.0,1775.0,1542.0,4.8,,20.5,633.0,194.0,14.7,63.1,1.0513
2004-11-19 09:00:00,1436.0,1371.0,458.0,1808.0,1626.0,5.9,,22.7,548.0,191.0,15.2,62.2,1.0641
2004-11-19 10:00:00,1354.0,1201.0,529.0,1593.0,1538.0,5.6,,16.7,588.0,193.0,16.1,59.2,1.0736
2004-11-19 11:00:00,1290.0,1110.0,571.0,1512.0,1441.0,3.5,,13.8,612.0,231.0,17.0,55.9,1.0741
2004-11-19 12:00:00,1203.0,1043.0,617.0,1470.0,1217.0,2.8,,11.8,428.0,202.0,17.6,52.2,1.0396
2004-11-19 13:00:00,1298.0,1156.0,549.0,1582.0,1320.0,3.6,,15.2,463.0,188.0,17.3,55.4,1.0836
2004-11-19 14:00:00,1352.0,1236.0,522.0,1659.0,1368.0,4.8,,17.9,479.0,184.0,17.8,53.5,1.0833
2004-11-19 15:00:00,1247.0,1142.0,574.0,1547.0,1199.0,5.0,,14.8,469.0,222.0,18.3,52.3,1.0922
2004-11-19 16:00:00,1375.0,1247.0,531.0,1650.0,1375.0,5.6,,18.3,583.0,221.0,18.3,52.8,1.1016
2004-11-19 17:00:00,1553.0,1414.0,455.0,1851.0,1682.0,7.5,,24.4,760.0,193.0,17.7,56.6,1.133
2004-11-19 18:00:00,1521.0,1430.0,449.0,1907.0,1761.0,7.2,,25.0,691.0,187.0,17.3,58.2,1.1435
2004-11-19 19:00:00,1623.0,1547.0,414.0,2040.0,1883.0,8.3,,29.8,832.0,188.0,16.2,62.6,1.1455
2004-11-19 20:00:00,1510.0,1501.0,456.0,1901.0,1855.0,8.6,,27.9,881.0,185.0,15.2,57.5,0.9829
2004-11-19 21:00:00,837.0,835.0,896.0,960.0,1078.0,4.3,,6.5,390.0,146.0,14.2,27.7,0.4451
2004-11-19 22:00:00,667.0,689.0,1210.0,709.0,620.0,2.6,,3.6,207.0,120.0,13.4,14.3,0.2185
2004-11-19 23:00:00,695.0,711.0,1193.0,739.0,645.0,2.6,,4.0,204.0,110.0,12.8,14.8,0.218
2004-11-20 00:00:00,683.0,686.0,1240.0,702.0,627.0,2.7,,3.6,243.0,121.0,12.2,14.0,0.1988
2004-11-20 01:00:00,695.0,709.0,1236.0,717.0,645.0,2.7,,4.0,264.0,126.0,12.0,14.5,0.2029
2004-11-20 02:00:00,703.0,685.0,1218.0,734.0,641.0,2.6,,3.5,215.0,117.0,10.8,17.0,0.2193
2004-11-20 03:00:00,698.0,614.0,1286.0,718.0,591.0,2.4,,2.4,,,10.4,19.2,0.242
2004-11-20 04:00:00,714.0,605.0,1278.0,738.0,594.0,,,2.3,146.0,94.0,9.7,22.5,0.2698
2004-11-20 05:00:00,692.0,546.0,1347.0,697.0,500.0,0.6,,1.5,92.0,70.0,9.0,23.1,0.2648
2004-11-20 06:00:00,729.0,639.0,1234.0,773.0,628.0,0.7,,2.8,174.0,96.0,8.7,24.7,0.2785
2004-11-20 07:00:00,880.0,812.0,928.0,954.0,1040.0,1.2,,6.0,294.0,136.0,6.9,39.4,0.3948
2004-11-20 08:00:00,974.0,1019.0,769.0,1122.0,1159.0,2.0,,11.1,412.0,177.0,6.3,44.8,0.431
2004-11-20 09:00:00,1086.0,1157.0,674.0,1237.0,1330.0,2.8,,15.3,573.0,214.0,7.2,43.2,0.4417
2004-11-20 10:00:00,1087.0,1213.0,668.0,1216.0,1402.0,2.9,,17.1,661.0,243.0,11.9,27.9,0.3882
2004-11-20 11:00:00,933.0,990.0,849.0,956.0,1104.0,2.2,,10.3,555.0,192.0,14.8,17.9,0.2977
2004-11-20 12:00:00,852.0,919.0,967.0,831.0,855.0,1.6,,8.5,363.0,149.0,14.8,14.3,0.2397
2004-11-20 13:00:00,882.0,993.0,902.0,941.0,862.0,1.5,,10.4,302.0,141.0,14.7,15.5,0.2586
2004-11-20 14:00:00,888.0,1009.0,866.0,937.0,973.0,1.9,,10.9,340.0,137.0,14.7,16.6,0.2756
2004-11-20 15:00:00,878.0,1000.0,880.0,942.0,936.0,1.5,,10.6,306.0,138.0,14.8,15.6,0.2615
2004-11-20 16:00:00,892.0,1018.0,879.0,931.0,1009.0,1.8,,11.1,377.0,149.0,15.3,14.3,0.2462
2004-11-20 17:00:00,1117.0,1327.0,692.0,1302.0,1475.0,3.4,,21.1,625.0,196.0,13.5,19.5,0.3003
2004-11-20 18:00:00,1252.0,1359.0,604.0,1380.0,1765.0,4.6,,22.3,870.0,239.0,11.1,31.8,0.4187
2004-11-20 19:00:00,1012.0,999.0,785.0,1057.0,1329.0,1.6,,10.6,421.0,164.0,10.2,33.4,0.4143
2004-11-20 20:00:00,1025.0,916.0,832.0,1018.0,1262.0,1.2,,8.4,294.0,149.0,9.5,35.9,0.4273
2004-11-20 21:00:00,1033.0,881.0,855.0,999.0,1230.0,1.2,,7.6,339.0,159.0,8.0,39.8,0.4286
2004-11-20 22:00:00,1008.0,861.0,858.0,991.0,1229.0,0.9,,7.1,260.0,149.0,6.6,44.1,0.4333
2004-11-20 23:00:00,992.0,867.0,876.0,997.0,1196.0,0.7,,7.2,256.0,133.0,6.1,45.2,0.4295
2004-11-21 00:00:00,1187.0,1114.0,700.0,1193.0,1433.0,2.5,,13.9,572.0,216.0,5.2,50.8,0.452
2004-11-21 01:00:00,1065.0,968.0,808.0,1059.0,1249.0,1.5,,9.7,428.0,196.0,4.9,53.0,0.4629
2004-11-21 02:00:00,889.0,760.0,968.0,919.0,983.0,0.5,,4.9,195.0,120.0,5.3,48.7,0.4364
2004-11-21 03:00:00,901.0,767.0,961.0,944.0,965.0,0.3,,5.1,,,4.2,53.6,0.4454
2004-11-21 04:00:00,875.0,795.0,928.0,965.0,932.0,0.5,,5.6,160.0,101.0,3.1,56.3,0.4368
2004-11-21 05:00:00,808.0,636.0,1120.0,862.0,770.0,0.1,,2.8,101.0,75.0,4.1,52.2,0.4338
2004-11-21 06:00:00,858.0,633.0,1136.0,878.0,788.0,0.2,,2.7,97.0,73.0,3.5,55.9,0.4431
2004-11-21 07:00:00,819.0,690.0,1051.0,907.0,819.0,,,3.6,127.0,84.0,1.8,61.7,0.4376
2004-11-21 08:00:00,862.0,757.0,983.0,938.0,879.0,0.2,,4.9,227.0,116.0,1.3,65.3,0.4457
2004-11-21 09:00:00,877.0,793.0,944.0,951.0,924.0,0.5,,5.6,253.0,132.0,3.2,57.0,0.4434
2004-11-21 10:00:00,941.0,832.0,914.0,970.0,964.0,0.4,,6.4,234.0,125.0,7.2,42.8,0.4356
2004-11-21 11:00:00,983.0,846.0,871.0,996.0,1055.0,0.8,,6.8,291.0,148.0,10.3,34.2,0.4291
2004-11-21 12:00:00,1067.0,981.0,755.0,1104.0,1383.0,1.5,,10.1,402.0,186.0,10.9,33.8,0.4393
2004-11-21 13:00:00,1100.0,1022.0,752.0,1101.0,1367.0,1.9,,11.2,492.0,193.0,12.2,30.0,0.4245
2004-11-21 14:00:00,958.0,928.0,841.0,986.0,1120.0,1.1,,8.7,351.0,174.0,13.3,24.3,0.3686
2004-11-21 15:00:00,866.0,763.0,1018.0,859.0,775.0,0.3,,5.0,160.0,106.0,15.2,18.7,0.3214
2004-11-21 16:00:00,1018.0,907.0,889.0,981.0,1150.0,0.9,,8.2,292.0,127.0,14.9,21.7,0.3646
2004-11-21 17:00:00,1175.0,1074.0,748.0,1134.0,1528.0,2.1,,12.7,537.0,172.0,13.1,25.4,0.3814
2004-11-21 18:00:00,1197.0,1012.0,717.0,1103.0,1655.0,2.4,,10.9,607.0,179.0,11.7,32.7,0.4472
2004-11-21 19:00:00,1110.0,872.0,822.0,971.0,1393.0,1.6,,7.4,308.0,150.0,10.1,34.4,0.4249
2004-11-21 20:00:00,1060.0,825.0,854.0,967.0,1338.0,1.1,,6.3,277.0,147.0,9.8,36.0,0.4364
2004-11-21 21:00:00,1136.0,885.0,806.0,1006.0,1403.0,1.3,,7.7,348.0,163.0,7.1,43.2,0.436
2004-11-21 22:00:00,1049.0,864.0,818.0,1010.0,1327.0,0.8,,7.2,267.0,145.0,5.9,47.8,0.4459
2004-11-21 23:00:00,1053.0,859.0,810.0,1008.0,1346.0,1.0,,7.0,399.0,186.0,5.3,50.5,0.453
2004-11-22 00:00:00,970.0,763.0,917.0,930.0,1132.0,0.3,,5.0,163.0,116.0,5.6,48.0,0.4412
2004-11-22 01:00:00,1049.0,907.0,795.0,1038.0,1209.0,1.0,,8.2,297.0,145.0,3.9,55.9,0.4568
2004-11-22 02:00:00,919.0,761.0,911.0,942.0,1044.0,0.4,,5.0,212.0,122.0,3.3,58.0,0.4551
2004-11-22 03:00:00,870.0,684.0,997.0,895.0,936.0,0.1,,3.5,,,3.7,56.3,0.4544
2004-11-22 04:00:00,814.0,587.0,1146.0,876.0,840.0,,,2.0,81.0,68.0,4.2,54.8,0.4571
2004-11-22 05:00:00,820.0,604.0,1127.0,874.0,847.0,,,2.3,116.0,80.0,2.6,60.8,0.4544
2004-11-22 06:00:00,897.0,722.0,987.0,953.0,959.0,0.1,,4.2,201.0,108.0,3.7,57.9,0.4651
2004-11-22 07:00:00,988.0,850.0,861.0,1030.0,1133.0,0.4,,6.8,333.0,149.0,4.5,54.8,0.466
2004-11-22 08:00:00,1242.0,1185.0,625.0,1297.0,1511.0,2.4,,16.2,733.0,232.0,4.9,55.8,0.4882
2004-11-22 09:00:00,1493.0,1981.0,448.0,1567.0,2346.0,3.1,,50.7,846.0,215.0,5.4,55.1,0.497
2004-11-22 10:00:00,1394.0,2214.0,411.0,1629.0,2311.0,3.1,,63.7,801.0,218.0,6.2,51.8,0.4952
2004-11-22 11:00:00,1252.0,1439.0,559.0,1383.0,1798.0,2.7,,25.4,884.0,239.0,6.8,49.8,0.4959
2004-11-22 12:00:00,1255.0,1301.0,571.0,1355.0,1750.0,2.3,,20.1,784.0,224.0,7.3,50.6,0.5184
2004-11-22 13:00:00,1360.0,1392.0,490.0,1458.0,1863.0,3.0,,23.5,896.0,235.0,7.8,49.0,0.5191
2004-11-22 14:00:00,1369.0,1434.0,489.0,1539.0,1883.0,3.6,,25.2,953.0,237.0,8.0,49.2,0.5282
2004-11-22 15:00:00,1361.0,1347.0,518.0,1456.0,1851.0,3.1,,21.8,980.0,239.0,8.3,49.3,0.5414
2004-11-22 16:00:00,1411.0,1371.0,500.0,1484.0,1919.0,3.5,,22.8,1058.0,235.0,8.5,49.6,0.5517
2004-11-22 17:00:00,1509.0,1439.0,459.0,1577.0,2078.0,4.0,,25.4,1080.0,199.0,8.5,52.6,0.5856
2004-11-22 18:00:00,1738.0,1735.0,365.0,1917.0,2434.0,6.3,,38.3,1301.0,240.0,8.9,53.4,0.6117
2004-11-22 19:00:00,1766.0,1720.0,361.0,1881.0,2515.0,6.9,,37.6,1345.0,245.0,9.1,53.8,0.6216
2004-11-22 20:00:00,1706.0,1641.0,381.0,1778.0,2522.0,6.5,,33.9,1218.0,239.0,8.9,54.2,0.6183
2004-11-22 21:00:00,1472.0,1361.0,462.0,1455.0,2334.0,3.3,,22.4,884.0,191.0,8.5,54.2,0.6054
2004-11-22 22:00:00,1392.0,1206.0,521.0,1347.0,2199.0,2.4,,16.9,650.0,164.0,8.5,57.8,0.6432
2004-11-22 23:00:00,1335.0,1112.0,570.0,1331.0,1861.0,1.7,,13.9,444.0,130.0,7.7,71.1,0.7503
2004-11-23 00:00:00,1285.0,1037.0,610.0,1277.0,1751.0,1.3,,11.6,370.0,121.0,7.9,72.5,0.7766
2004-11-23 01:00:00,1267.0,1008.0,628.0,1264.0,1652.0,1.1,,10.8,349.0,118.0,8.0,75.3,0.8079
2004-11-23 02:00:00,1176.0,930.0,679.0,1216.0,1455.0,0.8,,8.8,287.0,113.0,8.0,76.2,0.8217
2004-11-23 03:00:00,1079.0,812.0,782.0,1158.0,1158.0,0.3,,6.0,,,7.8,81.3,0.8631
2004-11-23 04:00:00,1084.0,816.0,776.0,1165.0,1126.0,,,6.1,226.0,94.0,7.9,81.8,0.8759
2004-11-23 05:00:00,1091.0,829.0,755.0,1177.0,1126.0,1.3,,6.4,238.0,92.0,8.2,81.4,0.888
2004-11-23 06:00:00,1126.0,886.0,713.0,1225.0,1158.0,1.4,,7.7,316.0,98.0,8.5,81.1,0.8989
2004-11-23 07:00:00,1210.0,978.0,666.0,1332.0,1237.0,2.1,,10.0,508.0,111.0,8.9,79.3,0.9088
2004-11-23 08:00:00,1565.0,1405.0,488.0,1830.0,1696.0,4.5,,24.0,920.0,139.0,9.5,77.9,0.9278
2004-11-23 09:00:00,1578.0,1494.0,448.0,1854.0,1800.0,5.7,,27.6,980.0,160.0,9.9,77.6,0.9488
2004-11-23 10:00:00,1702.0,1585.0,422.0,1960.0,1967.0,6.6,,31.5,1188.0,183.0,10.7,76.2,0.9798
2004-11-23 11:00:00,1552.0,1406.0,478.0,1749.0,1862.0,5.0,,24.1,1045.0,185.0,11.8,72.2,0.9948
2004-11-23 12:00:00,1590.0,1466.0,448.0,1831.0,2003.0,5.3,,26.5,999.0,198.0,13.3,66.9,1.0163
2004-11-23 13:00:00,1640.0,1480.0,432.0,1865.0,2041.0,5.4,,27.1,955.0,201.0,13.8,67.0,1.0513
2004-11-23 14:00:00,1769.0,1624.0,396.0,2041.0,2202.0,7.3,,33.2,1189.0,233.0,13.9,67.6,1.0666
2004-11-23 15:00:00,1581.0,1442.0,435.0,1839.0,1966.0,5.1,,25.5,933.0,202.0,14.2,66.8,1.073
2004-11-23 16:00:00,1658.0,1482.0,419.0,1893.0,2030.0,5.3,,27.1,898.0,186.0,14.2,67.8,1.0879
2004-11-23 17:00:00,1821.0,1673.0,371.0,2119.0,2201.0,7.3,,35.4,1201.0,215.0,13.6,71.0,1.1018
2004-11-23 18:00:00,1982.0,1959.0,322.0,2536.0,2386.0,10.2,,49.5,1369.0,227.0,13.2,72.6,1.0936
2004-11-23 19:00:00,2008.0,1980.0,325.0,2562.0,2342.0,11.9,,50.6,1389.0,220.0,12.4,74.7,1.0741
2004-11-23 20:00:00,1918.0,1958.0,335.0,2477.0,2237.0,11.5,,49.4,1358.0,190.0,11.5,76.2,1.0324
2004-11-23 21:00:00,1693.0,1590.0,412.0,1949.0,2025.0,8.3,,31.7,1189.0,178.0,10.4,79.3,0.9993
2004-11-23 22:00:00,1495.0,1345.0,467.0,1649.0,1853.0,4.7,,21.8,866.0,147.0,10.0,82.5,1.015
2004-11-23 23:00:00,1449.0,1291.0,482.0,1580.0,1817.0,4.0,,19.8,718.0,138.0,10.0,82.6,1.0163
2004-11-24 00:00:00,1439.0,1257.0,494.0,1571.0,1704.0,3.9,,18.6,715.0,135.0,10.1,83.5,1.0296
2004-11-24 01:00:00,1270.0,1098.0,572.0,1420.0,1463.0,2.8,,13.4,558.0,123.0,10.0,83.6,1.0235
2004-11-24 02:00:00,1163.0,980.0,654.0,1327.0,1299.0,2.3,,10.1,467.0,106.0,10.4,80.8,1.0191
2004-11-24 03:00:00,1130.0,915.0,697.0,1281.0,1205.0,1.8,,8.4,,,10.6,80.3,1.0252
2004-11-24 04:00:00,1023.0,781.0,809.0,1195.0,1019.0,1.4,,5.4,295.0,81.0,10.6,78.8,1.008
2004-11-24 05:00:00,931.0,679.0,947.0,1138.0,867.0,1.0,,3.4,151.0,66.0,10.5,77.8,0.9839
2004-11-24 06:00:00,953.0,717.0,907.0,1152.0,911.0,1.0,,4.1,188.0,64.0,9.8,79.2,0.9567
2004-11-24 07:00:00,1108.0,927.0,718.0,1315.0,1106.0,1.8,,8.7,380.0,86.0,9.5,80.3,0.9532
2004-11-24 08:00:00,1414.0,1261.0,532.0,1644.0,1479.0,3.8,,18.7,717.0,114.0,9.8,80.5,0.9724
2004-11-24 09:00:00,1423.0,1323.0,496.0,1727.0,1568.0,4.2,,21.0,803.0,115.0,10.3,80.3,1.002
2004-11-24 10:00:00,1352.0,1231.0,538.0,1605.0,1530.0,3.6,,17.7,726.0,110.0,11.1,77.2,1.0175
2004-11-24 11:00:00,1303.0,1153.0,575.0,1520.0,1582.0,3.3,,15.1,558.0,116.0,13.3,68.8,1.0505
2004-11-24 12:00:00,1103.0,931.0,711.0,1293.0,1235.0,2.0,,8.8,427.0,162.0,15.1,58.3,0.9978
2004-11-24 13:00:00,1138.0,967.0,695.0,1332.0,1195.0,2.0,,9.7,317.0,104.0,15.6,56.2,0.9876
2004-11-24 14:00:00,1278.0,1130.0,580.0,1506.0,1471.0,2.9,,14.4,436.0,129.0,15.4,59.6,1.0375
2004-11-24 15:00:00,1292.0,1141.0,556.0,1498.0,1582.0,2.7,,14.7,490.0,146.0,14.6,63.7,1.0508
2004-11-24 16:00:00,1374.0,1222.0,516.0,1582.0,1671.0,3.4,,17.4,602.0,160.0,13.7,66.8,1.0432
2004-11-24 17:00:00,1464.0,1358.0,477.0,1719.0,1711.0,4.5,,22.3,732.0,169.0,12.3,72.5,1.0331
2004-11-24 18:00:00,1562.0,1557.0,427.0,1916.0,1852.0,6.1,,30.3,865.0,167.0,10.8,77.2,1.0021
2004-11-24 19:00:00,1592.0,1627.0,401.0,1957.0,1902.0,6.8,,33.3,936.0,166.0,10.2,80.4,1.0003
2004-11-24 20:00:00,1669.0,1686.0,384.0,2066.0,1961.0,8.4,,36.0,1074.0,181.0,10.1,79.3,0.9795
2004-11-24 21:00:00,1429.0,1401.0,475.0,1698.0,1689.0,5.3,,23.9,812.0,144.0,10.0,76.1,0.9329
2004-11-24 22:00:00,1354.0,1269.0,506.0,1530.0,1580.0,4.5,,19.0,773.0,141.0,8.6,82.3,0.9198
2004-11-24 23:00:00,1311.0,1203.0,542.0,1448.0,1428.0,4.1,,16.8,761.0,123.0,7.7,84.3,0.8881
2004-11-25 00:00:00,1311.0,1225.0,538.0,1464.0,1434.0,4.0,,17.5,781.0,121.0,7.1,84.1,0.8557
2004-11-25 01:00:00,1292.0,1221.0,547.0,1437.0,1389.0,4.0,,17.4,743.0,114.0,6.7,83.2,0.819
2004-11-25 02:00:00,1091.0,1025.0,666.0,1262.0,1130.0,3.0,,11.3,533.0,93.0,6.0,83.0,0.78
2004-11-25 03:00:00,1009.0,928.0,754.0,1166.0,983.0,2.1,,8.7,,,5.1,84.0,0.7439
2004-11-25 04:00:00,1050.0,956.0,725.0,1162.0,1025.0,2.2,,9.4,456.0,89.0,4.3,85.4,0.7152
2004-11-25 05:00:00,1053.0,955.0,710.0,1154.0,1050.0,2.2,,9.4,486.0,94.0,4.0,85.7,0.7041
2004-11-25 06:00:00,1016.0,945.0,724.0,1147.0,1038.0,2.0,,9.1,498.0,93.0,4.0,84.4,0.6943
2004-11-25 07:00:00,1057.0,1004.0,702.0,1204.0,1080.0,2.2,,10.7,585.0,100.0,4.0,83.1,0.682
2004-11-25 08:00:00,1309.0,1333.0,537.0,1555.0,1411.0,4.0,,21.3,911.0,127.0,4.4,81.3,0.689
2004-11-25 09:00:00,1315.0,1375.0,526.0,1576.0,1549.0,4.8,,22.9,845.0,137.0,6.7,72.6,0.718
2004-11-25 10:00:00,1315.0,1300.0,547.0,1531.0,1659.0,4.6,,20.1,807.0,190.0,10.0,63.4,0.7791
2004-11-25 11:00:00,1111.0,1042.0,682.0,1257.0,1434.0,2.8,,11.8,603.0,171.0,13.6,48.7,0.7547
2004-11-25 12:00:00,1087.0,1000.0,706.0,1251.0,1310.0,2.1,,10.6,391.0,127.0,14.6,46.5,0.7687
2004-11-25 13:00:00,1104.0,1028.0,696.0,1263.0,1227.0,2.0,,11.4,279.0,109.0,15.4,43.0,0.7483
2004-11-25 14:00:00,1142.0,1078.0,670.0,1256.0,1261.0,2.5,,12.8,358.0,126.0,16.4,38.2,0.7081
2004-11-25 15:00:00,1164.0,1096.0,662.0,1311.0,1261.0,2.5,,13.4,403.0,136.0,16.8,37.6,0.7129
2004-11-25 16:00:00,1214.0,1124.0,659.0,1302.0,1345.0,2.8,,14.2,465.0,156.0,16.8,36.7,0.6944
2004-11-25 17:00:00,1369.0,1346.0,558.0,1537.0,1608.0,4.0,,21.8,707.0,187.0,15.4,41.3,0.7151
2004-11-25 18:00:00,1368.0,1334.0,529.0,1547.0,1653.0,4.5,,21.4,660.0,173.0,13.8,48.9,0.7699
2004-11-25 19:00:00,1226.0,1161.0,606.0,1368.0,1442.0,3.1,,15.4,402.0,137.0,13.3,50.9,0.7745
2004-11-25 20:00:00,1225.0,1134.0,614.0,1352.0,1421.0,2.6,,14.5,350.0,122.0,11.5,57.3,0.7786
2004-11-25 21:00:00,1190.0,1028.0,654.0,1287.0,1329.0,2.6,,11.4,355.0,129.0,10.7,59.8,0.7674
2004-11-25 22:00:00,1128.0,889.0,743.0,1160.0,1212.0,2.0,,7.8,296.0,110.0,10.0,61.8,0.7576
2004-11-25 23:00:00,1105.0,883.0,747.0,1180.0,1179.0,1.8,,7.6,266.0,102.0,9.9,62.1,0.7566
2004-11-26 00:00:00,1152.0,959.0,689.0,1232.0,1231.0,2.5,,9.5,373.0,114.0,9.3,64.5,0.7554
2004-11-26 01:00:00,1141.0,967.0,698.0,1245.0,1214.0,2.3,,9.7,417.0,117.0,9.1,65.7,0.7607
2004-11-26 02:00:00,1121.0,901.0,712.0,1215.0,1134.0,2.1,,8.1,308.0,98.0,8.9,71.8,0.818
2004-11-26 03:00:00,1043.0,805.0,798.0,1155.0,992.0,1.5,,5.9,,,9.1,72.9,0.8429
2004-11-26 04:00:00,1090.0,841.0,757.0,1202.0,989.0,,,6.6,209.0,79.0,8.7,77.6,0.8753
2004-11-26 05:00:00,982.0,752.0,844.0,1153.0,897.0,1.2,,4.8,196.0,77.0,9.0,77.3,0.8873
2004-11-26 06:00:00,974.0,743.0,864.0,1155.0,885.0,1.0,,4.6,203.0,75.0,9.1,77.3,0.8944
2004-11-26 07:00:00,1118.0,915.0,731.0,1289.0,1059.0,1.7,,8.4,393.0,95.0,9.3,76.9,0.9007
2004-11-26 08:00:00,1508.0,1379.0,496.0,1767.0,1567.0,4.3,,23.1,864.0,137.0,10.0,75.0,0.9179
2004-11-26 09:00:00,1521.0,1470.0,456.0,1857.0,1727.0,5.8,,26.6,960.0,149.0,10.6,72.7,0.9272
2004-11-26 10:00:00,1562.0,1458.0,458.0,1770.0,2021.0,5.6,,26.1,1056.0,197.0,12.4,64.8,0.931
2004-11-26 11:00:00,1392.0,1192.0,543.0,1508.0,1795.0,4.0,,16.4,856.0,183.0,13.7,59.9,0.9335
2004-11-26 12:00:00,1439.0,1267.0,522.0,1586.0,1852.0,4.0,,18.9,854.0,179.0,14.9,57.0,0.9564
2004-11-26 13:00:00,1539.0,1371.0,488.0,1712.0,1943.0,4.9,,22.7,854.0,196.0,15.5,56.2,0.9814
2004-11-26 14:00:00,1608.0,1483.0,446.0,1845.0,2058.0,5.6,,27.2,949.0,208.0,15.8,56.3,1.0026
2004-11-26 15:00:00,1589.0,1407.0,556.0,1757.0,1972.0,5.1,,24.1,932.0,203.0,15.8,57.9,1.0292
2004-11-26 16:00:00,1704.0,1531.0,507.0,1904.0,2098.0,6.2,,29.1,1071.0,213.0,15.7,58.9,1.0432
2004-11-26 17:00:00,1822.0,1686.0,387.0,2077.0,2244.0,7.7,,36.0,1134.0,233.0,15.5,61.2,1.067
2004-11-26 18:00:00,1956.0,1877.0,347.0,2338.0,2465.0,10.1,,45.2,1389.0,255.0,15.5,62.8,1.0979
2004-11-26 19:00:00,1676.0,1568.0,444.0,1983.0,2096.0,6.4,,30.7,866.0,170.0,15.6,64.9,1.1396
2004-11-26 20:00:00,1834.0,1723.0,400.0,2204.0,2190.0,7.7,,37.7,947.0,167.0,15.1,67.0,1.1394
2004-11-26 21:00:00,1759.0,1588.0,437.0,1971.0,2234.0,8.1,,31.6,1155.0,205.0,14.6,67.7,1.1164
2004-11-26 22:00:00,1518.0,1293.0,515.0,1602.0,2048.0,4.7,,19.9,798.0,170.0,13.8,67.8,1.0609
2004-11-26 23:00:00,1502.0,1256.0,560.0,1568.0,2044.0,4.3,,18.6,696.0,154.0,13.4,69.0,1.0579
2004-11-27 00:00:00,1499.0,1207.0,748.0,1530.0,1881.0,4.1,,16.9,654.0,143.0,13.0,73.7,1.0957
2004-11-27 01:00:00,1531.0,1238.0,619.0,1583.0,1774.0,4.2,,18.0,685.0,140.0,12.7,77.5,1.1339
2004-11-27 02:00:00,1424.0,1145.0,641.0,1482.0,1615.0,3.8,,14.9,574.0,122.0,12.4,78.4,1.1269
2004-11-27 03:00:00,1279.0,986.0,756.0,1362.0,1473.0,2.7,,10.2,,,11.9,79.7,1.1075
2004-11-27 04:00:00,1250.0,942.0,755.0,1323.0,1380.0,2.4,,9.1,319.0,103.0,11.9,80.7,1.1199
2004-11-27 05:00:00,1189.0,870.0,821.0,1272.0,1251.0,2.0,,7.3,263.0,97.0,13.2,75.8,1.1459
2004-11-27 06:00:00,1197.0,881.0,820.0,1295.0,1173.0,1.7,,7.6,320.0,99.0,12.3,81.9,1.1674
2004-11-27 07:00:00,1273.0,946.0,729.0,1349.0,1217.0,2.1,,9.2,439.0,110.0,12.8,80.8,1.1898
2004-11-27 08:00:00,1298.0,1017.0,727.0,1418.0,1193.0,2.5,,11.1,398.0,110.0,13.7,76.3,1.1932
2004-11-27 09:00:00,1453.0,1190.0,583.0,1644.0,1358.0,3.8,,16.3,637.0,121.0,13.4,78.8,1.2104
2004-11-27 10:00:00,1492.0,1233.0,561.0,1672.0,1481.0,3.9,,17.8,699.0,122.0,13.8,77.8,1.2201
2004-11-27 11:00:00,1481.0,1202.0,768.0,1639.0,1532.0,4.2,,16.7,699.0,136.0,15.1,73.2,1.244
2004-11-27 12:00:00,1524.0,1228.0,853.0,1646.0,1675.0,4.0,,17.6,707.0,170.0,15.8,70.5,1.2557
2004-11-27 13:00:00,1562.0,1280.0,479.0,1711.0,1709.0,4.4,,19.4,743.0,156.0,15.4,73.3,1.27
2004-11-27 14:00:00,1567.0,1300.0,473.0,1753.0,1743.0,4.7,,20.1,745.0,158.0,15.6,71.4,1.2596
2004-11-27 15:00:00,1568.0,1280.0,479.0,1703.0,1774.0,4.6,,19.4,741.0,174.0,16.3,68.7,1.2596
2004-11-27 16:00:00,1622.0,1312.0,477.0,1727.0,1804.0,4.8,,20.5,765.0,187.0,16.4,68.2,1.2662
2004-11-27 17:00:00,1515.0,1259.0,508.0,1695.0,1555.0,4.5,,18.7,632.0,147.0,15.6,70.2,1.238
2004-11-27 18:00:00,1603.0,1417.0,459.0,1871.0,1621.0,5.6,,24.5,808.0,136.0,14.2,75.8,1.2202
2004-11-27 19:00:00,1514.0,1334.0,489.0,1755.0,1614.0,4.9,,21.3,703.0,134.0,14.0,74.6,1.1865
2004-11-27 20:00:00,1567.0,1392.0,470.0,1821.0,1637.0,5.3,,23.5,764.0,126.0,13.3,75.8,1.1506
2004-11-27 21:00:00,1380.0,1163.0,573.0,1547.0,1485.0,4.6,,15.5,667.0,130.0,13.7,72.5,1.1326
2004-11-27 22:00:00,1214.0,972.0,663.0,1359.0,1280.0,2.4,,9.9,355.0,98.0,12.8,73.8,1.0853
2004-11-27 23:00:00,1225.0,982.0,656.0,1358.0,1236.0,2.7,,10.1,359.0,89.0,11.2,78.3,1.0415
2004-11-28 00:00:00,1250.0,989.0,665.0,1343.0,1204.0,2.5,,10.3,327.0,88.0,10.6,79.4,1.0133
2004-11-28 01:00:00,1143.0,882.0,738.0,1260.0,1069.0,2.3,,7.6,289.0,86.0,10.8,77.5,1.0027
2004-11-28 02:00:00,1046.0,817.0,790.0,1214.0,957.0,,,6.1,,,10.5,78.6,0.9976
2004-11-28 03:00:00,953.0,722.0,911.0,1148.0,828.0,1.3,,4.2,138.0,70.0,10.3,77.6,0.9743
2004-11-28 04:00:00,913.0,659.0,1010.0,1121.0,748.0,1.0,,3.1,86.0,55.0,10.3,74.9,0.9362
2004-11-28 05:00:00,858.0,554.0,1207.0,1047.0,663.0,0.9,,1.6,60.0,45.0,11.2,69.0,0.9159
2004-11-28 06:00:00,848.0,560.0,1206.0,1045.0,644.0,0.7,,1.7,62.0,44.0,8.9,77.1,0.8804
2004-11-28 07:00:00,871.0,548.0,1197.0,1025.0,662.0,0.8,,1.5,73.0,50.0,9.5,73.3,0.8719
2004-11-28 08:00:00,909.0,624.0,1056.0,1073.0,736.0,1.0,,2.6,157.0,74.0,8.6,77.2,0.8617
2004-11-28 09:00:00,906.0,637.0,1024.0,1070.0,761.0,1.1,,2.8,166.0,81.0,8.6,76.6,0.8586
2004-11-28 10:00:00,859.0,573.0,1126.0,1039.0,696.0,0.8,,1.9,98.0,65.0,9.7,72.0,0.8649
2004-11-28 11:00:00,1028.0,773.0,877.0,1194.0,871.0,1.4,,5.2,153.0,76.0,11.1,68.2,0.8979
2004-11-28 12:00:00,1089.0,835.0,778.0,1216.0,1004.0,2.2,,6.5,307.0,110.0,11.8,65.0,0.8966
2004-11-28 13:00:00,1184.0,954.0,701.0,1313.0,1133.0,2.7,,9.4,416.0,124.0,12.1,64.8,0.9135
2004-11-28 14:00:00,1136.0,906.0,729.0,1274.0,1140.0,2.3,,8.2,346.0,120.0,12.6,63.2,0.9209
2004-11-28 15:00:00,1069.0,854.0,780.0,1242.0,999.0,1.9,,6.9,252.0,99.0,13.4,61.9,0.9513
2004-11-28 16:00:00,1214.0,922.0,741.0,1273.0,1124.0,2.7,,8.6,326.0,117.0,13.3,63.3,0.9597
2004-11-28 17:00:00,1212.0,926.0,720.0,1283.0,1193.0,3.2,,8.6,490.0,132.0,11.2,70.9,0.9406
2004-11-28 18:00:00,1218.0,981.0,677.0,1335.0,1258.0,3.2,,10.1,452.0,113.0,9.6,76.5,0.9184
2004-11-28 19:00:00,1279.0,1069.0,628.0,1418.0,1356.0,3.5,,12.6,542.0,117.0,9.9,76.3,0.9296
2004-11-28 20:00:00,1382.0,1196.0,573.0,1543.0,1468.0,4.5,,16.5,605.0,127.0,10.4,74.6,0.9394
2004-11-28 21:00:00,1292.0,1085.0,620.0,1438.0,1390.0,4.1,,13.0,577.0,132.0,10.3,75.1,0.9399
2004-11-28 22:00:00,1250.0,1054.0,634.0,1407.0,1348.0,3.3,,12.1,491.0,121.0,10.4,75.4,0.947
2004-11-28 23:00:00,1260.0,1030.0,639.0,1378.0,1355.0,3.1,,11.4,492.0,122.0,10.5,75.4,0.9566
2004-11-29 00:00:00,1203.0,988.0,658.0,1350.0,1315.0,3.0,,10.3,412.0,113.0,10.2,78.4,0.9757
2004-11-29 01:00:00,1146.0,900.0,718.0,1280.0,1183.0,2.3,,8.0,283.0,99.0,9.9,80.5,0.984
2004-11-29 02:00:00,1130.0,902.0,715.0,1289.0,1117.0,2.3,,8.1,280.0,86.0,9.8,81.4,0.9855
2004-11-29 03:00:00,1032.0,757.0,837.0,1182.0,1001.0,1.7,,4.9,,,9.5,81.7,0.9693
2004-11-29 04:00:00,993.0,720.0,891.0,1143.0,925.0,1.5,,4.2,156.0,66.0,8.9,83.0,0.9487
2004-11-29 05:00:00,987.0,759.0,856.0,1162.0,940.0,1.3,,4.9,166.0,67.0,8.8,83.7,0.9529
2004-11-29 06:00:00,1018.0,800.0,821.0,1185.0,956.0,1.4,,5.7,225.0,78.0,8.7,84.2,0.9526
2004-11-29 07:00:00,1129.0,971.0,707.0,1315.0,1064.0,2.0,,9.8,325.0,90.0,8.7,83.7,0.9454
2004-11-29 08:00:00,1440.0,1312.0,537.0,1657.0,1515.0,4.2,,20.6,760.0,120.0,9.6,80.8,0.9687
2004-11-29 09:00:00,1609.0,1540.0,486.0,1961.0,1803.0,5.9,,29.5,948.0,139.0,11.3,75.3,1.0048
2004-11-29 10:00:00,1573.0,1511.0,531.0,1916.0,1927.0,6.3,,28.3,1044.0,172.0,13.8,68.5,1.0718
2004-11-29 11:00:00,1705.0,1562.0,473.0,1988.0,2197.0,6.6,,30.5,1172.0,232.0,14.9,64.9,1.0929
2004-11-29 12:00:00,1551.0,1377.0,564.0,1734.0,2038.0,5.0,,23.0,1000.0,168.0,15.3,63.2,1.0898
2004-11-29 13:00:00,1163.0,1016.0,781.0,1363.0,1339.0,2.5,,11.1,366.0,120.0,18.6,49.1,1.0425
2004-11-29 14:00:00,1186.0,1077.0,797.0,1404.0,1328.0,2.6,,12.8,346.0,121.0,18.6,49.3,1.0451
2004-11-29 15:00:00,1166.0,1007.0,775.0,1391.0,1227.0,1.9,,10.8,289.0,117.0,18.4,49.9,1.0453
2004-11-29 16:00:00,1200.0,1027.0,760.0,1416.0,1199.0,2.3,,11.4,316.0,121.0,17.9,51.4,1.0488
2004-11-29 17:00:00,1134.0,903.0,821.0,1299.0,1046.0,1.9,,8.1,238.0,107.0,18.0,51.9,1.0622
2004-11-29 18:00:00,1161.0,979.0,758.0,1375.0,1132.0,2.3,,10.0,267.0,115.0,16.7,57.3,1.0813
2004-11-29 19:00:00,1117.0,871.0,781.0,1320.0,986.0,1.8,,7.3,182.0,94.0,17.3,57.0,1.1137
2004-11-29 20:00:00,1114.0,872.0,857.0,1310.0,991.0,1.9,,7.3,197.0,98.0,16.8,58.7,1.1109
2004-11-29 21:00:00,1022.0,744.0,1224.0,1210.0,847.0,1.4,,4.6,149.0,87.0,16.5,59.2,1.1021
2004-11-29 22:00:00,996.0,710.0,1699.0,1182.0,783.0,1.2,,4.0,124.0,78.0,16.3,59.7,1.0941
2004-11-29 23:00:00,1002.0,704.0,1472.0,1202.0,752.0,1.0,,3.9,105.0,69.0,16.0,61.6,1.1127
2004-11-30 00:00:00,1032.0,688.0,1514.0,1200.0,737.0,1.2,,3.6,109.0,67.0,15.6,66.6,1.1763
2004-11-30 01:00:00,1052.0,766.0,1031.0,1302.0,796.0,1.4,,5.1,169.0,81.0,13.8,80.4,1.2621
2004-11-30 02:00:00,1014.0,737.0,1509.0,1288.0,765.0,1.2,,4.5,124.0,75.0,13.2,84.4,1.2779
2004-11-30 03:00:00,897.0,581.0,1184.0,1181.0,636.0,0.8,,2.0,,,13.6,82.8,1.2845
2004-11-30 04:00:00,878.0,518.0,1294.0,1149.0,539.0,0.6,,1.2,50.0,42.0,13.8,81.3,1.2767
2004-11-30 05:00:00,840.0,534.0,1268.0,1109.0,483.0,0.6,,1.4,47.0,38.0,13.6,75.5,1.172
2004-11-30 06:00:00,879.0,575.0,1262.0,1111.0,537.0,0.7,,1.9,110.0,64.0,11.5,81.4,1.1025
2004-11-30 07:00:00,999.0,690.0,1027.0,1192.0,707.0,1.1,,3.6,193.0,86.0,11.8,80.7,1.1181
2004-11-30 08:00:00,1251.0,1015.0,751.0,1453.0,1070.0,2.5,,11.0,475.0,127.0,12.3,78.9,1.1283
2004-11-30 09:00:00,1351.0,1226.0,648.0,1649.0,1248.0,3.6,,17.5,420.0,122.0,13.0,76.0,1.1317
2004-11-30 10:00:00,1312.0,1177.0,711.0,1588.0,1261.0,3.6,,15.9,439.0,141.0,13.7,70.9,1.1076
2004-11-30 11:00:00,1201.0,1098.0,763.0,1500.0,1209.0,3.3,,13.4,461.0,139.0,14.0,70.9,1.1244
2004-11-30 12:00:00,1120.0,932.0,897.0,1301.0,1039.0,2.0,,8.8,238.0,105.0,14.6,65.9,1.088
2004-11-30 13:00:00,1071.0,955.0,940.0,1311.0,977.0,1.9,,9.4,232.0,103.0,14.9,59.9,1.0063
2004-11-30 14:00:00,1085.0,967.0,943.0,1321.0,976.0,2.2,,9.7,241.0,108.0,14.9,58.4,0.9839
2004-11-30 15:00:00,1113.0,980.0,984.0,1311.0,995.0,2.2,,10.1,278.0,109.0,15.3,54.3,0.9357
2004-11-30 16:00:00,1310.0,1301.0,746.0,1694.0,1350.0,3.8,,20.2,496.0,149.0,14.6,56.6,0.9367
2004-11-30 17:00:00,1183.0,1122.0,897.0,1476.0,1215.0,3.5,,14.2,464.0,143.0,12.6,62.0,0.9027
2004-11-30 18:00:00,1362.0,1373.0,755.0,1698.0,1461.0,5.2,,22.8,600.0,159.0,11.9,62.3,0.8674
2004-11-30 19:00:00,1408.0,1502.0,640.0,1843.0,1598.0,6.3,,28.0,692.0,178.0,11.6,64.3,0.8789
2004-11-30 20:00:00,1471.0,1559.0,605.0,1939.0,1669.0,6.8,,30.3,731.0,168.0,11.5,68.0,0.9207
2004-11-30 21:00:00,1157.0,1063.0,905.0,1394.0,1223.0,4.1,,12.4,491.0,160.0,10.7,73.9,0.9502
2004-11-30 22:00:00,1061.0,899.0,1067.0,1277.0,939.0,2.3,,8.0,284.0,117.0,9.6,83.0,0.9899
2004-11-30 23:00:00,1006.0,836.0,1226.0,1210.0,902.0,1.9,,6.5,245.0,113.0,9.6,79.9,0.9579
2004-12-01 00:00:00,1039.0,880.0,1198.0,1251.0,933.0,2.2,,7.5,273.0,113.0,9.8,79.4,0.9626
2004-12-01 01:00:00,886.0,699.0,1900.0,1106.0,766.0,1.3,,3.8,157.0,94.0,10.1,75.3,0.9322
2004-12-01 02:00:00,900.0,701.0,1955.0,1127.0,749.0,1.2,,3.8,117.0,76.0,9.1,80.0,0.9299
2004-12-01 03:00:00,856.0,654.0,2042.0,1100.0,709.0,0.9,,3.0,,,8.7,82.4,0.9294
2004-12-01 04:00:00,857.0,638.0,2061.0,1083.0,746.0,,,2.8,123.0,68.0,8.5,81.7,0.9074
2004-12-01 05:00:00,844.0,618.0,2095.0,1064.0,757.0,0.6,,2.5,100.0,63.0,8.3,80.4,0.8861
2004-12-01 06:00:00,927.0,671.0,2009.0,1098.0,792.0,0.9,,3.3,135.0,74.0,8.9,79.2,0.9067
2004-12-01 07:00:00,1007.0,857.0,1699.0,1248.0,921.0,1.4,,7.0,301.0,96.0,8.7,80.8,0.9096
2004-12-01 08:00:00,1318.0,1243.0,1261.0,1638.0,1318.0,3.4,,18.1,641.0,121.0,9.0,79.8,0.9203
2004-12-01 09:00:00,1396.0,1419.0,1104.0,1799.0,1547.0,5.0,,24.6,849.0,145.0,9.5,78.3,0.9338
2004-12-01 10:00:00,1337.0,1288.0,1192.0,1648.0,1516.0,4.7,,19.7,861.0,158.0,10.4,76.0,0.9561
2004-12-01 11:00:00,1202.0,1083.0,1376.0,1410.0,1340.0,3.2,,13.0,629.0,143.0,11.0,74.4,0.9736
2004-12-01 12:00:00,1309.0,1212.0,1267.0,1533.0,1556.0,3.5,,17.1,737.0,182.0,13.8,63.6,0.9959
2004-12-01 13:00:00,1351.0,1278.0,1249.0,1623.0,1582.0,4.0,,19.3,712.0,163.0,13.6,65.6,1.0167
2004-12-01 14:00:00,1501.0,1514.0,1090.0,1898.0,1791.0,5.7,,28.4,933.0,178.0,13.7,66.5,1.038
2004-12-01 15:00:00,1426.0,1375.0,1143.0,1751.0,1631.0,5.0,,22.9,836.0,162.0,13.0,73.0,1.086
2004-12-01 16:00:00,1544.0,1446.0,1070.0,1834.0,1679.0,5.6,,25.7,987.0,171.0,12.7,77.1,1.1251
2004-12-01 17:00:00,1566.0,1474.0,1049.0,1887.0,1681.0,6.2,,26.8,985.0,174.0,12.3,79.7,1.1342
2004-12-01 18:00:00,1547.0,1532.0,1009.0,1972.0,1718.0,7.5,,29.2,1040.0,185.0,12.3,78.8,1.1279
2004-12-01 19:00:00,1124.0,1047.0,1401.0,1419.0,1193.0,3.0,,11.9,401.0,126.0,12.5,72.6,1.0489
2004-12-01 20:00:00,1090.0,981.0,1513.0,1390.0,1044.0,2.6,,10.1,279.0,113.0,11.8,76.1,1.0544
2004-12-01 21:00:00,1034.0,865.0,1732.0,1280.0,925.0,2.1,,7.2,280.0,111.0,11.3,79.9,1.0697
2004-12-01 22:00:00,1040.0,859.0,1705.0,1293.0,889.0,1.8,,7.1,280.0,107.0,11.1,84.3,1.1137
2004-12-01 23:00:00,1060.0,877.0,1648.0,1313.0,929.0,2.0,,7.5,327.0,107.0,11.3,83.1,1.1089
2004-12-02 00:00:00,1076.0,903.0,1627.0,1330.0,958.0,2.2,,8.1,316.0,102.0,11.6,81.0,1.1082
2004-12-02 01:00:00,975.0,787.0,1812.0,1238.0,844.0,1.9,,5.5,223.0,96.0,11.7,77.8,1.0689
2004-12-02 02:00:00,987.0,796.0,1789.0,1254.0,830.0,1.6,,5.7,180.0,86.0,11.7,78.6,1.0813
2004-12-02 03:00:00,928.0,699.0,1930.0,1198.0,785.0,1.1,,3.8,,,11.9,78.2,1.0856
2004-12-02 04:00:00,889.0,646.0,2047.0,1163.0,743.0,0.9,,2.9,131.0,70.0,12.0,77.4,1.0825
2004-12-02 05:00:00,880.0,610.0,2095.0,1150.0,711.0,0.7,,2.4,101.0,59.0,12.0,78.0,1.094
2004-12-02 06:00:00,919.0,711.0,1667.0,1195.0,819.0,0.9,,4.0,189.0,74.0,12.4,75.3,1.0813
2004-12-02 07:00:00,1073.0,867.0,768.0,1329.0,981.0,1.4,,7.2,336.0,89.0,12.5,76.4,1.1021
2004-12-02 08:00:00,1435.0,1341.0,501.0,1787.0,1480.0,4.2,,21.6,804.0,131.0,12.9,73.8,1.0937
2004-12-02 09:00:00,1477.0,1501.0,444.0,1972.0,1691.0,5.0,,27.9,860.0,139.0,13.3,70.7,1.0749
2004-12-02 10:00:00,1337.0,1275.0,525.0,1655.0,1548.0,4.4,,19.2,745.0,145.0,14.3,66.1,1.0711
2004-12-02 11:00:00,1308.0,1191.0,537.0,1559.0,1523.0,3.4,,16.4,685.0,137.0,15.4,63.9,1.1071
2004-12-02 12:00:00,1245.0,1143.0,569.0,1531.0,1406.0,2.8,,14.8,639.0,128.0,15.9,62.7,1.1273
2004-12-02 13:00:00,1295.0,1205.0,538.0,1579.0,1476.0,3.4,,16.8,668.0,128.0,16.4,61.9,1.1465
2004-12-02 14:00:00,1338.0,1208.0,539.0,1600.0,1481.0,2.9,,16.9,469.0,123.0,18.0,58.0,1.1901
2004-12-02 15:00:00,1405.0,1269.0,500.0,1735.0,1534.0,3.9,,19.0,605.0,136.0,19.2,57.9,1.2757
2004-12-02 16:00:00,1456.0,1291.0,490.0,1753.0,1592.0,4.0,,19.8,641.0,137.0,18.1,62.1,1.2822
2004-12-02 17:00:00,1516.0,1423.0,455.0,1881.0,1688.0,4.9,,24.8,774.0,151.0,16.7,67.3,1.2707
2004-12-02 18:00:00,1707.0,1721.0,375.0,2260.0,1940.0,7.7,,37.6,1001.0,171.0,15.8,70.7,1.2601
2004-12-02 19:00:00,1816.0,1851.0,341.0,2405.0,2069.0,9.4,,43.9,1184.0,171.0,15.4,73.0,1.2688
2004-12-02 20:00:00,1713.0,1699.0,371.0,2196.0,1943.0,7.8,,36.6,1020.0,161.0,15.4,73.0,1.2648
2004-12-02 21:00:00,1646.0,1570.0,401.0,2049.0,1846.0,6.6,,30.8,964.0,154.0,15.3,73.6,1.2691
2004-12-02 22:00:00,1468.0,1351.0,472.0,1783.0,1611.0,4.7,,22.0,741.0,127.0,15.1,74.3,1.2623
2004-12-02 23:00:00,1443.0,1323.0,486.0,1760.0,1487.0,4.8,,20.9,757.0,115.0,14.2,78.0,1.254
2004-12-03 00:00:00,1289.0,1087.0,587.0,1515.0,1208.0,3.2,,13.1,564.0,102.0,14.1,81.4,1.3066
2004-12-03 01:00:00,1194.0,950.0,667.0,1433.0,1043.0,2.6,,9.3,434.0,100.0,14.4,82.7,1.3496
2004-12-03 02:00:00,1165.0,957.0,661.0,1452.0,979.0,2.1,,9.4,308.0,86.0,14.1,84.1,1.3461
2004-12-03 03:00:00,1003.0,747.0,843.0,1289.0,806.0,1.3,,4.7,,,14.1,84.8,1.3544
2004-12-03 04:00:00,986.0,700.0,883.0,1249.0,768.0,1.1,,3.8,133.0,80.0,14.0,84.1,1.3389
2004-12-03 05:00:00,930.0,623.0,975.0,1215.0,720.0,0.7,,2.5,103.0,74.0,13.9,85.1,1.3449
2004-12-03 06:00:00,988.0,709.0,897.0,1267.0,785.0,0.9,,4.0,178.0,82.0,13.8,85.5,1.3469
2004-12-03 07:00:00,1094.0,857.0,739.0,1378.0,903.0,1.5,,7.0,289.0,96.0,13.8,85.3,1.3412
2004-12-03 08:00:00,1528.0,1328.0,487.0,1839.0,1389.0,3.8,,21.1,736.0,124.0,13.7,84.5,1.3202
2004-12-03 09:00:00,1628.0,1528.0,416.0,2081.0,1649.0,6.0,,29.0,928.0,142.0,13.9,83.9,1.3284
2004-12-03 10:00:00,1555.0,1377.0,455.0,1834.0,1621.0,5.1,,23.0,897.0,154.0,14.6,81.6,1.3448
2004-12-03 11:00:00,1290.0,1084.0,586.0,1544.0,1362.0,3.6,,13.0,596.0,144.0,15.8,74.7,1.3336
2004-12-03 12:00:00,1280.0,1144.0,555.0,1599.0,1624.0,3.0,,14.9,481.0,144.0,16.4,72.1,1.336
2004-12-03 13:00:00,1302.0,1169.0,544.0,1636.0,1605.0,3.1,,15.7,495.0,139.0,16.8,70.3,1.3341
2004-12-03 14:00:00,1332.0,1242.0,524.0,1716.0,1608.0,3.3,,18.1,460.0,138.0,17.9,66.3,1.3499
2004-12-03 15:00:00,1332.0,1163.0,548.0,1664.0,1522.0,3.4,,15.5,445.0,134.0,18.8,62.7,1.3506
2004-12-03 16:00:00,1493.0,1399.0,466.0,1893.0,1708.0,4.6,,23.8,618.0,150.0,19.0,61.6,1.3407
2004-12-03 17:00:00,1648.0,1612.0,401.0,2177.0,1885.0,6.9,,32.6,858.0,173.0,17.7,68.3,1.3713
2004-12-03 18:00:00,1482.0,1404.0,463.0,1883.0,1657.0,5.1,,24.0,634.0,134.0,16.5,71.7,1.3358
2004-12-03 19:00:00,1501.0,1392.0,476.0,1832.0,1645.0,4.9,,23.6,575.0,128.0,15.7,72.7,1.2872
2004-12-03 20:00:00,1601.0,1568.0,422.0,2111.0,1729.0,6.1,,30.7,738.0,132.0,15.0,74.4,1.2593
2004-12-03 21:00:00,1421.0,1320.0,496.0,1804.0,1556.0,6.2,,20.9,739.0,134.0,14.6,75.2,1.2405
2004-12-03 22:00:00,1232.0,1074.0,606.0,1504.0,1317.0,3.0,,12.7,472.0,107.0,14.0,75.7,1.2051
2004-12-03 23:00:00,1270.0,1117.0,586.0,1528.0,1290.0,3.4,,14.0,542.0,101.0,13.1,78.7,1.1817
2004-12-04 00:00:00,1257.0,1108.0,592.0,1520.0,1287.0,3.5,,13.7,577.0,94.0,12.6,78.4,1.1419
2004-12-04 01:00:00,1246.0,1077.0,621.0,1462.0,1235.0,3.2,,12.8,568.0,99.0,12.8,77.9,1.1438
2004-12-04 02:00:00,1166.0,1013.0,643.0,1408.0,1144.0,2.9,,11.0,451.0,90.0,12.1,79.4,1.1201
2004-12-04 03:00:00,1062.0,906.0,724.0,1305.0,1004.0,2.1,,8.2,,,11.6,80.1,1.0899
2004-12-04 04:00:00,1005.0,829.0,779.0,1246.0,944.0,,,6.4,242.0,71.0,11.6,79.7,1.0858
2004-12-04 05:00:00,1032.0,848.0,751.0,1266.0,972.0,1.7,,6.8,277.0,71.0,11.4,81.1,1.0928
2004-12-04 06:00:00,1034.0,876.0,740.0,1305.0,968.0,1.7,,7.4,291.0,66.0,11.5,81.7,1.1033
2004-12-04 07:00:00,1024.0,822.0,800.0,1266.0,954.0,1.3,,6.2,277.0,70.0,12.4,77.1,1.1072
2004-12-04 08:00:00,1243.0,1108.0,595.0,1539.0,1201.0,2.8,,13.7,510.0,90.0,12.3,79.0,1.1293
2004-12-04 09:00:00,1148.0,963.0,680.0,1395.0,1017.0,2.5,,9.6,451.0,102.0,12.2,83.9,1.189
2004-12-04 10:00:00,1182.0,994.0,654.0,1431.0,1039.0,2.7,,10.4,584.0,102.0,12.2,85.1,1.2079
2004-12-04 11:00:00,1015.0,835.0,796.0,1263.0,911.0,1.5,,6.5,260.0,94.0,12.4,80.1,1.1462
2004-12-04 12:00:00,1175.0,1002.0,668.0,1422.0,1059.0,2.6,,10.6,492.0,122.0,13.0,77.8,1.1641
2004-12-04 13:00:00,1224.0,1046.0,630.0,1476.0,1213.0,3.1,,11.9,580.0,124.0,11.8,86.5,1.1981
2004-12-04 14:00:00,1123.0,916.0,709.0,1346.0,1003.0,2.5,,8.4,373.0,103.0,11.9,85.7,1.1912
2004-12-04 15:00:00,1187.0,961.0,685.0,1408.0,1017.0,2.6,,9.6,497.0,115.0,11.9,88.7,1.2352
2004-12-04 16:00:00,1116.0,860.0,758.0,1316.0,937.0,2.5,,7.1,413.0,107.0,12.3,87.0,1.2422
2004-12-04 17:00:00,1131.0,912.0,728.0,1356.0,987.0,2.3,,8.3,444.0,120.0,12.7,84.4,1.2352
2004-12-04 18:00:00,1215.0,1012.0,653.0,1441.0,1131.0,3.1,,10.9,533.0,120.0,13.1,81.7,1.2284
2004-12-04 19:00:00,1077.0,852.0,773.0,1302.0,969.0,1.9,,6.9,325.0,108.0,13.1,80.4,1.2038
2004-12-04 20:00:00,1210.0,1000.0,679.0,1456.0,1062.0,2.5,,10.6,439.0,115.0,13.4,79.9,1.2254
2004-12-04 21:00:00,1181.0,956.0,689.0,1400.0,1058.0,3.1,,9.4,506.0,124.0,13.8,76.8,1.206
2004-12-04 22:00:00,1088.0,851.0,766.0,1307.0,959.0,2.0,,6.9,349.0,109.0,14.0,75.9,1.2064
2004-12-04 23:00:00,1054.0,794.0,830.0,1282.0,887.0,1.9,,5.6,235.0,93.0,13.5,78.3,1.2097
2004-12-05 00:00:00,1096.0,826.0,795.0,1285.0,911.0,2.4,,6.3,378.0,103.0,13.0,79.2,1.182
2004-12-05 01:00:00,1042.0,834.0,808.0,1267.0,914.0,2.0,,6.5,304.0,106.0,12.4,77.5,1.1115
2004-12-05 02:00:00,887.0,679.0,969.0,1132.0,786.0,1.2,,3.4,180.0,96.0,12.3,71.2,1.0175
2004-12-05 03:00:00,884.0,651.0,1034.0,1105.0,741.0,1.0,,3.0,,,12.2,69.6,0.986
2004-12-05 04:00:00,862.0,639.0,1033.0,1100.0,727.0,1.0,,2.8,148.0,81.0,12.3,67.5,0.9624
2004-12-05 05:00:00,821.0,584.0,1132.0,1070.0,686.0,0.8,,2.0,106.0,70.0,12.7,65.6,0.9566
2004-12-05 06:00:00,797.0,543.0,1235.0,1047.0,648.0,0.6,,1.5,87.0,60.0,12.5,65.9,0.9533
2004-12-05 07:00:00,802.0,538.0,1237.0,1042.0,645.0,0.7,,1.4,96.0,63.0,12.4,65.4,0.9426
2004-12-05 08:00:00,848.0,578.0,1160.0,1068.0,679.0,0.8,,1.9,120.0,68.0,13.2,62.5,0.943
2004-12-05 09:00:00,863.0,610.0,1088.0,1086.0,696.0,0.9,,2.4,130.0,68.0,13.1,62.4,0.9366
2004-12-05 10:00:00,889.0,661.0,1001.0,1115.0,735.0,1.0,,3.1,140.0,66.0,12.9,64.7,0.9564
2004-12-05 11:00:00,969.0,733.0,901.0,1191.0,803.0,1.3,,4.4,176.0,72.0,13.0,67.6,1.009
2004-12-05 12:00:00,1013.0,795.0,826.0,1257.0,848.0,1.7,,5.6,209.0,81.0,13.0,69.7,1.0403
2004-12-05 13:00:00,1100.0,842.0,774.0,1296.0,882.0,2.4,,6.7,309.0,89.0,12.0,80.0,1.1167
2004-12-05 14:00:00,1019.0,788.0,828.0,1267.0,812.0,1.7,,5.5,226.0,85.0,11.4,83.7,1.1278
2004-12-05 15:00:00,1061.0,887.0,745.0,1367.0,889.0,1.8,,7.7,246.0,86.0,12.0,80.8,1.1264
2004-12-05 16:00:00,940.0,692.0,934.0,1177.0,749.0,1.5,,3.7,208.0,83.0,11.5,81.0,1.101
2004-12-05 17:00:00,904.0,640.0,1022.0,1152.0,682.0,1.1,,2.8,154.0,77.0,11.3,81.0,1.0851
2004-12-05 18:00:00,1120.0,935.0,744.0,1385.0,922.0,2.4,,8.9,275.0,93.0,12.0,78.4,1.0954
2004-12-05 19:00:00,987.0,746.0,880.0,1212.0,833.0,2.0,,4.6,281.0,103.0,12.1,75.5,1.0669
2004-12-05 20:00:00,971.0,734.0,905.0,1187.0,808.0,1.5,,4.4,237.0,90.0,12.5,71.9,1.0351
2004-12-05 21:00:00,965.0,733.0,909.0,1173.0,790.0,1.7,,4.4,225.0,93.0,12.6,70.5,1.0239
2004-12-05 22:00:00,873.0,641.0,1025.0,1120.0,685.0,1.0,,2.8,143.0,72.0,12.5,69.1,1.0003
2004-12-05 23:00:00,892.0,672.0,1012.0,1111.0,706.0,1.0,,3.3,146.0,73.0,13.1,64.3,0.9628
2004-12-06 00:00:00,857.0,605.0,1094.0,1071.0,636.0,1.0,,2.3,115.0,64.0,13.2,62.9,0.9517
2004-12-06 01:00:00,901.0,662.0,1034.0,1127.0,678.0,0.9,,3.2,125.0,66.0,13.3,63.6,0.9673
2004-12-06 02:00:00,901.0,661.0,1022.0,1124.0,714.0,1.1,,3.1,150.0,71.0,13.3,65.3,0.9948
2004-12-06 03:00:00,904.0,649.0,983.0,1157.0,726.0,1.1,,3.0,,,12.7,72.2,1.0525
2004-12-06 04:00:00,857.0,562.0,1140.0,1130.0,646.0,0.6,,1.7,78.0,54.0,11.9,79.6,1.1043
2004-12-06 05:00:00,881.0,602.0,1034.0,1157.0,685.0,0.7,,2.3,108.0,58.0,11.8,81.4,1.1238
2004-12-06 06:00:00,913.0,701.0,926.0,1219.0,750.0,0.9,,3.8,181.0,72.0,12.0,80.1,1.1231
2004-12-06 07:00:00,1012.0,817.0,819.0,1314.0,878.0,1.3,,6.1,302.0,89.0,12.2,78.8,1.1178
2004-12-06 08:00:00,1314.0,1173.0,589.0,1627.0,1238.0,3.1,,15.8,587.0,112.0,12.7,77.2,1.1298
2004-12-06 09:00:00,1479.0,1465.0,471.0,2018.0,1572.0,4.9,,26.4,712.0,131.0,13.4,74.4,1.1407
2004-12-06 10:00:00,1299.0,1254.0,566.0,1662.0,1488.0,4.7,,18.5,698.0,161.0,15.9,63.4,1.1349
2004-12-06 11:00:00,1221.0,1090.0,641.0,1489.0,1424.0,3.2,,13.2,576.0,135.0,18.5,52.9,1.1174
2004-12-06 12:00:00,1171.0,1049.0,655.0,1418.0,1338.0,2.5,,12.0,438.0,119.0,18.4,52.6,1.1064
2004-12-06 13:00:00,1316.0,1293.0,538.0,1682.0,1559.0,3.8,,19.9,562.0,144.0,19.4,49.8,1.1095
2004-12-06 14:00:00,1208.0,1191.0,573.0,1589.0,1415.0,3.3,,16.4,467.0,130.0,19.5,50.1,1.1225
2004-12-06 15:00:00,1145.0,1112.0,621.0,1481.0,1331.0,2.5,,13.8,323.0,109.0,20.3,47.5,1.1187
2004-12-06 16:00:00,1189.0,1167.0,599.0,1541.0,1315.0,2.7,,15.6,391.0,114.0,18.7,53.0,1.1322
2004-12-06 17:00:00,1173.0,1170.0,597.0,1551.0,1289.0,2.9,,15.7,379.0,115.0,17.3,57.1,1.1161
2004-12-06 18:00:00,1237.0,1239.0,570.0,1620.0,1389.0,3.1,,18.0,387.0,123.0,16.4,59.5,1.1017
2004-12-06 19:00:00,1253.0,1238.0,571.0,1613.0,1351.0,4.0,,17.9,433.0,138.0,15.9,60.8,1.088
2004-12-06 20:00:00,1155.0,1126.0,617.0,1511.0,1267.0,3.1,,14.3,349.0,123.0,15.5,60.7,1.0591
2004-12-06 21:00:00,1175.0,1077.0,634.0,1480.0,1279.0,2.7,,12.8,337.0,112.0,15.3,63.1,1.0872
2004-12-06 22:00:00,1001.0,871.0,806.0,1264.0,1071.0,1.7,,7.3,245.0,87.0,16.6,58.5,1.0963
2004-12-06 23:00:00,1014.0,804.0,871.0,1233.0,994.0,1.5,,5.8,236.0,79.0,14.6,64.7,1.0677
2004-12-07 00:00:00,966.0,770.0,900.0,1206.0,956.0,1.4,,5.1,191.0,74.0,14.0,66.1,1.05
2004-12-07 01:00:00,987.0,786.0,901.0,1220.0,936.0,1.4,,5.5,273.0,75.0,13.0,69.4,1.0364
2004-12-07 02:00:00,888.0,680.0,985.0,1138.0,826.0,1.1,,3.5,211.0,70.0,13.1,67.4,1.0101
2004-12-07 03:00:00,911.0,719.0,947.0,1170.0,839.0,1.1,,4.2,,,11.6,73.4,0.999
2004-12-07 04:00:00,828.0,627.0,1074.0,1103.0,748.0,,,2.6,146.0,64.0,11.9,71.4,0.9921
2004-12-07 05:00:00,857.0,604.0,1126.0,1091.0,740.0,0.6,,2.3,126.0,63.0,12.4,68.3,0.9801
2004-12-07 06:00:00,886.0,641.0,1082.0,1098.0,783.0,0.8,,2.8,146.0,67.0,14.1,60.6,0.9715
2004-12-07 07:00:00,964.0,730.0,985.0,1146.0,891.0,1.0,,4.3,243.0,71.0,12.9,64.2,0.9506
2004-12-07 08:00:00,1230.0,1070.0,761.0,1431.0,1197.0,2.8,,12.6,450.0,98.0,11.7,68.9,0.9439
2004-12-07 09:00:00,1236.0,1203.0,681.0,1566.0,1311.0,3.4,,16.8,499.0,114.0,12.5,65.8,0.9538
2004-12-07 10:00:00,1322.0,1219.0,682.0,1591.0,1472.0,3.3,,17.3,574.0,130.0,14.5,61.1,1.0007
2004-12-07 11:00:00,1407.0,1292.0,643.0,1638.0,1694.0,4.1,,19.8,679.0,155.0,16.9,54.2,1.0371
2004-12-07 12:00:00,1357.0,1339.0,657.0,1583.0,1639.0,3.5,,21.6,572.0,141.0,17.4,53.3,1.0528
2004-12-07 13:00:00,1289.0,1239.0,733.0,1635.0,1469.0,3.0,,18.0,396.0,118.0,18.8,49.3,1.0581
2004-12-07 14:00:00,1257.0,1179.0,818.0,1545.0,1415.0,3.6,,16.0,455.0,134.0,19.4,47.1,1.051
2004-12-07 15:00:00,1199.0,1108.0,818.0,1450.0,1250.0,3.0,,13.7,423.0,123.0,19.2,47.1,1.0371
2004-12-07 16:00:00,1181.0,1121.0,629.0,1466.0,1236.0,2.6,,14.1,356.0,117.0,17.7,51.5,1.0315
2004-12-07 17:00:00,1175.0,1112.0,628.0,1484.0,1212.0,2.6,,13.9,350.0,110.0,16.5,54.6,1.0164
2004-12-07 18:00:00,1202.0,1126.0,606.0,1480.0,1212.0,3.1,,14.3,359.0,115.0,15.4,57.9,1.0068
2004-12-07 19:00:00,1170.0,1095.0,618.0,1470.0,1195.0,3.2,,13.3,358.0,116.0,15.2,58.4,1.0007
2004-12-07 20:00:00,1115.0,1036.0,649.0,1381.0,1200.0,2.4,,11.6,289.0,99.0,14.9,58.4,0.9843
2004-12-07 21:00:00,1130.0,1026.0,657.0,1374.0,1209.0,2.6,,11.3,359.0,115.0,14.5,60.4,0.9909
2004-12-07 22:00:00,1195.0,1013.0,646.0,1345.0,1276.0,2.4,,11.0,355.0,104.0,14.5,62.3,1.0216
2004-12-07 23:00:00,1111.0,887.0,720.0,1262.0,1132.0,1.8,,7.7,244.0,92.0,14.6,60.6,1.0033
2004-12-08 00:00:00,1092.0,855.0,750.0,1231.0,1061.0,1.7,,7.0,194.0,84.0,15.0,59.3,1.0045
2004-12-08 01:00:00,1111.0,856.0,746.0,1254.0,1036.0,1.9,,7.0,176.0,81.0,14.7,60.3,1.0031
2004-12-08 02:00:00,992.0,731.0,1035.0,1149.0,911.0,1.4,,4.4,170.0,77.0,15.3,59.1,1.0191
2004-12-08 03:00:00,1051.0,815.0,1305.0,1203.0,951.0,1.5,,6.1,,,12.3,69.7,0.9954
2004-12-08 04:00:00,1080.0,896.0,1075.0,1262.0,1033.0,1.7,,7.9,212.0,75.0,11.6,72.5,0.9916
2004-12-08 05:00:00,893.0,655.0,990.0,1097.0,816.0,1.0,,3.1,146.0,69.0,12.0,71.9,1.003
2004-12-08 06:00:00,923.0,664.0,988.0,1121.0,822.0,0.9,,3.2,177.0,67.0,11.8,71.8,0.9909
2004-12-08 07:00:00,950.0,713.0,917.0,1139.0,841.0,1.0,,4.0,172.0,68.0,11.8,71.4,0.9864
2004-12-08 08:00:00,947.0,666.0,985.0,1115.0,795.0,1.0,,3.2,159.0,68.0,12.8,66.3,0.9804
2004-12-08 09:00:00,973.0,712.0,923.0,1157.0,831.0,1.1,,4.0,184.0,69.0,13.2,65.2,0.9841
2004-12-08 10:00:00,1111.0,884.0,751.0,1280.0,1025.0,1.7,,7.6,310.0,81.0,13.1,66.2,0.9933
2004-12-08 11:00:00,1206.0,969.0,701.0,1365.0,1178.0,2.3,,9.8,363.0,95.0,14.3,63.3,1.0266
2004-12-08 12:00:00,1202.0,958.0,732.0,1330.0,1181.0,2.1,,9.5,302.0,92.0,16.0,58.1,1.0482
2004-12-08 13:00:00,1261.0,1022.0,635.0,1407.0,1250.0,2.7,,11.2,424.0,113.0,17.3,53.9,1.0562
2004-12-08 14:00:00,1102.0,855.0,763.0,1279.0,1039.0,2.3,,6.9,258.0,98.0,17.3,53.3,1.0407
2004-12-08 15:00:00,997.0,742.0,911.0,1180.0,899.0,1.2,,4.6,179.0,82.0,16.7,54.7,1.0311
2004-12-08 16:00:00,1049.0,790.0,870.0,1183.0,1019.0,1.4,,5.5,221.0,96.0,15.4,58.9,1.02
2004-12-08 17:00:00,1082.0,834.0,800.0,1207.0,1057.0,1.9,,6.5,303.0,107.0,15.2,58.0,0.9927
2004-12-08 18:00:00,1177.0,987.0,692.0,1324.0,1229.0,2.6,,10.3,429.0,119.0,16.2,54.5,0.9956
2004-12-08 19:00:00,1166.0,935.0,756.0,1301.0,1135.0,2.4,,8.9,357.0,114.0,16.5,55.3,1.0267
2004-12-08 20:00:00,1352.0,1118.0,625.0,1524.0,1188.0,3.5,,14.0,438.0,127.0,14.6,72.1,1.1947
2004-12-08 21:00:00,1210.0,947.0,697.0,1404.0,1060.0,3.5,,9.2,457.0,121.0,13.9,76.7,1.2098
2004-12-08 22:00:00,1161.0,909.0,721.0,1370.0,962.0,2.2,,8.2,355.0,109.0,13.7,79.3,1.2326
2004-12-08 23:00:00,1142.0,866.0,815.0,1329.0,939.0,2.3,,7.2,348.0,107.0,13.8,77.3,1.2169
2004-12-09 00:00:00,1054.0,789.0,886.0,1254.0,864.0,1.9,,5.5,241.0,100.0,14.2,71.7,1.1578
2004-12-09 01:00:00,926.0,649.0,1035.0,1145.0,741.0,1.0,,2.9,134.0,83.0,14.9,65.7,1.105
2004-12-09 02:00:00,873.0,583.0,1155.0,1108.0,642.0,0.8,,2.0,94.0,66.0,14.7,67.3,1.1177
2004-12-09 03:00:00,832.0,518.0,1264.0,1061.0,539.0,0.5,,1.2,,,15.2,63.2,1.0821
2004-12-09 04:00:00,803.0,466.0,1451.0,1034.0,449.0,0.4,,0.7,33.0,30.0,14.8,65.5,1.0965
2004-12-09 05:00:00,818.0,463.0,1509.0,1046.0,437.0,0.4,,0.7,33.0,29.0,14.4,68.5,1.1158
2004-12-09 06:00:00,814.0,482.0,1426.0,1027.0,457.0,0.4,,0.8,57.0,41.0,14.5,62.9,1.0335
2004-12-09 07:00:00,832.0,530.0,1346.0,1027.0,512.0,0.6,,1.3,112.0,63.0,14.6,56.7,0.9358
2004-12-09 08:00:00,1091.0,882.0,844.0,1288.0,931.0,1.9,,7.6,358.0,114.0,15.0,55.3,0.9338
2004-12-09 09:00:00,1019.0,874.0,1113.0,1235.0,905.0,2.0,,7.4,287.0,114.0,14.5,56.5,0.9306
2004-12-09 10:00:00,937.0,750.0,1386.0,1141.0,790.0,1.4,,4.7,263.0,102.0,14.3,55.4,0.9005
2004-12-09 11:00:00,950.0,786.0,1038.0,1145.0,850.0,1.4,,5.4,282.0,101.0,14.7,52.5,0.8716
2004-12-09 12:00:00,962.0,785.0,993.0,1161.0,870.0,1.5,,5.4,286.0,103.0,15.5,51.7,0.9033
2004-12-09 13:00:00,969.0,812.0,989.0,1189.0,842.0,1.6,,6.0,259.0,100.0,14.9,53.4,0.8998
2004-12-09 14:00:00,1010.0,863.0,915.0,1257.0,886.0,1.8,,7.1,265.0,95.0,15.2,51.0,0.8762
2004-12-09 15:00:00,946.0,780.0,945.0,1142.0,801.0,1.4,,5.3,249.0,99.0,15.2,50.1,0.858
2004-12-09 16:00:00,988.0,865.0,876.0,1190.0,895.0,1.7,,7.2,268.0,102.0,15.6,46.6,0.8176
2004-12-09 17:00:00,948.0,799.0,1539.0,1145.0,827.0,1.7,,5.7,226.0,105.0,14.8,48.4,0.8069
2004-12-09 18:00:00,1045.0,960.0,1376.0,1259.0,972.0,2.3,,9.5,301.0,118.0,14.6,48.0,0.7902
2004-12-09 19:00:00,1114.0,1057.0,777.0,1301.0,1079.0,3.2,,12.2,388.0,135.0,15.1,45.4,0.7759
2004-12-09 20:00:00,1006.0,987.0,1028.0,1247.0,964.0,2.6,,10.3,285.0,124.0,14.5,45.4,0.7458
2004-12-09 21:00:00,889.0,738.0,1379.0,1061.0,743.0,1.6,,4.5,197.0,100.0,13.4,48.1,0.7374
2004-12-09 22:00:00,792.0,583.0,1972.0,946.0,517.0,0.8,,2.0,105.0,66.0,12.3,48.7,0.6931
2004-12-09 23:00:00,808.0,572.0,1729.0,954.0,468.0,0.7,,1.8,88.0,57.0,12.0,51.2,0.7179
2004-12-10 00:00:00,814.0,574.0,1613.0,965.0,461.0,0.6,,1.9,92.0,58.0,11.9,54.6,0.7589
2004-12-10 01:00:00,827.0,636.0,1485.0,980.0,483.0,0.7,,2.7,88.0,59.0,13.7,45.0,0.6991
2004-12-10 02:00:00,801.0,633.0,1489.0,940.0,482.0,0.7,,2.7,90.0,60.0,14.7,37.5,0.622
2004-12-10 03:00:00,770.0,600.0,2081.0,901.0,416.0,0.5,,2.2,,,13.8,36.8,0.576
2004-12-10 04:00:00,721.0,470.0,2331.0,815.0,367.0,,,0.7,42.0,35.0,13.2,35.6,0.5375
2004-12-10 05:00:00,709.0,437.0,2559.0,787.0,324.0,0.3,,0.5,31.0,27.0,12.0,37.3,0.5239
2004-12-10 06:00:00,734.0,478.0,2294.0,805.0,378.0,0.4,,0.8,51.0,39.0,11.7,38.1,0.5223
2004-12-10 07:00:00,770.0,533.0,2683.0,839.0,480.0,0.5,,1.4,100.0,63.0,11.5,38.0,0.5159
2004-12-10 08:00:00,919.0,795.0,2327.0,998.0,822.0,1.4,,5.6,315.0,110.0,12.3,35.8,0.5086
2004-12-10 09:00:00,996.0,998.0,2318.0,1136.0,1060.0,2.4,,10.6,417.0,128.0,12.9,34.5,0.5102
2004-12-10 10:00:00,925.0,866.0,2542.0,1013.0,916.0,1.8,,7.2,328.0,122.0,14.4,30.2,0.4911
2004-12-10 11:00:00,883.0,821.0,886.0,967.0,844.0,1.5,,6.2,304.0,111.0,16.2,26.2,0.4789
2004-12-10 12:00:00,884.0,822.0,909.0,968.0,807.0,1.5,,6.2,300.0,110.0,17.1,23.5,0.453
2004-12-10 13:00:00,920.0,903.0,849.0,1011.0,853.0,1.8,,8.1,306.0,114.0,18.1,21.3,0.4396
2004-12-10 14:00:00,941.0,941.0,837.0,1036.0,884.0,2.1,,9.0,342.0,114.0,18.8,20.0,0.4278
2004-12-10 15:00:00,934.0,914.0,873.0,1016.0,834.0,1.7,,8.4,324.0,111.0,18.1,20.8,0.4274
2004-12-10 16:00:00,929.0,928.0,842.0,1001.0,893.0,2.3,,8.7,327.0,116.0,17.6,19.9,0.3952
2004-12-10 17:00:00,972.0,1043.0,764.0,1083.0,1037.0,2.9,,11.8,404.0,148.0,16.0,20.8,0.3757
2004-12-10 18:00:00,1073.0,1195.0,675.0,1249.0,1244.0,4.0,,16.5,575.0,177.0,14.6,23.7,0.3903
2004-12-10 19:00:00,1050.0,1260.0,662.0,1256.0,1269.0,4.2,,18.7,539.0,164.0,13.7,22.9,0.3581
2004-12-10 20:00:00,980.0,1132.0,742.0,1102.0,1125.0,3.5,,14.5,460.0,151.0,12.8,21.7,0.3182
2004-12-10 21:00:00,872.0,900.0,918.0,910.0,946.0,2.6,,8.0,386.0,147.0,12.7,21.3,0.3119
2004-12-10 22:00:00,802.0,743.0,1051.0,826.0,751.0,1.3,,4.6,202.0,110.0,12.8,22.5,0.3309
2004-12-10 23:00:00,792.0,674.0,1122.0,810.0,670.0,1.0,,3.4,162.0,99.0,12.6,23.4,0.3408
2004-12-11 00:00:00,857.0,753.0,1034.0,860.0,754.0,1.6,,4.8,261.0,116.0,12.4,24.0,0.3443
2004-12-11 01:00:00,856.0,734.0,1041.0,853.0,781.0,1.6,,4.4,263.0,121.0,12.5,24.0,0.3462
2004-12-11 02:00:00,869.0,702.0,1019.0,891.0,842.0,1.1,,3.8,159.0,103.0,11.9,32.4,0.4489
2004-12-11 03:00:00,890.0,688.0,1015.0,897.0,840.0,1.1,,3.6,,,11.7,33.8,0.4623
2004-12-11 04:00:00,834.0,632.0,1102.0,871.0,746.0,0.8,,2.7,111.0,83.0,11.5,34.2,0.4621
2004-12-11 05:00:00,860.0,616.0,1105.0,873.0,754.0,0.8,,2.4,104.0,76.0,10.5,37.8,0.4799
2004-12-11 06:00:00,909.0,728.0,933.0,948.0,905.0,1.0,,4.3,221.0,107.0,7.8,47.4,0.5046
2004-12-11 07:00:00,955.0,772.0,1030.0,957.0,960.0,1.2,,5.2,243.0,106.0,9.3,43.1,0.5062
2004-12-11 08:00:00,1035.0,914.0,947.0,1064.0,1080.0,1.7,,8.4,356.0,124.0,8.2,46.8,0.5091
2004-12-11 09:00:00,1087.0,1121.0,711.0,1177.0,1209.0,2.4,,14.1,429.0,134.0,10.7,34.2,0.439
2004-12-11 10:00:00,1101.0,1083.0,692.0,1130.0,1243.0,2.8,,13.0,518.0,147.0,14.4,28.2,0.4593
2004-12-11 11:00:00,1135.0,1100.0,679.0,1161.0,1273.0,2.9,,13.5,460.0,146.0,17.4,23.3,0.4599
2004-12-11 12:00:00,1095.0,1067.0,702.0,1152.0,1216.0,2.6,,12.5,389.0,133.0,17.8,23.6,0.4766
2004-12-11 13:00:00,986.0,931.0,815.0,1011.0,976.0,2.3,,8.8,362.0,120.0,18.3,19.5,0.4044
2004-12-11 14:00:00,991.0,940.0,816.0,1035.0,973.0,2.3,,9.0,337.0,117.0,18.9,18.9,0.4091
2004-12-11 15:00:00,926.0,815.0,931.0,945.0,827.0,1.7,,6.1,254.0,109.0,18.4,19.7,0.4117
2004-12-11 16:00:00,974.0,891.0,857.0,1005.0,912.0,1.8,,7.8,281.0,112.0,17.8,21.0,0.4234
2004-12-11 17:00:00,1042.0,1031.0,756.0,1094.0,1084.0,2.5,,11.5,369.0,131.0,16.1,23.4,0.4248
2004-12-11 18:00:00,1006.0,1005.0,781.0,1071.0,1045.0,2.4,,10.7,350.0,133.0,14.9,24.9,0.4178
2004-12-11 19:00:00,979.0,946.0,826.0,1018.0,1026.0,2.0,,9.2,323.0,138.0,14.6,24.6,0.4054
2004-12-11 20:00:00,1072.0,1011.0,762.0,1075.0,1172.0,2.3,,10.9,340.0,142.0,14.2,26.8,0.4332
2004-12-11 21:00:00,1217.0,1037.0,669.0,1167.0,1452.0,2.9,,11.6,443.0,138.0,13.3,38.7,0.5867
2004-12-11 22:00:00,1124.0,939.0,737.0,1126.0,1317.0,2.0,,9.0,292.0,118.0,11.2,45.1,0.6004
2004-12-11 23:00:00,1152.0,1036.0,670.0,1206.0,1365.0,2.5,,11.6,372.0,120.0,8.8,52.5,0.5969
2004-12-12 00:00:00,1216.0,1039.0,685.0,1183.0,1378.0,3.0,,11.7,443.0,132.0,8.6,54.3,0.606
2004-12-12 01:00:00,1095.0,1024.0,708.0,1219.0,1246.0,2.4,,11.3,360.0,121.0,8.1,53.2,0.5746
2004-12-12 02:00:00,1099.0,994.0,715.0,1164.0,1186.0,2.6,,10.4,401.0,117.0,6.8,57.8,0.5768
2004-12-12 03:00:00,974.0,832.0,832.0,1035.0,1024.0,2.0,,6.4,,,6.6,58.1,0.5687
2004-12-12 04:00:00,1091.0,971.0,703.0,1148.0,1187.0,2.1,,9.8,273.0,102.0,5.4,64.1,0.5772
2004-12-12 05:00:00,955.0,804.0,843.0,1017.0,1007.0,1.7,,5.8,199.0,95.0,5.6,61.6,0.5656
2004-12-12 06:00:00,975.0,859.0,777.0,1043.0,1019.0,1.5,,7.0,177.0,81.0,4.2,69.0,0.5737
2004-12-12 07:00:00,909.0,709.0,936.0,953.0,921.0,1.3,,4.0,206.0,95.0,4.8,64.6,0.563
2004-12-12 08:00:00,992.0,853.0,821.0,1052.0,1038.0,1.9,,6.9,323.0,111.0,4.0,69.0,0.5661
2004-12-12 09:00:00,1018.0,889.0,780.0,1085.0,1105.0,2.0,,7.7,392.0,118.0,4.9,66.3,0.5786
2004-12-12 10:00:00,1100.0,974.0,728.0,1131.0,1208.0,2.7,,9.9,420.0,130.0,9.4,48.7,0.5748
2004-12-12 11:00:00,1101.0,934.0,751.0,1085.0,1208.0,2.4,,8.9,333.0,116.0,12.6,39.9,0.5804
2004-12-12 12:00:00,1148.0,1025.0,701.0,1165.0,1282.0,2.7,,11.3,395.0,128.0,14.4,35.3,0.5763
2004-12-12 13:00:00,1253.0,1108.0,633.0,1253.0,1494.0,3.2,,13.7,478.0,156.0,15.1,37.4,0.6374
2004-12-12 14:00:00,1229.0,1075.0,638.0,1226.0,1500.0,3.4,,12.7,470.0,169.0,16.0,35.8,0.6456
2004-12-12 15:00:00,1250.0,1133.0,629.0,1274.0,1463.0,3.2,,14.5,508.0,168.0,17.5,30.8,0.6095
2004-12-12 16:00:00,1432.0,1251.0,547.0,1396.0,1722.0,4.3,,18.4,596.0,178.0,17.2,34.2,0.6669
2004-12-12 17:00:00,1530.0,1352.0,491.0,1550.0,1934.0,5.0,,22.0,694.0,178.0,14.3,45.8,0.7452
2004-12-12 18:00:00,1604.0,1438.0,466.0,1650.0,2018.0,6.3,,25.4,968.0,188.0,12.2,53.9,0.7617
2004-12-12 19:00:00,1352.0,1191.0,570.0,1362.0,1796.0,4.6,,16.4,658.0,169.0,11.6,51.2,0.6965
2004-12-12 20:00:00,1235.0,1065.0,640.0,1213.0,1594.0,3.1,,12.4,409.0,133.0,11.3,50.1,0.672
2004-12-12 21:00:00,1127.0,962.0,751.0,1120.0,1389.0,2.6,,9.6,345.0,125.0,10.6,51.2,0.6541
2004-12-12 22:00:00,1073.0,860.0,896.0,1058.0,1238.0,2.1,,7.1,230.0,110.0,9.6,51.7,0.6163
2004-12-12 23:00:00,1074.0,867.0,888.0,1064.0,1221.0,2.1,,7.2,285.0,112.0,8.7,55.2,0.6225
2004-12-13 00:00:00,1133.0,951.0,825.0,1156.0,1254.0,2.5,,9.3,310.0,112.0,7.9,60.2,0.6432
2004-12-13 01:00:00,1021.0,808.0,961.0,1048.0,1098.0,2.0,,5.9,224.0,102.0,7.9,59.2,0.6331
2004-12-13 02:00:00,995.0,807.0,978.0,1056.0,1044.0,1.8,,5.9,213.0,90.0,6.7,64.6,0.6381
2004-12-13 03:00:00,882.0,614.0,1221.0,931.0,888.0,1.3,,2.4,,,6.9,62.3,0.6227
2004-12-13 04:00:00,869.0,594.0,1326.0,935.0,835.0,,,2.1,103.0,66.0,6.3,64.6,0.6197
2004-12-13 05:00:00,868.0,567.0,1238.0,919.0,823.0,0.7,,1.8,91.0,64.0,6.4,63.3,0.6123
2004-12-13 06:00:00,921.0,655.0,1001.0,972.0,908.0,0.9,,3.1,178.0,81.0,6.4,64.4,0.6204
2004-12-13 07:00:00,1041.0,846.0,829.0,1112.0,1076.0,1.5,,6.8,351.0,106.0,5.6,68.9,0.6328
2004-12-13 08:00:00,1275.0,1193.0,596.0,1389.0,1393.0,3.4,,16.4,587.0,140.0,6.4,65.6,0.6348
2004-12-13 09:00:00,1238.0,1202.0,748.0,1382.0,1429.0,3.4,,16.7,475.0,138.0,7.3,61.4,0.6306
2004-12-13 10:00:00,1288.0,1220.0,937.0,1391.0,1594.0,3.2,,17.3,576.0,165.0,9.6,53.7,0.6409
2004-12-13 11:00:00,1422.0,1362.0,775.0,1509.0,1956.0,4.8,,22.4,920.0,214.0,12.0,45.9,0.6421
2004-12-13 12:00:00,1293.0,1236.0,784.0,1370.0,1872.0,3.5,,17.9,710.0,178.0,12.7,44.4,0.6512
2004-12-13 13:00:00,1410.0,1363.0,690.0,1515.0,2014.0,4.1,,22.4,696.0,187.0,13.9,42.8,0.6761
2004-12-13 14:00:00,1425.0,1386.0,691.0,1536.0,1978.0,4.8,,23.3,744.0,203.0,15.0,41.4,0.7016
2004-12-13 15:00:00,1590.0,1503.0,575.0,1559.0,2257.0,4.4,,28.0,743.0,204.0,16.0,38.7,0.6987
2004-12-13 16:00:00,1520.0,1552.0,568.0,1615.0,2104.0,4.5,,30.1,801.0,198.0,16.0,38.6,0.6952
2004-12-13 17:00:00,1595.0,1628.0,495.0,1822.0,2140.0,5.9,,33.4,1014.0,218.0,14.1,44.9,0.7194
2004-12-13 18:00:00,1881.0,1983.0,334.0,2271.0,2523.0,9.9,,50.8,1479.0,269.0,12.6,55.9,0.8142
2004-12-13 19:00:00,1633.0,1677.0,400.0,1880.0,2188.0,6.9,,35.6,1018.0,217.0,11.7,60.8,0.8336
2004-12-13 20:00:00,1391.0,1338.0,509.0,1514.0,1816.0,4.3,,21.5,729.0,183.0,11.5,60.9,0.8249
2004-12-13 21:00:00,1263.0,1164.0,581.0,1338.0,1587.0,2.9,,15.5,508.0,147.0,10.6,64.1,0.8182
2004-12-13 22:00:00,1147.0,1012.0,665.0,1214.0,1381.0,2.0,,10.9,347.0,120.0,10.1,66.2,0.8185
2004-12-13 23:00:00,1103.0,928.0,715.0,1174.0,1287.0,1.7,,8.7,327.0,112.0,9.0,70.1,0.8036
2004-12-14 00:00:00,1071.0,873.0,739.0,1150.0,1193.0,1.9,,7.4,339.0,107.0,8.6,70.5,0.7915
2004-12-14 01:00:00,1137.0,975.0,687.0,1234.0,1223.0,2.0,,9.9,358.0,103.0,7.6,74.3,0.7783
2004-12-14 02:00:00,1066.0,907.0,728.0,1174.0,1122.0,1.9,,8.2,377.0,97.0,6.9,76.1,0.759
2004-12-14 03:00:00,918.0,704.0,920.0,1032.0,932.0,1.0,,3.9,,,8.0,70.6,0.7607
2004-12-14 04:00:00,895.0,663.0,977.0,1007.0,866.0,0.8,,3.2,165.0,74.0,6.8,75.4,0.7475
2004-12-14 05:00:00,885.0,655.0,996.0,1015.0,848.0,0.7,,3.0,145.0,68.0,6.6,75.3,0.7378
2004-12-14 06:00:00,964.0,784.0,824.0,1080.0,959.0,1.1,,5.4,282.0,92.0,6.0,77.3,0.7262
2004-12-14 07:00:00,1088.0,927.0,715.0,1196.0,1154.0,1.7,,8.7,494.0,111.0,6.0,76.7,0.722
2004-12-14 08:00:00,1274.0,1160.0,587.0,1412.0,1373.0,3.1,,15.4,606.0,133.0,6.9,73.7,0.7348
2004-12-14 09:00:00,1406.0,1483.0,478.0,1767.0,1708.0,4.4,,27.2,581.0,139.0,7.6,70.6,0.7371
2004-12-14 10:00:00,1521.0,1568.0,440.0,1843.0,2097.0,5.6,,30.7,920.0,192.0,9.3,64.2,0.7544
2004-12-14 11:00:00,1408.0,1412.0,484.0,1608.0,2056.0,4.4,,24.3,811.0,192.0,11.7,55.7,0.763
2004-12-14 12:00:00,1377.0,1342.0,499.0,1546.0,2006.0,4.4,,21.7,786.0,206.0,12.9,54.1,0.8003
2004-12-14 13:00:00,1470.0,1450.0,481.0,1706.0,2015.0,4.7,,25.8,677.0,182.0,14.0,53.0,0.8451
2004-12-14 14:00:00,1416.0,1346.0,609.0,1570.0,1945.0,4.2,,21.8,612.0,192.0,15.1,50.2,0.8552
2004-12-14 15:00:00,1383.0,1314.0,785.0,1538.0,1793.0,3.3,,20.6,524.0,188.0,16.7,47.3,0.8883
2004-12-14 16:00:00,1574.0,1483.0,460.0,1778.0,1962.0,5.1,,27.2,775.0,186.0,16.8,48.4,0.9175
2004-12-14 17:00:00,,,,,,7.4,,,1159.0,257.0,,,
2004-12-14 18:00:00,,,,,,9.3,,,1310.0,248.0,,,
2004-12-14 19:00:00,,,,,,7.4,,,1037.0,208.0,,,
2004-12-14 20:00:00,,,,,,5.3,,,791.0,167.0,,,
2004-12-14 21:00:00,,,,,,4.1,,,670.0,148.0,,,
2004-12-14 22:00:00,,,,,,2.5,,,341.0,112.0,,,
2004-12-14 23:00:00,,,,,,2.1,,,365.0,108.0,,,
2004-12-15 00:00:00,,,,,,2.9,,,510.0,115.0,,,
2004-12-15 01:00:00,,,,,,2.3,,,352.0,96.0,,,
2004-12-15 02:00:00,,,,,,1.7,,,299.0,87.0,,,
2004-12-15 03:00:00,,,,,,0.9,,,,,,,
2004-12-15 04:00:00,,,,,,0.7,,,103.0,61.0,,,
2004-12-15 05:00:00,,,,,,0.8,,,133.0,61.0,,,
2004-12-15 06:00:00,,,,,,1.0,,,244.0,82.0,,,
2004-12-15 07:00:00,,,,,,1.2,,,222.0,83.0,,,
2004-12-15 08:00:00,,,,,,3.5,,,591.0,116.0,,,
2004-12-15 09:00:00,,,,,,4.5,,,821.0,147.0,,,
2004-12-15 10:00:00,,,,,,4.9,,,803.0,167.0,,,
2004-12-15 11:00:00,,,,,,3.5,,,809.0,176.0,,,
2004-12-15 12:00:00,,,,,,3.4,,,836.0,177.0,,,
2004-12-15 13:00:00,,,,,,4.0,,,820.0,169.0,,,
2004-12-15 14:00:00,,,,,,4.3,,,861.0,181.0,,,
2004-12-15 15:00:00,,,,,,4.0,,,842.0,183.0,,,
2004-12-15 16:00:00,,,,,,4.7,,,933.0,176.0,,,
2004-12-15 17:00:00,,,,,,6.6,,,1237.0,229.0,,,
2004-12-15 18:00:00,,,,,,7.3,,,1137.0,214.0,,,
2004-12-15 19:00:00,,,,,,3.6,,,484.0,137.0,,,
2004-12-15 20:00:00,,,,,,2.4,,,325.0,115.0,,,
2004-12-15 21:00:00,,,,,,2.1,,,292.0,107.0,,,
2004-12-15 22:00:00,,,,,,2.1,,,303.0,105.0,,,
2004-12-15 23:00:00,,,,,,1.7,,,242.0,96.0,,,
2004-12-16 00:00:00,,,,,,2.2,,,314.0,100.0,,,
2004-12-16 01:00:00,,,,,,2.0,,,289.0,100.0,,,
2004-12-16 02:00:00,,,,,,1.6,,,224.0,92.0,,,
2004-12-16 03:00:00,,,,,,1.7,,,,,,,
2004-12-16 04:00:00,,,,,,,,,191.0,81.0,,,
2004-12-16 05:00:00,,,,,,1.0,,,149.0,74.0,,,
2004-12-16 06:00:00,,,,,,1.0,,,212.0,81.0,,,
2004-12-16 07:00:00,,,,,,1.6,,,398.0,99.0,,,
2004-12-16 08:00:00,,,,,,3.5,,,763.0,123.0,,,
2004-12-16 09:00:00,,,,,,5.3,,,905.0,146.0,,,
2004-12-16 10:00:00,,,,,,4.6,,,849.0,161.0,,,
2004-12-16 11:00:00,,,,,,4.5,,,1015.0,210.0,,,
2004-12-16 12:00:00,,,,,,4.2,,,845.0,190.0,,,
2004-12-16 13:00:00,,,,,,4.1,,,740.0,170.0,,,
2004-12-16 14:00:00,,,,,,5.5,,,1018.0,212.0,,,
2004-12-16 15:00:00,,,,,,4.8,,,1058.0,217.0,,,
2004-12-16 16:00:00,,,,,,5.5,,,1182.0,236.0,,,
2004-12-16 17:00:00,,,,,,5.2,,,1089.0,217.0,,,
2004-12-16 18:00:00,,,,,,7.5,,,1186.0,231.0,,,
2004-12-16 19:00:00,,,,,,8.6,,,1235.0,227.0,,,
2004-12-16 20:00:00,,,,,,9.1,,,1253.0,219.0,,,
2004-12-16 21:00:00,,,,,,8.6,,,1237.0,203.0,,,
2004-12-16 22:00:00,,,,,,5.4,,,1060.0,186.0,,,
2004-12-16 23:00:00,,,,,,4.3,,,873.0,173.0,,,
2004-12-17 00:00:00,,,,,,4.2,,,807.0,162.0,,,
2004-12-17 01:00:00,,,,,,4.3,,,798.0,161.0,,,
2004-12-17 02:00:00,,,,,,4.2,,,691.0,144.0,,,
2004-12-17 03:00:00,,,,,,2.8,,,,,,,
2004-12-17 04:00:00,,,,,,2.2,,,433.0,119.0,,,
2004-12-17 05:00:00,,,,,,1.8,,,371.0,112.0,,,
2004-12-17 06:00:00,,,,,,2.0,,,469.0,111.0,,,
2004-12-17 07:00:00,,,,,,2.5,,,658.0,122.0,,,
2004-12-17 08:00:00,,,,,,4.1,,,854.0,137.0,,,
2004-12-17 09:00:00,,,,,,6.3,,,1005.0,151.0,,,
2004-12-17 10:00:00,,,,,,5.0,,,937.0,164.0,,,
2004-12-17 11:00:00,,,,,,5.1,,,963.0,198.0,,,
2004-12-17 12:00:00,,,,,,3.6,,,635.0,213.0,,,
2004-12-17 13:00:00,,,,,,3.5,,,521.0,164.0,,,
2004-12-17 14:00:00,,,,,,3.7,,,613.0,177.0,,,
2004-12-17 15:00:00,,,,,,3.1,,,516.0,168.0,,,
2004-12-17 16:00:00,,,,,,3.2,,,446.0,150.0,,,
2004-12-17 17:00:00,,,,,,3.8,,,499.0,152.0,,,
2004-12-17 18:00:00,,,,,,3.2,,,407.0,138.0,,,
2004-12-17 19:00:00,,,,,,3.2,,,418.0,129.0,,,
2004-12-17 20:00:00,1325.0,1191.0,564.0,1542.0,1389.0,3.3,,16.4,403.0,130.0,13.3,68.0,1.0376
2004-12-17 21:00:00,1316.0,1099.0,610.0,1451.0,1268.0,3.1,,13.4,412.0,137.0,13.2,72.8,1.0984
2004-12-17 22:00:00,1170.0,906.0,707.0,1317.0,1046.0,2.4,,8.2,322.0,125.0,12.6,76.5,1.1106
2004-12-17 23:00:00,1061.0,800.0,819.0,1232.0,862.0,1.4,,5.7,200.0,106.0,12.6,74.3,1.0843
2004-12-18 00:00:00,1109.0,855.0,787.0,1220.0,866.0,2.1,,7.0,244.0,121.0,12.9,72.1,1.0658
2004-12-18 01:00:00,1025.0,794.0,848.0,1202.0,788.0,1.4,,5.6,199.0,101.0,13.1,70.5,1.0594
2004-12-18 02:00:00,1086.0,769.0,822.0,1196.0,857.0,1.4,,5.1,190.0,100.0,12.4,73.8,1.0574
2004-12-18 03:00:00,1058.0,727.0,834.0,1193.0,860.0,1.3,,4.3,,,12.2,74.5,1.0537
2004-12-18 04:00:00,1034.0,719.0,858.0,1189.0,845.0,1.0,,4.2,153.0,86.0,11.8,76.3,1.0547
2004-12-18 05:00:00,1065.0,816.0,777.0,1245.0,873.0,1.3,,6.1,215.0,90.0,10.8,80.0,1.0367
2004-12-18 06:00:00,988.0,774.0,842.0,1189.0,841.0,1.0,,5.2,206.0,89.0,10.4,77.3,0.9709
2004-12-18 07:00:00,986.0,785.0,842.0,1173.0,853.0,1.1,,5.4,225.0,96.0,10.0,76.2,0.9332
2004-12-18 08:00:00,1136.0,1015.0,702.0,1287.0,1063.0,2.1,,11.0,416.0,125.0,9.4,67.7,0.8018
2004-12-18 09:00:00,1256.0,1184.0,582.0,1448.0,1276.0,3.2,,16.1,613.0,143.0,9.3,71.2,0.8325
2004-12-18 10:00:00,1228.0,1170.0,596.0,1375.0,1332.0,3.3,,15.7,567.0,153.0,12.6,54.0,0.784
2004-12-18 11:00:00,956.0,931.0,799.0,1046.0,1015.0,2.3,,8.8,409.0,140.0,16.1,28.5,0.5164
2004-12-18 12:00:00,781.0,704.0,1062.0,842.0,594.0,1.0,,3.9,183.0,92.0,16.6,19.9,0.3728
2004-12-18 13:00:00,759.0,699.0,1223.0,799.0,501.0,0.8,,3.8,140.0,78.0,15.9,18.2,0.3255
2004-12-18 14:00:00,722.0,671.0,1596.0,737.0,448.0,0.8,,3.3,133.0,68.0,14.3,18.4,0.2991
2004-12-18 15:00:00,699.0,613.0,1731.0,682.0,387.0,0.6,,2.4,115.0,64.0,15.0,16.3,0.2749
2004-12-18 16:00:00,755.0,690.0,1653.0,750.0,467.0,0.9,,3.6,157.0,80.0,14.9,17.1,0.2875
2004-12-18 17:00:00,746.0,684.0,1301.0,764.0,484.0,0.8,,3.5,149.0,81.0,13.2,18.8,0.2837
2004-12-18 18:00:00,784.0,744.0,1080.0,802.0,608.0,1.2,,4.6,219.0,102.0,12.4,19.6,0.2797
2004-12-18 19:00:00,931.0,972.0,868.0,974.0,953.0,2.1,,9.9,424.0,132.0,11.9,21.3,0.2957
2004-12-18 20:00:00,1112.0,1267.0,671.0,1250.0,1307.0,3.9,,19.0,659.0,162.0,11.1,24.8,0.3264
2004-12-18 21:00:00,1133.0,1215.0,674.0,1196.0,1415.0,4.4,,17.2,727.0,179.0,10.1,29.7,0.3666
2004-12-18 22:00:00,886.0,917.0,908.0,901.0,1023.0,2.0,,8.4,398.0,148.0,10.2,23.8,0.2955
2004-12-18 23:00:00,993.0,1030.0,805.0,1005.0,1154.0,2.3,,11.4,414.0,146.0,9.4,27.4,0.3239
2004-12-19 00:00:00,1215.0,1167.0,664.0,1181.0,1426.0,3.6,,15.6,600.0,164.0,7.9,39.0,0.4154
2004-12-19 01:00:00,1160.0,1083.0,706.0,1114.0,1363.0,3.9,,13.0,596.0,162.0,7.6,40.6,0.4273
2004-12-19 02:00:00,928.0,819.0,919.0,923.0,1006.0,1.6,,6.2,225.0,118.0,6.4,43.7,0.4242
2004-12-19 03:00:00,879.0,722.0,1014.0,878.0,873.0,1.0,,4.2,,,6.3,44.7,0.4293
2004-12-19 04:00:00,833.0,632.0,1107.0,834.0,760.0,,,2.7,120.0,78.0,5.1,46.5,0.4125
2004-12-19 05:00:00,840.0,649.0,1044.0,869.0,799.0,1.0,,3.0,126.0,79.0,3.3,53.5,0.418
2004-12-19 06:00:00,848.0,612.0,1169.0,852.0,703.0,0.8,,2.4,83.0,62.0,4.8,49.9,0.4325
2004-12-19 07:00:00,828.0,660.0,1078.0,881.0,781.0,0.7,,3.1,156.0,85.0,2.2,60.1,0.4361
2004-12-19 08:00:00,847.0,698.0,1034.0,905.0,815.0,1.0,,3.8,240.0,110.0,2.5,59.3,0.4401
2004-12-19 09:00:00,868.0,665.0,1067.0,865.0,800.0,1.0,,3.2,186.0,99.0,3.2,55.7,0.4344
2004-12-19 10:00:00,970.0,819.0,923.0,959.0,926.0,1.5,,6.2,224.0,101.0,5.0,48.8,0.429
2004-12-19 11:00:00,1077.0,963.0,761.0,1081.0,1151.0,2.5,,9.6,386.0,129.0,5.8,49.8,0.4613
2004-12-19 12:00:00,1058.0,962.0,778.0,1058.0,1153.0,2.6,,9.6,397.0,132.0,6.0,47.6,0.4488
2004-12-19 13:00:00,1136.0,1067.0,702.0,1143.0,1298.0,3.2,,12.5,477.0,148.0,7.4,44.6,0.4613
2004-12-19 14:00:00,1228.0,1068.0,658.0,1264.0,1238.0,3.0,,12.5,405.0,134.0,5.2,73.1,0.6535
2004-12-19 15:00:00,1235.0,1118.0,612.0,1354.0,1222.0,3.4,,14.0,453.0,148.0,4.8,81.4,0.7055
2004-12-19 16:00:00,1217.0,1036.0,661.0,1260.0,1171.0,3.3,,11.6,459.0,146.0,4.7,82.3,0.7105
2004-12-19 17:00:00,1298.0,1082.0,642.0,1287.0,1237.0,3.6,,13.0,452.0,148.0,4.7,82.8,0.7157
2004-12-19 18:00:00,1327.0,1219.0,582.0,1453.0,1366.0,5.5,,17.3,579.0,175.0,4.7,83.4,0.7177
2004-12-19 19:00:00,1293.0,1136.0,631.0,1365.0,1278.0,4.5,,14.6,542.0,170.0,5.2,83.1,0.7411
2004-12-19 20:00:00,1353.0,1187.0,599.0,1424.0,1293.0,4.7,,16.2,601.0,173.0,5.5,84.1,0.7657
2004-12-19 21:00:00,1254.0,1111.0,630.0,1360.0,1198.0,4.3,,13.8,521.0,151.0,5.8,84.5,0.7822
2004-12-19 22:00:00,1189.0,999.0,680.0,1286.0,1115.0,3.2,,10.6,411.0,129.0,6.2,84.1,0.8018
2004-12-19 23:00:00,1183.0,944.0,731.0,1226.0,1092.0,2.9,,9.1,382.0,126.0,6.6,83.3,0.8183
2004-12-20 00:00:00,1185.0,966.0,711.0,1250.0,1104.0,3.1,,9.7,421.0,127.0,6.8,82.8,0.8216
2004-12-20 01:00:00,1098.0,859.0,792.0,1211.0,1006.0,2.8,,7.0,362.0,118.0,8.2,78.4,0.8561
2004-12-20 02:00:00,938.0,639.0,1020.0,1059.0,777.0,1.2,,2.8,104.0,83.0,9.7,70.9,0.8539
2004-12-20 03:00:00,883.0,583.0,1116.0,1019.0,710.0,0.9,,2.0,,,9.5,69.9,0.8298
2004-12-20 04:00:00,839.0,536.0,1229.0,970.0,600.0,0.8,,1.4,69.0,60.0,9.3,65.9,0.7757
2004-12-20 05:00:00,784.0,479.0,1365.0,905.0,477.0,0.6,,0.8,41.0,37.0,8.8,62.9,0.7154
2004-12-20 06:00:00,779.0,466.0,1393.0,881.0,454.0,0.6,,0.7,46.0,39.0,8.6,58.8,0.6603
2004-12-20 07:00:00,883.0,625.0,1069.0,997.0,630.0,1.0,,2.6,118.0,70.0,9.2,55.9,0.6521
2004-12-20 08:00:00,970.0,776.0,873.0,1059.0,858.0,3.2,,5.3,295.0,108.0,8.4,57.7,0.6376
2004-12-20 09:00:00,1012.0,861.0,785.0,1133.0,951.0,3.6,,7.1,311.0,119.0,8.5,60.4,0.6713
2004-12-20 10:00:00,934.0,766.0,878.0,1047.0,836.0,2.9,,5.0,269.0,111.0,8.9,57.4,0.6575
2004-12-20 11:00:00,888.0,700.0,956.0,999.0,721.0,2.4,,3.8,225.0,106.0,9.2,55.8,0.6479
2004-12-20 12:00:00,918.0,737.0,1007.0,1030.0,703.0,2.5,,4.5,220.0,105.0,9.6,53.9,0.6425
2004-12-20 13:00:00,901.0,747.0,1001.0,1020.0,657.0,2.6,,4.7,216.0,114.0,9.6,52.4,0.6276
2004-12-20 14:00:00,857.0,708.0,972.0,983.0,581.0,2.3,,3.9,162.0,93.0,9.7,49.8,0.5998
2004-12-20 15:00:00,838.0,699.0,1015.0,944.0,546.0,2.2,,3.8,152.0,89.0,9.4,44.9,0.5296
2004-12-20 16:00:00,869.0,772.0,1051.0,966.0,641.0,2.3,,5.2,183.0,102.0,9.8,41.9,0.5083
2004-12-20 17:00:00,928.0,850.0,1118.0,1004.0,794.0,2.9,,6.8,254.0,129.0,8.9,44.9,0.5125
2004-12-20 18:00:00,1037.0,1047.0,869.0,1159.0,1042.0,4.1,,11.9,355.0,151.0,8.4,45.4,0.5035
2004-12-20 19:00:00,980.0,1008.0,758.0,1103.0,993.0,4.1,,10.8,341.0,151.0,8.0,41.0,0.4416
2004-12-20 20:00:00,978.0,1031.0,765.0,1066.0,968.0,4.0,,11.5,341.0,149.0,7.9,37.1,0.3974
2004-12-20 21:00:00,891.0,882.0,885.0,950.0,894.0,3.7,,7.6,342.0,149.0,7.8,33.9,0.3594
2004-12-20 22:00:00,762.0,657.0,1158.0,783.0,592.0,1.7,,3.1,186.0,114.0,7.3,32.4,0.334
2004-12-20 23:00:00,794.0,687.0,1100.0,826.0,611.0,1.1,,3.6,170.0,104.0,7.4,34.6,0.3576
2004-12-21 00:00:00,799.0,690.0,1125.0,823.0,611.0,1.1,,3.6,169.0,104.0,7.1,33.7,0.3417
2004-12-21 01:00:00,818.0,725.0,1065.0,849.0,694.0,1.5,,4.3,246.0,127.0,6.4,35.8,0.3471
2004-12-21 02:00:00,691.0,471.0,1552.0,698.0,357.0,0.5,,0.7,63.0,53.0,5.6,37.7,0.3444
2004-12-21 03:00:00,697.0,455.0,1726.0,698.0,318.0,0.3,,0.6,,,5.6,37.6,0.3448
2004-12-21 04:00:00,697.0,437.0,1705.0,702.0,325.0,0.2,,0.5,44.0,39.0,5.3,38.8,0.3473
2004-12-21 05:00:00,716.0,473.0,1595.0,734.0,343.0,0.3,,0.7,54.0,41.0,4.7,41.4,0.3576
2004-12-21 06:00:00,791.0,598.0,1186.0,802.0,608.0,0.6,,2.2,176.0,97.0,4.3,43.9,0.3675
2004-12-21 07:00:00,804.0,630.0,1188.0,806.0,712.0,0.7,,2.6,236.0,120.0,4.9,40.6,0.3539
2004-12-21 08:00:00,1093.0,1098.0,782.0,1221.0,1173.0,2.6,,13.4,613.0,167.0,5.1,40.8,0.3603
2004-12-21 09:00:00,1179.0,1390.0,567.0,1453.0,1459.0,5.5,,23.5,755.0,198.0,6.5,38.1,0.3709
2004-12-21 10:00:00,951.0,953.0,812.0,1022.0,1055.0,2.6,,9.4,460.0,157.0,7.4,36.5,0.3778
2004-12-21 11:00:00,882.0,826.0,952.0,910.0,799.0,1.5,,6.3,280.0,125.0,7.9,36.4,0.3889
2004-12-21 12:00:00,897.0,845.0,942.0,943.0,787.0,1.7,,6.7,322.0,135.0,7.8,36.8,0.3908
2004-12-21 13:00:00,949.0,965.0,860.0,1041.0,892.0,2.2,,9.7,349.0,138.0,8.7,33.7,0.379
2004-12-21 14:00:00,896.0,891.0,921.0,935.0,766.0,2.1,,7.8,297.0,132.0,8.5,34.3,0.3813
2004-12-21 15:00:00,908.0,886.0,922.0,947.0,835.0,2.2,,7.7,353.0,142.0,8.9,34.5,0.3946
2004-12-21 16:00:00,959.0,924.0,899.0,993.0,897.0,2.3,,8.6,316.0,137.0,8.8,35.7,0.4043
2004-12-21 17:00:00,994.0,1005.0,832.0,1054.0,1009.0,2.5,,10.7,348.0,145.0,7.9,38.6,0.4137
2004-12-21 18:00:00,1081.0,1202.0,691.0,1230.0,1250.0,3.1,,16.7,445.0,166.0,7.6,40.1,0.4195
2004-12-21 19:00:00,1081.0,1164.0,705.0,1171.0,1283.0,3.6,,15.5,457.0,165.0,6.9,40.3,0.4025
2004-12-21 20:00:00,1175.0,1248.0,661.0,1308.0,1377.0,3.9,,18.3,516.0,175.0,6.5,41.7,0.4047
2004-12-21 21:00:00,1123.0,1110.0,732.0,1152.0,1322.0,4.0,,13.8,575.0,185.0,6.3,42.6,0.4106
2004-12-21 22:00:00,1032.0,952.0,833.0,1025.0,1198.0,2.3,,9.3,449.0,166.0,5.9,44.7,0.4186
2004-12-21 23:00:00,927.0,805.0,965.0,918.0,1007.0,1.5,,5.8,289.0,140.0,5.8,43.4,0.4037
2004-12-22 00:00:00,952.0,838.0,948.0,937.0,976.0,1.5,,6.6,268.0,133.0,5.8,42.5,0.3937
2004-12-22 01:00:00,987.0,883.0,913.0,949.0,1013.0,2.2,,7.6,343.0,144.0,5.6,42.0,0.3856
2004-12-22 02:00:00,902.0,761.0,1048.0,872.0,868.0,1.3,,5.0,222.0,126.0,5.3,42.3,0.3806
2004-12-22 03:00:00,833.0,648.0,1135.0,814.0,760.0,0.9,,2.9,,,5.1,43.5,0.3852
2004-12-22 04:00:00,776.0,525.0,1391.0,770.0,585.0,,,1.3,87.0,72.0,5.1,44.8,0.3967
2004-12-22 05:00:00,812.0,541.0,1309.0,774.0,616.0,0.5,,1.5,89.0,70.0,5.2,45.9,0.4099
2004-12-22 06:00:00,821.0,563.0,1270.0,807.0,678.0,0.5,,1.7,103.0,74.0,4.7,49.0,0.4209
2004-12-22 07:00:00,932.0,701.0,944.0,875.0,936.0,0.9,,3.8,254.0,124.0,4.5,51.8,0.4418
2004-12-22 08:00:00,1069.0,931.0,782.0,1054.0,1110.0,2.0,,8.8,481.0,152.0,4.5,53.0,0.4495
2004-12-22 09:00:00,1137.0,1066.0,681.0,1151.0,1258.0,3.2,,12.5,638.0,174.0,4.8,53.1,0.4605
2004-12-22 10:00:00,1009.0,926.0,791.0,1015.0,1080.0,2.3,,8.7,492.0,161.0,7.8,42.0,0.4464
2004-12-22 11:00:00,962.0,877.0,841.0,969.0,949.0,1.8,,7.5,413.0,120.0,9.3,37.6,0.4391
2004-12-22 12:00:00,972.0,909.0,827.0,1012.0,894.0,2.1,,8.2,364.0,111.0,10.0,34.2,0.4212
2004-12-22 13:00:00,968.0,920.0,831.0,991.0,882.0,1.9,,8.5,299.0,128.0,10.3,32.6,0.4094
2004-12-22 14:00:00,939.0,902.0,884.0,969.0,872.0,2.4,,8.1,342.0,133.0,9.8,31.8,0.3858
2004-12-22 15:00:00,901.0,843.0,1061.0,907.0,751.0,2.1,,6.7,309.0,121.0,9.8,30.3,0.3658
2004-12-22 16:00:00,975.0,938.0,874.0,989.0,928.0,2.8,,9.0,367.0,147.0,9.6,29.6,0.3545
2004-12-22 17:00:00,1028.0,1025.0,774.0,1024.0,1160.0,3.3,,11.3,357.0,136.0,8.1,32.5,0.3516
2004-12-22 18:00:00,998.0,972.0,806.0,984.0,1090.0,2.9,,9.9,345.0,153.0,6.8,36.1,0.3575
2004-12-22 19:00:00,1094.0,1105.0,708.0,1086.0,1274.0,3.9,,13.6,483.0,178.0,6.4,36.5,0.3519
2004-12-22 20:00:00,1128.0,1161.0,672.0,1163.0,1340.0,4.1,,15.4,480.0,174.0,5.9,37.8,0.3528
2004-12-22 21:00:00,1111.0,1030.0,751.0,1033.0,1271.0,3.3,,11.4,427.0,166.0,5.1,40.7,0.3621
2004-12-22 22:00:00,1121.0,1023.0,725.0,1053.0,1354.0,3.3,,11.2,504.0,169.0,4.8,45.1,0.3925
2004-12-22 23:00:00,956.0,796.0,915.0,861.0,1084.0,1.9,,5.7,248.0,132.0,4.5,43.9,0.3728
2004-12-23 00:00:00,973.0,785.0,916.0,883.0,1086.0,2.0,,5.4,241.0,127.0,5.2,44.1,0.3939
2004-12-23 01:00:00,952.0,790.0,921.0,896.0,1038.0,1.9,,5.5,210.0,113.0,4.3,46.4,0.3896
2004-12-23 02:00:00,969.0,773.0,889.0,914.0,1064.0,2.1,,5.2,292.0,128.0,3.0,52.5,0.4021
2004-12-23 03:00:00,919.0,693.0,955.0,882.0,979.0,1.7,,3.7,,,2.3,56.3,0.4134
2004-12-23 04:00:00,874.0,657.0,985.0,867.0,930.0,1.3,,3.1,129.0,85.0,1.5,61.4,0.4235
2004-12-23 05:00:00,806.0,554.0,1206.0,807.0,783.0,1.1,,1.6,106.0,77.0,4.0,50.4,0.4154
2004-12-23 06:00:00,874.0,623.0,1096.0,847.0,831.0,1.2,,2.5,125.0,78.0,2.8,55.2,0.4177
2004-12-23 07:00:00,961.0,779.0,917.0,960.0,983.0,1.8,,5.3,267.0,115.0,1.2,61.4,0.4159
2004-12-23 08:00:00,1195.0,1096.0,668.0,1166.0,1315.0,3.6,,13.4,543.0,169.0,1.4,61.3,0.4208
2004-12-23 09:00:00,1184.0,1148.0,651.0,1178.0,1389.0,3.7,,15.0,496.0,174.0,2.2,58.1,0.4218
2004-12-23 10:00:00,1135.0,1076.0,685.0,1120.0,1396.0,3.4,,12.8,491.0,171.0,4.3,49.4,0.4138
2004-12-23 11:00:00,1211.0,1177.0,620.0,1221.0,1585.0,4.0,,15.9,667.0,179.0,6.6,42.5,0.416
2004-12-23 12:00:00,1228.0,1178.0,621.0,1202.0,1628.0,3.8,,15.9,693.0,193.0,8.0,38.3,0.4133
2004-12-23 13:00:00,1247.0,1188.0,598.0,1237.0,1692.0,4.1,,16.3,707.0,210.0,9.1,36.1,0.4172
2004-12-23 14:00:00,1336.0,1256.0,567.0,1320.0,1828.0,4.9,,18.6,777.0,224.0,10.0,34.7,0.4259
2004-12-23 15:00:00,1205.0,1079.0,652.0,1168.0,1476.0,3.3,,12.8,512.0,175.0,11.0,33.0,0.4331
2004-12-23 16:00:00,1305.0,1238.0,565.0,1325.0,1640.0,4.3,,17.9,587.0,177.0,11.3,33.6,0.4504
2004-12-23 17:00:00,1568.0,1528.0,455.0,1661.0,2046.0,6.6,,29.0,864.0,208.0,9.4,41.3,0.4888
2004-12-23 18:00:00,1630.0,1622.0,421.0,1757.0,2238.0,8.5,,33.1,1089.0,247.0,8.0,45.9,0.4936
2004-12-23 19:00:00,1704.0,1689.0,402.0,1820.0,2480.0,8.7,,36.1,1070.0,242.0,7.1,50.3,0.51
2004-12-23 20:00:00,1701.0,1692.0,402.0,1832.0,2415.0,9.1,,36.3,1220.0,252.0,6.2,56.9,0.5419
2004-12-23 21:00:00,1564.0,1462.0,472.0,1574.0,2181.0,7.2,,26.3,1076.0,228.0,6.3,57.9,0.5575
2004-12-23 22:00:00,1441.0,1314.0,517.0,1389.0,2051.0,5.0,,20.6,825.0,196.0,6.2,56.8,0.5421
2004-12-23 23:00:00,1376.0,1209.0,549.0,1283.0,2041.0,4.2,,17.0,740.0,190.0,6.1,54.7,0.5201
2004-12-24 00:00:00,1412.0,1216.0,543.0,1300.0,2059.0,4.6,,17.2,759.0,187.0,6.0,55.6,0.5244
2004-12-24 01:00:00,1352.0,1137.0,567.0,1234.0,2016.0,3.9,,14.6,610.0,174.0,5.1,59.0,0.5248
2004-12-24 02:00:00,1285.0,1052.0,605.0,1164.0,1967.0,3.4,,12.1,465.0,158.0,5.1,58.4,0.517
2004-12-24 03:00:00,1263.0,997.0,625.0,1140.0,1960.0,3.0,,10.5,,,4.7,60.8,0.5232
2004-12-24 04:00:00,1200.0,929.0,664.0,1082.0,1847.0,2.4,,8.7,288.0,132.0,4.2,63.1,0.5259
2004-12-24 05:00:00,1187.0,931.0,669.0,1093.0,1792.0,2.5,,8.8,251.0,121.0,4.3,64.1,0.537
2004-12-24 06:00:00,1166.0,909.0,691.0,1079.0,1680.0,3.5,,8.2,351.0,136.0,4.8,61.9,0.537
2004-12-24 07:00:00,1209.0,958.0,666.0,1124.0,1662.0,3.9,,9.5,379.0,138.0,5.3,61.1,0.5499
2004-12-24 08:00:00,1349.0,1136.0,575.0,1299.0,1810.0,4.8,,14.6,539.0,149.0,5.7,61.3,0.5657
2004-12-24 09:00:00,1458.0,1307.0,497.0,1483.0,2103.0,6.1,,20.4,706.0,165.0,6.1,60.5,0.5719
2004-12-24 10:00:00,1462.0,1263.0,510.0,1421.0,2082.0,6.6,,18.8,750.0,170.0,6.7,59.7,0.589
2004-12-24 11:00:00,1448.0,1263.0,511.0,1428.0,1971.0,6.5,,18.8,747.0,165.0,7.2,58.6,0.5986
2004-12-24 12:00:00,1419.0,1254.0,524.0,1406.0,1950.0,6.0,,18.5,670.0,167.0,8.0,55.9,0.6018
2004-12-24 13:00:00,1561.0,1425.0,465.0,1624.0,2101.0,6.9,,24.8,772.0,197.0,9.8,52.4,0.6349
2004-12-24 14:00:00,1558.0,1375.0,471.0,1563.0,2112.0,7.9,,22.9,792.0,217.0,10.5,51.1,0.6503
2004-12-24 15:00:00,1438.0,1208.0,528.0,1405.0,1962.0,6.1,,16.9,626.0,204.0,10.8,52.4,0.6767
2004-12-24 16:00:00,1532.0,1356.0,474.0,1610.0,2033.0,6.7,,22.2,678.0,193.0,10.6,55.3,0.7058
2004-12-24 17:00:00,1522.0,1337.0,479.0,1578.0,2034.0,6.8,,21.5,706.0,192.0,10.4,57.0,0.7167
2004-12-24 18:00:00,1514.0,1338.0,474.0,1598.0,2018.0,6.7,,21.5,668.0,175.0,10.2,58.3,0.7256
2004-12-24 19:00:00,,,,,,6.4,,,641.0,168.0,,,
2004-12-24 20:00:00,,,,,,6.8,,,649.0,170.0,,,
2004-12-24 21:00:00,,,,,,5.6,,,521.0,157.0,,,
2004-12-24 22:00:00,,,,,,5.4,,,487.0,143.0,,,
2004-12-24 23:00:00,,,,,,5.2,,,453.0,152.0,,,
2004-12-25 00:00:00,1505.0,1168.0,525.0,1447.0,2066.0,5.9,,15.6,567.0,169.0,9.4,66.1,0.7816
2004-12-25 01:00:00,1458.0,1123.0,540.0,1395.0,2030.0,5.6,,14.2,527.0,164.0,9.6,65.9,0.7869
2004-12-25 02:00:00,1431.0,1100.0,553.0,1385.0,1913.0,5.5,,13.5,503.0,154.0,9.5,66.2,0.7882
2004-12-25 03:00:00,1366.0,1027.0,583.0,1328.0,1901.0,5.2,,11.4,,,9.2,67.3,0.7851
2004-12-25 04:00:00,1332.0,997.0,601.0,1304.0,1783.0,,,10.5,345.0,130.0,9.1,68.7,0.7925
2004-12-25 05:00:00,1243.0,924.0,648.0,1250.0,1534.0,2.2,,8.6,274.0,119.0,9.0,69.8,0.8039
2004-12-25 06:00:00,1251.0,924.0,644.0,1246.0,1568.0,2.0,,8.6,231.0,106.0,8.9,70.5,0.8056
2004-12-25 07:00:00,1259.0,944.0,631.0,1267.0,1622.0,2.2,,9.1,268.0,111.0,8.9,70.4,0.8074
2004-12-25 08:00:00,1268.0,926.0,645.0,1247.0,1628.0,2.0,,8.6,281.0,122.0,9.1,69.6,0.8045
2004-12-25 09:00:00,1288.0,956.0,623.0,1272.0,1553.0,2.5,,9.4,340.0,121.0,9.0,70.8,0.8173
2004-12-25 10:00:00,1410.0,1015.0,594.0,1319.0,1769.0,3.0,,11.0,406.0,136.0,9.8,68.6,0.8324
2004-12-25 11:00:00,1374.0,999.0,598.0,1316.0,1776.0,2.8,,10.6,379.0,138.0,10.2,67.3,0.8373
2004-12-25 12:00:00,1458.0,1090.0,553.0,1383.0,1898.0,3.4,,13.2,436.0,147.0,10.7,65.0,0.8378
2004-12-25 13:00:00,1609.0,1243.0,505.0,1491.0,2100.0,5.5,,18.1,602.0,178.0,11.4,62.9,0.8454
2004-12-25 14:00:00,1424.0,1090.0,566.0,1351.0,1896.0,4.0,,13.2,507.0,176.0,12.2,61.1,0.8652
2004-12-25 15:00:00,1331.0,966.0,633.0,1266.0,1745.0,2.4,,9.7,266.0,159.0,12.1,61.8,0.8723
2004-12-25 16:00:00,1434.0,1093.0,561.0,1366.0,1893.0,3.1,,13.3,335.0,168.0,11.7,65.6,0.898
2004-12-25 17:00:00,1542.0,1161.0,531.0,1435.0,1972.0,4.0,,15.4,464.0,181.0,11.4,67.9,0.9119
2004-12-25 18:00:00,1651.0,1234.0,501.0,1513.0,2020.0,4.6,,17.8,527.0,184.0,11.2,70.8,0.9386
2004-12-25 19:00:00,1633.0,1240.0,496.0,1555.0,1906.0,4.8,,18.0,592.0,170.0,10.9,75.9,0.9868
2004-12-25 20:00:00,1739.0,1333.0,460.0,1689.0,1832.0,6.2,,21.3,821.0,174.0,11.3,78.3,1.0455
2004-12-25 21:00:00,1523.0,1132.0,541.0,1488.0,1470.0,4.6,,14.5,538.0,136.0,10.3,82.8,1.0369
2004-12-25 22:00:00,1543.0,1174.0,521.0,1542.0,1494.0,4.5,,15.8,513.0,127.0,10.4,82.5,1.0406
2004-12-25 23:00:00,1469.0,1086.0,564.0,1485.0,1394.0,4.2,,13.1,514.0,125.0,11.0,81.7,1.0727
2004-12-26 00:00:00,1271.0,886.0,688.0,1321.0,1113.0,2.6,,7.7,345.0,121.0,11.7,79.8,1.0964
2004-12-26 01:00:00,1161.0,810.0,775.0,1281.0,958.0,1.6,,6.0,231.0,117.0,11.6,80.0,1.0924
2004-12-26 02:00:00,1053.0,680.0,890.0,1166.0,807.0,1.3,,3.5,166.0,108.0,11.3,80.1,1.0741
2004-12-26 03:00:00,916.0,541.0,1143.0,1064.0,536.0,0.6,,1.5,,,11.7,74.1,1.0167
2004-12-26 04:00:00,900.0,522.0,1242.0,1070.0,471.0,0.5,,1.2,61.0,55.0,10.8,78.7,1.0202
2004-12-26 05:00:00,855.0,479.0,1319.0,1068.0,450.0,0.4,,0.8,49.0,46.0,10.7,81.5,1.0497
2004-12-26 06:00:00,848.0,464.0,1425.0,1062.0,438.0,0.3,,0.7,54.0,46.0,10.9,80.3,1.0444
2004-12-26 07:00:00,873.0,485.0,1305.0,1083.0,512.0,0.4,,0.9,78.0,67.0,10.7,80.7,1.0377
2004-12-26 08:00:00,945.0,569.0,1140.0,1135.0,632.0,0.6,,1.8,136.0,90.0,10.5,81.8,1.0416
2004-12-26 09:00:00,1003.0,618.0,1003.0,1159.0,754.0,0.9,,2.5,198.0,117.0,10.4,82.9,1.0419
2004-12-26 10:00:00,1041.0,659.0,908.0,1188.0,792.0,1.1,,3.1,211.0,118.0,10.6,82.1,1.0451
2004-12-26 11:00:00,1036.0,685.0,942.0,1168.0,776.0,1.0,,3.5,183.0,112.0,11.5,72.6,0.9846
2004-12-26 12:00:00,1124.0,799.0,775.0,1231.0,969.0,1.6,,5.7,277.0,134.0,12.8,65.5,0.964
2004-12-26 13:00:00,1130.0,803.0,772.0,1230.0,975.0,1.8,,5.8,267.0,127.0,13.9,60.9,0.9644
2004-12-26 14:00:00,991.0,632.0,981.0,1114.0,637.0,1.0,,2.7,123.0,88.0,14.9,57.9,0.9726
2004-12-26 15:00:00,988.0,596.0,1056.0,1118.0,541.0,0.8,,2.2,68.0,57.0,14.8,63.5,1.0592
2004-12-26 16:00:00,1163.0,801.0,772.0,1288.0,876.0,1.4,,5.8,186.0,99.0,13.6,68.9,1.0699
2004-12-26 17:00:00,1226.0,853.0,725.0,1307.0,1029.0,2.1,,6.9,321.0,129.0,13.6,68.9,1.0661
2004-12-26 18:00:00,1286.0,942.0,687.0,1362.0,1103.0,2.3,,9.1,343.0,137.0,13.5,67.1,1.0357
2004-12-26 19:00:00,1423.0,1116.0,553.0,1531.0,1369.0,3.5,,14.0,550.0,146.0,12.3,75.4,1.0768
2004-12-26 20:00:00,1408.0,1088.0,560.0,1504.0,1381.0,3.8,,13.1,598.0,139.0,11.7,80.0,1.0938
2004-12-26 21:00:00,1178.0,866.0,700.0,1342.0,1094.0,2.4,,7.2,390.0,128.0,11.8,82.7,1.1381
2004-12-26 22:00:00,985.0,701.0,877.0,1187.0,835.0,1.0,,3.8,159.0,106.0,11.8,77.5,1.0741
2004-12-26 23:00:00,1113.0,776.0,828.0,1217.0,881.0,1.3,,5.2,193.0,114.0,12.0,72.3,1.0095
2004-12-27 00:00:00,1178.0,873.0,700.0,1328.0,987.0,2.3,,7.4,316.0,137.0,11.2,79.6,1.0587
2004-12-27 01:00:00,1024.0,705.0,876.0,1168.0,807.0,1.5,,3.9,199.0,114.0,11.5,74.2,1.0063
2004-12-27 02:00:00,954.0,630.0,988.0,1107.0,664.0,1.1,,2.7,134.0,92.0,11.6,68.9,0.9411
2004-12-27 03:00:00,875.0,548.0,1165.0,1049.0,525.0,0.6,,1.5,,,11.5,67.4,0.9106
2004-12-27 04:00:00,877.0,526.0,1171.0,1023.0,496.0,0.7,,1.3,63.0,55.0,11.7,64.6,0.8888
2004-12-27 05:00:00,826.0,465.0,1322.0,978.0,433.0,0.4,,0.7,50.0,46.0,11.9,61.1,0.8527
2004-12-27 06:00:00,862.0,535.0,1193.0,1020.0,524.0,0.5,,1.4,93.0,67.0,12.5,57.3,0.8269
2004-12-27 07:00:00,938.0,653.0,970.0,1100.0,747.0,0.8,,3.0,161.0,95.0,12.3,60.1,0.8562
2004-12-27 08:00:00,1205.0,943.0,688.0,1361.0,1052.0,1.9,,9.1,368.0,133.0,11.5,68.7,0.9302
2004-12-27 09:00:00,1171.0,978.0,637.0,1374.0,1092.0,2.3,,10.0,344.0,138.0,12.5,63.2,0.9113
2004-12-27 10:00:00,1131.0,926.0,684.0,1324.0,1036.0,1.9,,8.6,288.0,127.0,12.9,63.2,0.9335
2004-12-27 11:00:00,1074.0,832.0,748.0,1230.0,934.0,1.6,,6.4,244.0,119.0,13.5,59.9,0.9261
2004-12-27 12:00:00,1062.0,822.0,764.0,1228.0,917.0,1.4,,6.2,224.0,113.0,13.4,61.3,0.9379
2004-12-27 13:00:00,1045.0,800.0,796.0,1193.0,839.0,1.5,,5.7,206.0,109.0,14.4,57.1,0.9309
2004-12-27 14:00:00,1034.0,763.0,840.0,1192.0,761.0,1.4,,5.0,163.0,97.0,15.0,57.2,0.9698
2004-12-27 15:00:00,1186.0,899.0,695.0,1332.0,926.0,2.0,,8.0,296.0,117.0,12.4,72.6,1.0422
2004-12-27 16:00:00,1256.0,996.0,625.0,1417.0,1104.0,2.5,,10.5,386.0,132.0,12.8,73.6,1.0851
2004-12-27 17:00:00,1138.0,854.0,735.0,1276.0,911.0,2.2,,6.9,262.0,117.0,13.3,68.2,1.0356
2004-12-27 18:00:00,1138.0,891.0,721.0,1295.0,918.0,2.0,,7.8,212.0,110.0,13.4,66.6,1.0187
2004-12-27 19:00:00,1114.0,899.0,710.0,1279.0,948.0,2.1,,8.0,245.0,119.0,13.3,63.6,0.9661
2004-12-27 20:00:00,1107.0,905.0,705.0,1288.0,966.0,2.1,,8.1,263.0,116.0,12.9,62.4,0.9258
2004-12-27 21:00:00,1117.0,876.0,706.0,1264.0,1057.0,2.1,,7.5,300.0,123.0,12.4,64.7,0.9266
2004-12-27 22:00:00,1090.0,812.0,753.0,1213.0,1001.0,1.6,,6.0,242.0,117.0,12.1,65.6,0.9222
2004-12-27 23:00:00,954.0,665.0,916.0,1119.0,777.0,1.1,,3.2,152.0,100.0,11.3,69.8,0.932
2004-12-28 00:00:00,987.0,715.0,884.0,1145.0,797.0,1.2,,4.1,165.0,101.0,11.0,68.7,0.9001
2004-12-28 01:00:00,969.0,659.0,945.0,1082.0,691.0,,,3.1,,,11.1,65.3,0.8601
2004-12-28 02:00:00,939.0,648.0,949.0,1084.0,680.0,,,2.9,,,10.2,66.9,0.8323
2004-12-28 03:00:00,961.0,654.0,925.0,1084.0,755.0,,,3.0,,,9.5,70.1,0.8343
2004-12-28 04:00:00,916.0,623.0,962.0,1064.0,725.0,,,2.5,,,9.8,69.4,0.8397
2004-12-28 05:00:00,835.0,484.0,1266.0,961.0,432.0,,,0.9,,,10.7,62.5,0.802
2004-12-28 06:00:00,885.0,572.0,1081.0,1031.0,612.0,,,1.8,,,10.4,64.8,0.8138
2004-12-28 07:00:00,1088.0,839.0,760.0,1236.0,951.0,,,6.6,,,9.7,73.1,0.8772
2004-12-28 08:00:00,1358.0,1158.0,529.0,1537.0,1326.0,,,15.3,,,9.3,77.0,0.9018
2004-12-28 09:00:00,1456.0,1389.0,443.0,1808.0,1504.0,,,23.4,,,9.1,77.1,0.8947
2004-12-28 10:00:00,1274.0,1159.0,545.0,1493.0,1326.0,,,15.3,,,10.6,67.9,0.8666
2004-12-28 11:00:00,1092.0,946.0,691.0,1234.0,1043.0,,,9.2,,,12.7,56.7,0.8304
2004-12-28 12:00:00,1111.0,993.0,662.0,1287.0,1058.0,,,10.4,,,13.0,53.9,0.8029
2004-12-28 13:00:00,1177.0,1143.0,574.0,1443.0,1205.0,,,14.8,,,13.9,49.0,0.7727
2004-12-28 14:00:00,1199.0,1138.0,581.0,1452.0,1203.0,,,14.6,,,14.4,49.2,0.8027
2004-12-28 15:00:00,1121.0,1003.0,656.0,1323.0,1058.0,,,10.7,,,14.3,48.6,0.79
2004-12-28 16:00:00,1252.0,1164.0,559.0,1474.0,1257.0,,,15.5,,,13.6,52.8,0.8177
2004-12-28 17:00:00,1233.0,1144.0,575.0,1436.0,1271.0,,,14.9,,,13.1,54.3,0.8167
2004-12-28 18:00:00,1215.0,1063.0,616.0,1370.0,1214.0,,,12.4,,,12.4,59.3,0.853
2004-12-28 19:00:00,1193.0,1020.0,645.0,1340.0,1135.0,,,11.2,,,12.1,61.5,0.8677
2004-12-28 20:00:00,1195.0,1026.0,637.0,1342.0,1150.0,,,11.3,,,12.0,60.8,0.852
2004-12-28 21:00:00,1301.0,1080.0,579.0,1435.0,1248.0,,,12.9,,,11.0,73.8,0.9677
2004-12-28 22:00:00,1126.0,828.0,722.0,1250.0,955.0,,,6.4,,,9.6,82.9,0.99
2004-12-28 23:00:00,1013.0,687.0,872.0,1135.0,726.0,,,3.6,,,8.6,83.5,0.9372
2004-12-29 00:00:00,982.0,645.0,922.0,1107.0,708.0,,,2.9,,,8.7,83.0,0.9393
2004-12-29 01:00:00,970.0,642.0,922.0,1107.0,704.0,,,2.8,,,8.8,81.2,0.9214
2004-12-29 02:00:00,959.0,637.0,958.0,1107.0,667.0,,,2.8,,,8.9,79.0,0.9032
2004-12-29 03:00:00,925.0,598.0,978.0,1079.0,662.0,,,2.2,,,9.0,76.5,0.8828
2004-12-29 04:00:00,847.0,502.0,1198.0,1020.0,508.0,,,1.0,,,9.0,75.8,0.8721
2004-12-29 05:00:00,885.0,534.0,1144.0,1036.0,529.0,,,1.4,,,9.1,73.9,0.8576
2004-12-29 06:00:00,883.0,549.0,1019.0,1025.0,607.0,,,1.6,,,9.4,70.9,0.8386
2004-12-29 07:00:00,892.0,587.0,1070.0,1041.0,623.0,,,2.0,,,10.1,65.9,0.8148
2004-12-29 08:00:00,970.0,678.0,916.0,1101.0,732.0,,,3.4,,,10.1,64.6,0.7967
2004-12-29 09:00:00,904.0,644.0,949.0,1036.0,697.0,,,2.9,,,9.3,64.7,0.7575
2004-12-29 10:00:00,919.0,652.0,953.0,1045.0,712.0,,,3.0,,,9.9,61.3,0.7499
2004-12-29 11:00:00,929.0,668.0,937.0,1054.0,696.0,,,3.3,,,10.6,59.9,0.7674
2004-12-29 12:00:00,938.0,729.0,874.0,1060.0,702.0,,,4.3,,,11.1,55.3,0.7325
2004-12-29 13:00:00,971.0,786.0,812.0,1086.0,796.0,,,5.5,,,12.0,49.3,0.69
2004-12-29 14:00:00,914.0,739.0,870.0,1025.0,714.0,,,4.5,,,11.6,46.8,0.6397
2004-12-29 15:00:00,892.0,719.0,918.0,1019.0,635.0,,,4.1,,,12.0,44.0,0.6169
2004-12-29 16:00:00,913.0,735.0,905.0,1024.0,706.0,,,4.5,,,11.8,44.3,0.6141
2004-12-29 17:00:00,928.0,759.0,871.0,1040.0,775.0,,,4.9,,,11.3,45.4,0.6063
2004-12-29 18:00:00,1035.0,941.0,734.0,1175.0,965.0,,,9.0,,,11.3,44.1,0.5909
2004-12-29 19:00:00,1033.0,939.0,729.0,1159.0,979.0,,,9.0,,,11.2,45.1,0.5971
2004-12-29 20:00:00,990.0,865.0,764.0,1130.0,902.0,,,7.2,,,10.8,47.3,0.6122
2004-12-29 21:00:00,934.0,750.0,891.0,1035.0,798.0,,,4.7,,,10.7,47.7,0.6127
2004-12-29 22:00:00,881.0,670.0,979.0,978.0,697.0,,,3.3,,,10.5,46.9,0.5956
2004-12-29 23:00:00,855.0,631.0,1033.0,932.0,626.0,,,2.7,,,10.2,45.4,0.5632
2004-12-30 00:00:00,832.0,598.0,1122.0,912.0,537.0,,,2.2,,,9.7,46.0,0.5546
2004-12-30 01:00:00,848.0,639.0,1057.0,929.0,574.0,,,2.8,,,9.8,45.2,0.5489
2004-12-30 02:00:00,806.0,567.0,1163.0,878.0,490.0,,,1.8,,,9.4,45.4,0.5355
2004-12-30 03:00:00,796.0,545.0,1210.0,853.0,450.0,,,1.5,,,9.3,44.0,0.5153
2004-12-30 04:00:00,777.0,493.0,1247.0,828.0,438.0,,,0.9,,,8.8,45.2,0.5134
2004-12-30 05:00:00,785.0,505.0,1226.0,829.0,428.0,,,1.1,,,8.7,45.6,0.5128
2004-12-30 06:00:00,766.0,470.0,1317.0,810.0,404.0,,,0.7,,,8.5,44.8,0.498
2004-12-30 07:00:00,808.0,534.0,1243.0,853.0,480.0,,,1.4,,,8.7,43.4,0.4905
2004-12-30 08:00:00,975.0,822.0,852.0,1049.0,876.0,,,6.2,,,8.5,43.6,0.4865
2004-12-30 09:00:00,943.0,816.0,828.0,1033.0,868.0,,,6.1,,,8.8,42.0,0.4773
2004-12-30 10:00:00,886.0,764.0,920.0,946.0,740.0,,,5.0,,,10.8,35.1,0.4549
2004-12-30 11:00:00,861.0,716.0,973.0,921.0,628.0,,,4.1,,,11.7,34.4,0.4712
2004-12-30 12:00:00,881.0,734.0,961.0,925.0,636.0,,,4.4,,,12.6,31.7,0.4613
2004-12-30 13:00:00,855.0,741.0,965.0,901.0,616.0,,,4.6,,,12.5,30.3,0.4367
2004-12-30 14:00:00,855.0,725.0,983.0,898.0,613.0,,,4.3,,,11.4,32.8,0.4424
2004-12-30 15:00:00,844.0,689.0,1040.0,867.0,545.0,,,3.6,,,12.1,31.1,0.4383
2004-12-30 16:00:00,900.0,794.0,906.0,930.0,710.0,,,5.6,,,12.3,29.7,0.4226
2004-12-30 17:00:00,883.0,751.0,962.0,922.0,661.0,,,4.8,,,9.8,36.4,0.4414
2004-12-30 18:00:00,994.0,903.0,781.0,1079.0,922.0,,,8.1,,,9.3,40.8,0.4781
2004-12-30 19:00:00,927.0,774.0,883.0,976.0,755.0,,,5.2,,,8.6,45.1,0.5038
2004-12-30 20:00:00,1078.0,987.0,718.0,1152.0,1015.0,,,10.2,,,9.3,41.7,0.4884
2004-12-30 21:00:00,952.0,788.0,849.0,1018.0,876.0,,,5.5,,,8.7,44.3,0.4998
2004-12-30 22:00:00,882.0,660.0,991.0,922.0,727.0,,,3.1,,,8.0,47.6,0.5113
2004-12-30 23:00:00,924.0,724.0,946.0,969.0,781.0,,,4.2,,,7.7,47.2,0.4975
2004-12-31 00:00:00,987.0,823.0,827.0,1027.0,893.0,,,6.2,,,7.2,50.2,0.5118
2004-12-31 01:00:00,930.0,752.0,889.0,981.0,820.0,,,4.8,,,6.9,50.3,0.5029
2004-12-31 02:00:00,861.0,654.0,995.0,919.0,632.0,,,3.0,,,6.7,50.7,0.4998
2004-12-31 03:00:00,783.0,522.0,1241.0,832.0,458.0,,,1.2,,,7.6,46.4,0.4869
2004-12-31 04:00:00,744.0,431.0,1539.0,778.0,345.0,,,0.4,,,7.4,45.7,0.4714
2004-12-31 05:00:00,753.0,426.0,1568.0,792.0,337.0,,,0.4,,,6.9,49.3,0.4913
2004-12-31 06:00:00,787.0,452.0,1400.0,823.0,370.0,,,0.6,,,7.8,48.1,0.5095
2004-12-31 07:00:00,820.0,506.0,1221.0,871.0,466.0,,,1.1,,,8.1,47.8,0.5157
2004-12-31 08:00:00,840.0,552.0,1152.0,893.0,510.0,,,1.6,,,8.5,46.7,0.5191
2004-12-31 09:00:00,897.0,656.0,953.0,964.0,641.0,,,3.1,,,8.9,44.1,0.5039
2004-12-31 10:00:00,989.0,793.0,815.0,1052.0,862.0,,,5.6,,,9.4,42.5,0.5038
2004-12-31 11:00:00,909.0,737.0,909.0,941.0,753.0,,,4.5,,,10.8,36.3,0.4712
2004-12-31 12:00:00,865.0,697.0,1002.0,883.0,589.0,,,3.8,,,11.9,30.6,0.4264
2004-12-31 13:00:00,924.0,821.0,899.0,955.0,704.0,,,6.2,,,12.2,29.7,0.4205
2004-12-31 14:00:00,912.0,794.0,885.0,943.0,731.0,,,5.6,,,12.0,31.1,0.434
2004-12-31 15:00:00,872.0,717.0,991.0,882.0,592.0,,,4.1,,,12.7,28.4,0.416
2004-12-31 16:00:00,917.0,794.0,907.0,946.0,740.0,,,5.6,,,13.3,27.5,0.4185
2004-12-31 17:00:00,962.0,883.0,818.0,996.0,896.0,,,7.6,,,11.4,30.8,0.4148
2004-12-31 18:00:00,932.0,817.0,883.0,942.0,854.0,,,6.1,,,9.8,34.0,0.4112
2004-12-31 19:00:00,930.0,781.0,933.0,906.0,866.0,,,5.3,,,9.3,33.6,0.3958
2004-12-31 20:00:00,962.0,780.0,919.0,909.0,884.0,,,5.3,,,9.6,32.3,0.3871
2004-12-31 21:00:00,974.0,790.0,915.0,895.0,951.0,,,5.5,,,9.1,32.5,0.3766
2004-12-31 22:00:00,1055.0,791.0,845.0,936.0,1195.0,,,5.6,,,9.1,37.2,0.431
2004-12-31 23:00:00,1003.0,744.0,882.0,899.0,1138.0,,,4.6,,,7.8,38.4,0.4085
2005-01-01 00:00:00,1046.0,724.0,848.0,898.0,1201.0,,,4.2,,,8.2,40.1,0.4375
2005-01-01 01:00:00,1275.0,930.0,649.0,1024.0,1617.0,1.6,,8.8,215.0,106.0,5.3,50.7,0.4564
2005-01-01 02:00:00,1173.0,878.0,738.0,1002.0,1355.0,2.5,,7.5,300.0,129.0,5.9,50.0,0.4689
2005-01-01 03:00:00,1163.0,881.0,748.0,1001.0,1296.0,2.7,,7.6,,,4.9,53.9,0.4693
2005-01-01 04:00:00,1054.0,791.0,830.0,967.0,1131.0,1.9,,5.6,253.0,126.0,4.3,55.3,0.465
2005-01-01 05:00:00,1004.0,753.0,879.0,942.0,1036.0,1.4,,4.8,181.0,106.0,4.2,57.1,0.4759
2005-01-01 06:00:00,1001.0,777.0,859.0,954.0,1009.0,1.5,,5.3,171.0,99.0,3.5,58.3,0.4636
2005-01-01 07:00:00,974.0,736.0,888.0,945.0,966.0,1.4,,4.5,168.0,97.0,3.0,60.7,0.4667
2005-01-01 08:00:00,915.0,653.0,973.0,905.0,901.0,1.1,,3.0,169.0,94.0,2.6,63.2,0.4721
2005-01-01 09:00:00,939.0,649.0,996.0,897.0,879.0,1.0,,3.0,145.0,86.0,3.9,59.0,0.4807
2005-01-01 10:00:00,973.0,748.0,878.0,968.0,991.0,1.2,,4.7,190.0,97.0,4.7,57.2,0.4932
2005-01-01 11:00:00,1011.0,782.0,846.0,992.0,1019.0,1.7,,5.4,225.0,113.0,6.8,48.6,0.4822
2005-01-01 12:00:00,1097.0,875.0,778.0,1080.0,1151.0,2.3,,7.4,261.0,125.0,8.6,43.6,0.4887
2005-01-01 13:00:00,1149.0,914.0,742.0,1072.0,1242.0,2.2,,8.4,382.0,147.0,9.5,41.2,0.4908
2005-01-01 14:00:00,1117.0,934.0,721.0,1075.0,1206.0,2.4,,8.9,357.0,153.0,10.9,35.9,0.468
2005-01-01 15:00:00,1085.0,896.0,760.0,1049.0,1138.0,2.2,,7.9,299.0,147.0,12.5,32.3,0.467
2005-01-01 16:00:00,1102.0,885.0,772.0,1051.0,1142.0,2.1,,7.7,313.0,139.0,12.8,32.6,0.4814
2005-01-01 17:00:00,1281.0,1053.0,659.0,1192.0,1438.0,3.0,,12.1,510.0,165.0,10.9,39.7,0.5166
2005-01-01 18:00:00,1472.0,1198.0,555.0,1344.0,1735.0,4.7,,16.6,832.0,191.0,9.0,51.8,0.5961
2005-01-01 19:00:00,1328.0,1029.0,637.0,1188.0,1611.0,3.6,,11.4,622.0,172.0,8.1,54.1,0.5882
2005-01-01 20:00:00,1198.0,897.0,720.0,1072.0,1436.0,2.5,,7.9,402.0,151.0,7.8,54.6,0.5786
2005-01-01 21:00:00,1176.0,905.0,718.0,1104.0,1389.0,2.3,,8.1,334.0,137.0,6.2,59.6,0.5698
2005-01-01 22:00:00,1118.0,830.0,765.0,1058.0,1313.0,2.1,,6.4,295.0,130.0,5.7,59.9,0.5523
2005-01-01 23:00:00,1091.0,773.0,820.0,1003.0,1232.0,1.7,,5.2,222.0,115.0,5.6,59.7,0.5463
2005-01-02 00:00:00,1078.0,775.0,809.0,1012.0,1195.0,1.8,,5.2,230.0,112.0,4.7,62.9,0.5424
2005-01-02 01:00:00,1043.0,726.0,875.0,972.0,1107.0,1.6,,4.3,195.0,105.0,4.5,63.5,0.5411
2005-01-02 02:00:00,992.0,685.0,916.0,963.0,1035.0,1.3,,3.6,167.0,96.0,4.5,63.6,0.5414
2005-01-02 03:00:00,1004.0,739.0,868.0,1004.0,1030.0,1.3,,4.5,,,3.1,70.0,0.5388
2005-01-02 04:00:00,947.0,673.0,929.0,974.0,929.0,1.3,,3.3,148.0,87.0,3.2,68.3,0.531
2005-01-02 05:00:00,923.0,634.0,984.0,943.0,875.0,1.1,,2.7,123.0,75.0,3.1,69.2,0.5337
2005-01-02 06:00:00,911.0,613.0,992.0,934.0,861.0,1.0,,2.4,148.0,82.0,2.4,71.9,0.5288
2005-01-02 07:00:00,924.0,629.0,994.0,941.0,852.0,1.0,,2.6,143.0,83.0,3.1,68.7,0.5317
2005-01-02 08:00:00,954.0,674.0,940.0,981.0,891.0,1.2,,3.4,180.0,88.0,2.1,73.1,0.5289
2005-01-02 09:00:00,960.0,704.0,887.0,1003.0,947.0,1.3,,3.9,226.0,106.0,3.3,68.2,0.5346
2005-01-02 10:00:00,1016.0,760.0,835.0,1044.0,1016.0,1.6,,4.9,254.0,112.0,4.1,65.8,0.5451
2005-01-02 11:00:00,1139.0,879.0,753.0,1092.0,1201.0,2.2,,7.5,372.0,141.0,6.6,56.6,0.5528
2005-01-02 12:00:00,1130.0,860.0,752.0,1058.0,1218.0,2.2,,7.1,379.0,148.0,8.0,51.2,0.5516
2005-01-02 13:00:00,1237.0,962.0,685.0,1138.0,1385.0,2.8,,9.6,478.0,171.0,10.3,44.9,0.5612
2005-01-02 14:00:00,1159.0,837.0,742.0,1087.0,1311.0,2.1,,6.5,344.0,160.0,12.3,41.7,0.5961
2005-01-02 15:00:00,1124.0,790.0,791.0,1071.0,1206.0,1.6,,5.5,258.0,137.0,13.5,41.3,0.6342
2005-01-02 16:00:00,1312.0,998.0,640.0,1249.0,1473.0,2.8,,10.5,474.0,167.0,13.4,43.1,0.66
2005-01-02 17:00:00,1246.0,936.0,665.0,1182.0,1460.0,2.6,,8.9,438.0,164.0,9.9,53.3,0.6504
2005-01-02 18:00:00,1232.0,931.0,674.0,1171.0,1627.0,2.8,,8.8,451.0,166.0,8.9,54.6,0.6226
2005-01-02 19:00:00,1286.0,996.0,644.0,1217.0,1827.0,2.9,,10.5,473.0,167.0,8.9,54.8,0.6244
2005-01-02 20:00:00,1347.0,1084.0,582.0,1290.0,2004.0,3.4,,13.0,560.0,174.0,8.3,58.2,0.6391
2005-01-02 21:00:00,,,,,,2.9,,,470.0,160.0,,,
2005-01-02 22:00:00,,,,,,3.2,,,506.0,169.0,,,
2005-01-02 23:00:00,,,,,,3.1,,,482.0,162.0,,,
2005-01-03 00:00:00,,,,,,3.0,,,436.0,149.0,,,
2005-01-03 01:00:00,,,,,,3.4,,,472.0,158.0,,,
2005-01-03 02:00:00,,,,,,3.0,,,379.0,143.0,,,
2005-01-03 03:00:00,,,,,,2.7,,,,,,,
2005-01-03 04:00:00,,,,,,,,,286.0,121.0,,,
2005-01-03 05:00:00,,,,,,1.1,,,155.0,92.0,,,
2005-01-03 06:00:00,,,,,,1.4,,,264.0,102.0,,,
2005-01-03 07:00:00,,,,,,1.8,,,366.0,121.0,,,
2005-01-03 08:00:00,,,,,,3.6,,,622.0,164.0,,,
2005-01-03 09:00:00,,,,,,3.1,,,551.0,175.0,,,
2005-01-03 10:00:00,,,,,,1.9,,,349.0,130.0,,,
2005-01-03 11:00:00,,,,,,1.7,,,285.0,117.0,,,
2005-01-03 12:00:00,,,,,,1.7,,,265.0,115.0,,,
2005-01-03 13:00:00,,,,,,1.6,,,222.0,106.0,,,
2005-01-03 14:00:00,,,,,,1.6,,,237.0,102.0,,,
2005-01-03 15:00:00,,,,,,1.7,,,294.0,122.0,,,
2005-01-03 16:00:00,,,,,,2.2,,,329.0,138.0,,,
2005-01-03 17:00:00,,,,,,3.3,,,487.0,162.0,,,
2005-01-03 18:00:00,,,,,,3.9,,,604.0,177.0,,,
2005-01-03 19:00:00,,,,,,5.0,,,728.0,190.0,,,
2005-01-03 20:00:00,,,,,,4.2,,,653.0,182.0,,,
2005-01-03 21:00:00,,,,,,3.2,,,509.0,163.0,,,
2005-01-03 22:00:00,,,,,,1.7,,,277.0,135.0,,,
2005-01-03 23:00:00,,,,,,1.5,,,268.0,130.0,,,
2005-01-04 00:00:00,,,,,,1.3,,,193.0,117.0,,,
2005-01-04 01:00:00,,,,,,1.2,,,167.0,104.0,,,
2005-01-04 02:00:00,,,,,,1.3,,,159.0,97.0,,,
2005-01-04 03:00:00,,,,,,0.8,,,,,,,
2005-01-04 04:00:00,,,,,,0.6,,,89.0,72.0,,,
2005-01-04 05:00:00,,,,,,0.8,,,97.0,71.0,,,
2005-01-04 06:00:00,,,,,,0.9,,,182.0,94.0,,,
2005-01-04 07:00:00,,,,,,1.1,,,262.0,118.0,,,
2005-01-04 08:00:00,,,,,,3.4,,,561.0,174.0,,,
2005-01-04 09:00:00,,,,,,3.6,,,540.0,170.0,,,
2005-01-04 10:00:00,,,,,,3.1,,,480.0,171.0,,,
2005-01-04 11:00:00,,,,,,3.3,,,608.0,196.0,,,
2005-01-04 12:00:00,,,,,,3.4,,,584.0,191.0,,,
2005-01-04 13:00:00,,,,,,2.8,,,426.0,165.0,,,
2005-01-04 14:00:00,,,,,,2.6,,,397.0,148.0,,,
2005-01-04 15:00:00,,,,,,3.0,,,473.0,172.0,,,
2005-01-04 16:00:00,,,,,,2.9,,,369.0,165.0,,,
2005-01-04 17:00:00,,,,,,3.8,,,532.0,184.0,,,
2005-01-04 18:00:00,,,,,,3.8,,,498.0,173.0,,,
2005-01-04 19:00:00,,,,,,3.6,,,487.0,174.0,,,
2005-01-04 20:00:00,,,,,,4.5,,,629.0,181.0,,,
2005-01-04 21:00:00,,,,,,3.7,,,502.0,166.0,,,
2005-01-04 22:00:00,,,,,,2.4,,,381.0,150.0,,,
2005-01-04 23:00:00,,,,,,1.7,,,250.0,131.0,,,
2005-01-05 00:00:00,,,,,,1.7,,,266.0,129.0,,,
2005-01-05 01:00:00,1135.0,792.0,727.0,1170.0,1151.0,1.7,,5.6,226.0,120.0,9.5,69.5,0.8261
2005-01-05 02:00:00,1188.0,901.0,657.0,1261.0,1185.0,1.9,,8.1,259.0,119.0,9.1,70.9,0.8176
2005-01-05 03:00:00,1242.0,921.0,626.0,1219.0,1374.0,2.0,,8.5,,,8.1,72.1,0.7798
2005-01-05 04:00:00,1219.0,889.0,649.0,1186.0,1405.0,2.0,,7.7,260.0,111.0,7.9,72.1,0.7679
2005-01-05 05:00:00,1187.0,850.0,653.0,1169.0,1383.0,1.7,,6.8,242.0,109.0,7.6,72.7,0.7598
2005-01-05 06:00:00,1225.0,904.0,644.0,1194.0,1460.0,1.8,,8.1,267.0,110.0,7.5,71.7,0.7439
2005-01-05 07:00:00,1333.0,1019.0,576.0,1275.0,1612.0,2.2,,11.1,411.0,126.0,7.9,70.6,0.7562
2005-01-05 08:00:00,1489.0,1193.0,497.0,1475.0,1776.0,3.7,,16.4,670.0,148.0,8.6,69.0,0.7732
2005-01-05 09:00:00,1596.0,1341.0,436.0,1672.0,1991.0,4.8,,21.6,830.0,162.0,9.1,67.5,0.7831
2005-01-05 10:00:00,1585.0,1277.0,456.0,1567.0,1944.0,4.8,,19.3,845.0,173.0,9.8,65.8,0.7967
2005-01-05 11:00:00,1674.0,1376.0,438.0,1643.0,2098.0,5.2,,22.9,992.0,198.0,11.2,61.9,0.8226
2005-01-05 12:00:00,1741.0,1438.0,416.0,1741.0,2159.0,5.9,,25.3,1130.0,219.0,12.8,60.1,0.882
2005-01-05 13:00:00,1680.0,1434.0,417.0,1790.0,2005.0,5.9,,25.2,977.0,206.0,13.4,62.4,0.9513
2005-01-05 14:00:00,1295.0,1090.0,553.0,1479.0,1441.0,3.1,,13.2,459.0,155.0,14.3,61.2,0.9941
2005-01-05 15:00:00,1288.0,1112.0,560.0,1492.0,1380.0,2.6,,13.9,346.0,150.0,14.6,59.6,0.9824
2005-01-05 16:00:00,1281.0,1111.0,553.0,1483.0,1409.0,2.8,,13.8,383.0,148.0,14.2,60.0,0.9684
2005-01-05 17:00:00,1310.0,1099.0,559.0,1481.0,1445.0,2.8,,13.5,414.0,158.0,13.8,62.6,0.9862
2005-01-05 18:00:00,1276.0,1099.0,559.0,1504.0,1388.0,2.8,,13.5,370.0,152.0,13.6,64.0,0.9891
2005-01-05 19:00:00,1312.0,1148.0,532.0,1525.0,1411.0,3.1,,15.0,400.0,148.0,13.4,64.5,0.9865
2005-01-05 20:00:00,1332.0,1146.0,539.0,1523.0,1377.0,3.3,,14.9,378.0,147.0,13.5,64.7,0.9971
2005-01-05 21:00:00,1248.0,1046.0,588.0,1404.0,1316.0,2.7,,11.9,357.0,144.0,13.4,65.3,0.9967
2005-01-05 22:00:00,1182.0,947.0,643.0,1334.0,1210.0,2.3,,9.2,333.0,144.0,13.2,64.5,0.9732
2005-01-05 23:00:00,1059.0,810.0,764.0,1200.0,1002.0,1.6,,6.0,227.0,126.0,13.2,62.3,0.9392
2005-01-06 00:00:00,1056.0,795.0,783.0,1187.0,896.0,1.6,,5.6,203.0,115.0,12.5,63.7,0.9196
2005-01-06 01:00:00,1064.0,785.0,769.0,1184.0,946.0,1.7,,5.4,210.0,116.0,12.3,64.6,0.9229
2005-01-06 02:00:00,1059.0,783.0,781.0,1188.0,877.0,1.6,,5.4,198.0,112.0,12.5,63.8,0.9244
2005-01-06 03:00:00,991.0,681.0,874.0,1125.0,718.0,1.4,,3.5,,,12.6,62.7,0.9121
2005-01-06 04:00:00,950.0,622.0,960.0,1093.0,643.0,,,2.5,89.0,67.0,12.0,64.6,0.906
2005-01-06 05:00:00,1005.0,679.0,875.0,1120.0,745.0,0.9,,3.4,89.0,67.0,10.7,69.5,0.8919
2005-01-06 06:00:00,939.0,568.0,1037.0,1054.0,656.0,0.8,,1.8,101.0,72.0,12.4,62.6,0.8994
2005-01-06 07:00:00,961.0,629.0,1011.0,1114.0,682.0,0.7,,2.6,104.0,69.0,12.3,62.7,0.8947
2005-01-06 08:00:00,1017.0,712.0,827.0,1147.0,829.0,1.1,,4.0,192.0,107.0,11.4,66.6,0.8948
2005-01-06 09:00:00,1108.0,823.0,720.0,1247.0,961.0,1.5,,6.2,237.0,117.0,11.1,70.2,0.9276
2005-01-06 10:00:00,1122.0,803.0,733.0,1225.0,960.0,1.5,,5.8,211.0,115.0,13.4,61.0,0.9348
2005-01-06 11:00:00,1099.0,826.0,739.0,1223.0,940.0,1.6,,6.3,230.0,120.0,15.9,52.2,0.9377
2005-01-06 12:00:00,1124.0,805.0,726.0,1233.0,938.0,1.6,,5.9,240.0,128.0,15.6,54.0,0.9515
2005-01-06 13:00:00,1186.0,921.0,660.0,1310.0,1040.0,2.0,,8.5,295.0,138.0,16.3,51.5,0.9462
2005-01-06 14:00:00,1096.0,819.0,733.0,1238.0,904.0,1.7,,6.2,243.0,127.0,16.5,50.8,0.9442
2005-01-06 15:00:00,1120.0,829.0,725.0,1259.0,910.0,1.5,,6.4,196.0,111.0,16.3,51.9,0.9535
2005-01-06 16:00:00,1185.0,893.0,666.0,1312.0,1011.0,2.0,,7.9,237.0,122.0,16.2,53.0,0.9687
2005-01-06 17:00:00,1173.0,885.0,685.0,1288.0,1038.0,1.9,,7.7,274.0,134.0,15.6,54.8,0.966
2005-01-06 18:00:00,1221.0,935.0,642.0,1323.0,1144.0,2.1,,8.9,352.0,153.0,14.5,57.5,0.944
2005-01-06 19:00:00,1330.0,1063.0,578.0,1419.0,1352.0,2.8,,12.4,488.0,169.0,14.0,60.1,0.9566
2005-01-06 20:00:00,1325.0,1027.0,591.0,1394.0,1365.0,2.7,,11.3,426.0,162.0,13.5,63.0,0.9686
2005-01-06 21:00:00,1195.0,915.0,666.0,1295.0,1245.0,2.4,,8.4,376.0,152.0,12.6,65.4,0.9529
2005-01-06 22:00:00,1150.0,869.0,694.0,1252.0,1203.0,1.6,,7.3,237.0,127.0,12.0,67.5,0.9413
2005-01-06 23:00:00,1145.0,806.0,736.0,1207.0,1120.0,1.7,,5.9,199.0,112.0,10.5,72.0,0.912
2005-01-07 00:00:00,1041.0,729.0,819.0,1130.0,972.0,1.3,,4.3,164.0,98.0,10.0,70.9,0.8706
2005-01-07 01:00:00,1032.0,687.0,867.0,1109.0,878.0,1.4,,3.6,142.0,89.0,9.8,70.7,0.8571
2005-01-07 02:00:00,1010.0,661.0,881.0,1100.0,853.0,1.2,,3.1,142.0,82.0,8.0,75.0,0.8098
2005-01-07 03:00:00,951.0,620.0,938.0,1077.0,779.0,1.0,,2.5,,,7.9,75.1,0.805
2005-01-07 04:00:00,944.0,617.0,944.0,1039.0,766.0,1.0,,2.5,127.0,77.0,7.0,77.3,0.7782
2005-01-07 05:00:00,862.0,540.0,1110.0,999.0,670.0,0.6,,1.4,73.0,55.0,7.2,74.4,0.7581
2005-01-07 06:00:00,909.0,567.0,1049.0,993.0,694.0,0.7,,1.8,100.0,63.0,6.7,75.0,0.7418
2005-01-07 07:00:00,965.0,659.0,973.0,1059.0,739.0,1.0,,3.1,126.0,69.0,6.4,76.3,0.7389
2005-01-07 08:00:00,1102.0,884.0,719.0,1218.0,940.0,1.7,,7.6,284.0,99.0,6.0,78.5,0.7377
2005-01-07 09:00:00,1226.0,1157.0,552.0,1464.0,1201.0,3.0,,15.3,419.0,125.0,6.3,77.4,0.7452
2005-01-07 10:00:00,1132.0,950.0,659.0,1253.0,1106.0,2.4,,9.3,432.0,123.0,7.7,73.8,0.7769
2005-01-07 11:00:00,1183.0,1013.0,632.0,1306.0,1186.0,2.2,,11.0,310.0,128.0,10.2,61.5,0.7638
2005-01-07 12:00:00,1211.0,998.0,605.0,1298.0,1302.0,2.6,,10.6,446.0,149.0,11.3,58.1,0.7743
2005-01-07 13:00:00,1253.0,1030.0,590.0,1351.0,1368.0,2.5,,11.4,464.0,137.0,10.6,62.3,0.7981
2005-01-07 14:00:00,1311.0,1088.0,563.0,1402.0,1452.0,3.0,,13.1,505.0,147.0,11.1,62.0,0.8199
2005-01-07 15:00:00,1341.0,1142.0,536.0,1454.0,1537.0,3.3,,14.8,564.0,168.0,12.6,57.7,0.8387
2005-01-07 16:00:00,1432.0,1195.0,509.0,1513.0,1651.0,3.8,,16.5,625.0,180.0,13.3,56.2,0.8548
2005-01-07 17:00:00,1404.0,1195.0,499.0,1501.0,1623.0,3.6,,16.5,590.0,170.0,11.2,65.3,0.8639
2005-01-07 18:00:00,1493.0,1337.0,466.0,1638.0,1742.0,5.0,,21.5,712.0,180.0,8.8,74.6,0.8434
2005-01-07 19:00:00,1478.0,1357.0,473.0,1652.0,1639.0,5.7,,22.2,723.0,178.0,7.2,78.5,0.803
2005-01-07 20:00:00,1411.0,1311.0,487.0,1589.0,1537.0,5.0,,20.5,707.0,159.0,6.5,80.0,0.7789
2005-01-07 21:00:00,1387.0,1231.0,523.0,1487.0,1463.0,4.8,,17.7,737.0,156.0,5.8,83.8,0.7768
2005-01-07 22:00:00,1306.0,1161.0,557.0,1407.0,1379.0,3.9,,15.4,646.0,146.0,5.5,83.5,0.7619
2005-01-07 23:00:00,1232.0,1035.0,623.0,1296.0,1256.0,3.3,,11.6,536.0,132.0,5.8,81.3,0.7568
2005-01-08 00:00:00,1277.0,1085.0,589.0,1329.0,1344.0,3.4,,13.0,567.0,137.0,5.4,82.6,0.7495
2005-01-08 01:00:00,1063.0,843.0,762.0,1125.0,1089.0,2.4,,6.7,357.0,114.0,6.4,76.3,0.7369
2005-01-08 02:00:00,991.0,744.0,863.0,1069.0,949.0,1.4,,4.6,187.0,95.0,7.0,73.6,0.7417
2005-01-08 03:00:00,989.0,701.0,871.0,1049.0,933.0,1.4,,3.8,,,7.2,72.3,0.7392
2005-01-08 04:00:00,972.0,674.0,926.0,1032.0,882.0,1.2,,3.4,169.0,88.0,7.9,69.3,0.7413
2005-01-08 05:00:00,973.0,675.0,903.0,1029.0,905.0,1.2,,3.4,184.0,94.0,7.4,71.7,0.7434
2005-01-08 06:00:00,985.0,691.0,878.0,1056.0,902.0,1.2,,3.6,205.0,97.0,7.7,71.9,0.7575
2005-01-08 07:00:00,1020.0,736.0,854.0,1069.0,923.0,1.3,,4.5,213.0,93.0,8.1,68.0,0.7396
2005-01-08 08:00:00,1192.0,978.0,638.0,1273.0,1210.0,2.3,,10.0,415.0,113.0,6.7,77.1,0.7597
2005-01-08 09:00:00,1325.0,1140.0,542.0,1403.0,1468.0,3.4,,14.7,583.0,126.0,6.8,77.9,0.7756
2005-01-08 10:00:00,1219.0,1026.0,604.0,1311.0,1329.0,3.0,,11.3,462.0,133.0,8.9,66.7,0.7634
2005-01-08 11:00:00,1195.0,992.0,632.0,1251.0,1295.0,2.5,,10.4,387.0,141.0,11.6,54.1,0.7387
2005-01-08 12:00:00,1230.0,1020.0,605.0,1301.0,1365.0,2.7,,11.2,414.0,139.0,13.5,49.4,0.7598
2005-01-08 13:00:00,1312.0,1087.0,567.0,1393.0,1452.0,2.8,,13.1,440.0,147.0,13.8,50.9,0.796
2005-01-08 14:00:00,1387.0,1127.0,530.0,1430.0,1615.0,3.6,,14.3,516.0,175.0,13.4,55.9,0.8588
2005-01-08 15:00:00,1375.0,1076.0,555.0,1377.0,1599.0,3.1,,12.8,495.0,180.0,12.9,59.0,0.8736
2005-01-08 16:00:00,1532.0,1265.0,482.0,1578.0,1777.0,4.3,,18.9,643.0,194.0,13.3,59.0,0.8945
2005-01-08 17:00:00,1531.0,1235.0,484.0,1541.0,1742.0,4.6,,17.9,725.0,192.0,13.0,61.9,0.9224
2005-01-08 18:00:00,1479.0,1196.0,498.0,1511.0,1739.0,4.3,,16.5,683.0,188.0,12.5,63.6,0.9193
2005-01-08 19:00:00,1521.0,1208.0,497.0,1549.0,1770.0,4.3,,16.9,681.0,179.0,12.2,65.8,0.931
2005-01-08 20:00:00,1616.0,1363.0,442.0,1701.0,1918.0,5.5,,22.4,833.0,196.0,12.6,65.2,0.9474
2005-01-08 21:00:00,1371.0,1105.0,553.0,1429.0,1581.0,3.4,,13.6,514.0,169.0,13.3,63.6,0.9681
2005-01-08 22:00:00,1198.0,943.0,647.0,1307.0,1291.0,2.4,,9.1,371.0,151.0,13.5,62.6,0.9644
2005-01-08 23:00:00,1102.0,813.0,764.0,1204.0,1000.0,1.6,,6.0,213.0,123.0,14.1,59.6,0.9563
2005-01-09 00:00:00,1120.0,826.0,750.0,1222.0,974.0,1.7,,6.3,242.0,127.0,14.0,61.4,0.9773
2005-01-09 01:00:00,1093.0,789.0,771.0,1206.0,949.0,1.6,,5.5,241.0,127.0,13.5,63.4,0.9755
2005-01-09 02:00:00,1112.0,791.0,764.0,1216.0,934.0,1.3,,5.6,218.0,118.0,13.2,64.2,0.9706
2005-01-09 03:00:00,986.0,674.0,883.0,1137.0,730.0,0.8,,3.4,,,13.6,62.2,0.9643
2005-01-09 04:00:00,934.0,609.0,976.0,1094.0,581.0,,,2.3,70.0,55.0,13.7,61.1,0.9537
2005-01-09 05:00:00,919.0,571.0,1017.0,1082.0,521.0,0.6,,1.8,54.0,44.0,13.5,63.8,0.9801
2005-01-09 06:00:00,929.0,556.0,1035.0,1094.0,575.0,0.6,,1.6,60.0,46.0,12.5,67.3,0.9743
2005-01-09 07:00:00,919.0,552.0,1063.0,1080.0,522.0,0.5,,1.6,55.0,46.0,13.2,64.2,0.9664
2005-01-09 08:00:00,944.0,586.0,977.0,1090.0,586.0,0.6,,2.0,93.0,61.0,13.1,63.4,0.9535
2005-01-09 09:00:00,943.0,580.0,980.0,1074.0,566.0,0.7,,1.9,81.0,60.0,13.8,60.5,0.9526
2005-01-09 10:00:00,1036.0,683.0,846.0,1144.0,693.0,0.9,,3.5,109.0,71.0,13.7,60.4,0.939
2005-01-09 11:00:00,1168.0,797.0,698.0,1235.0,1022.0,1.5,,5.7,251.0,111.0,14.0,59.7,0.9495
2005-01-09 12:00:00,1232.0,903.0,626.0,1313.0,1152.0,1.9,,8.1,284.0,127.0,15.0,56.2,0.9539
2005-01-09 13:00:00,1236.0,901.0,628.0,1311.0,1108.0,1.9,,8.1,262.0,128.0,16.9,50.9,0.9714
2005-01-09 14:00:00,1278.0,1070.0,557.0,1479.0,1110.0,2.2,,12.6,256.0,142.0,16.6,52.4,0.981
2005-01-09 15:00:00,1369.0,1242.0,476.0,1669.0,1306.0,3.8,,18.1,310.0,145.0,16.4,53.2,0.9826
2005-01-09 16:00:00,1182.0,929.0,648.0,1324.0,1029.0,2.0,,8.7,269.0,145.0,16.1,52.8,0.9579
2005-01-09 17:00:00,1210.0,933.0,648.0,1327.0,1094.0,2.2,,8.8,348.0,156.0,15.7,54.4,0.9616
2005-01-09 18:00:00,1316.0,1121.0,548.0,1488.0,1282.0,3.3,,14.1,396.0,154.0,15.4,55.3,0.9616
2005-01-09 19:00:00,1221.0,952.0,641.0,1334.0,1147.0,2.7,,9.3,432.0,165.0,15.2,54.7,0.9362
2005-01-09 20:00:00,1260.0,1034.0,588.0,1402.0,1208.0,2.6,,11.6,419.0,153.0,14.7,56.6,0.9392
2005-01-09 21:00:00,1231.0,962.0,625.0,1348.0,1192.0,2.5,,9.6,412.0,151.0,14.4,58.2,0.9495
2005-01-09 22:00:00,1115.0,804.0,734.0,1220.0,1136.0,1.5,,5.8,223.0,131.0,14.3,59.2,0.9608
2005-01-09 23:00:00,1180.0,877.0,680.0,1297.0,1131.0,1.9,,7.5,242.0,128.0,14.0,60.4,0.9622
2005-01-10 00:00:00,1174.0,873.0,672.0,1300.0,1071.0,2.0,,7.4,288.0,137.0,13.7,63.6,0.9912
2005-01-10 01:00:00,1178.0,876.0,666.0,1319.0,1059.0,1.7,,7.4,209.0,119.0,13.1,68.7,1.0329
2005-01-10 02:00:00,1052.0,704.0,807.0,1210.0,909.0,1.2,,3.9,141.0,96.0,13.2,69.9,1.0526
2005-01-10 03:00:00,998.0,591.0,937.0,1147.0,820.0,0.9,,2.1,,,12.8,71.2,1.0454
2005-01-10 04:00:00,960.0,532.0,1059.0,1122.0,724.0,0.6,,1.3,66.0,60.0,12.9,70.4,1.0444
2005-01-10 05:00:00,958.0,571.0,998.0,1138.0,707.0,,,1.8,64.0,54.0,12.4,72.5,1.0411
2005-01-10 06:00:00,989.0,650.0,900.0,1171.0,768.0,,,3.0,105.0,66.0,13.0,70.3,1.0502
2005-01-10 07:00:00,1162.0,843.0,685.0,1336.0,1027.0,0.4,,6.7,303.0,104.0,12.3,73.3,1.0448
2005-01-10 08:00:00,1523.0,1324.0,451.0,1776.0,1502.0,2.6,,21.0,620.0,137.0,12.8,71.8,1.0551
2005-01-10 09:00:00,1511.0,1334.0,433.0,1804.0,1606.0,3.5,,21.4,590.0,146.0,13.1,70.2,1.0567
2005-01-10 10:00:00,1420.0,1183.0,488.0,1626.0,1520.0,2.1,,16.1,592.0,136.0,12.8,71.8,1.0551
2005-01-10 11:00:00,1413.0,1193.0,484.0,1598.0,1566.0,2.1,,16.4,698.0,144.0,13.1,70.3,1.0566
2005-01-10 12:00:00,1335.0,1141.0,512.0,1536.0,1501.0,1.7,,14.8,482.0,133.0,13.7,67.0,1.0446
2005-01-10 13:00:00,1451.0,1298.0,452.0,1744.0,1634.0,2.6,,20.1,575.0,148.0,14.0,65.4,1.0427
2005-01-10 14:00:00,1410.0,1276.0,459.0,1701.0,1587.0,2.6,,19.3,548.0,155.0,14.4,63.8,1.0421
2005-01-10 15:00:00,1429.0,1277.0,456.0,1721.0,1560.0,2.4,,19.3,498.0,152.0,14.1,65.9,1.0531
2005-01-10 16:00:00,1409.0,1223.0,475.0,1640.0,1538.0,2.4,,17.4,479.0,145.0,14.1,65.9,1.0552
2005-01-10 17:00:00,1372.0,1210.0,484.0,1629.0,1491.0,2.0,,17.0,420.0,139.0,14.1,66.0,1.0539
2005-01-10 18:00:00,1366.0,1213.0,489.0,1611.0,1469.0,2.0,,17.1,378.0,134.0,14.0,66.4,1.0536
2005-01-10 19:00:00,1365.0,1192.0,492.0,1593.0,1486.0,3.1,,16.4,340.0,128.0,13.8,66.4,1.0451
2005-01-10 20:00:00,1385.0,1218.0,478.0,1620.0,1494.0,3.3,,17.3,399.0,135.0,13.4,68.1,1.0441
2005-01-10 21:00:00,1361.0,1137.0,503.0,1526.0,1471.0,3.3,,14.6,449.0,136.0,13.2,69.1,1.0452
2005-01-10 22:00:00,1312.0,1047.0,545.0,1430.0,1399.0,2.6,,11.9,374.0,126.0,13.0,70.0,1.042
2005-01-10 23:00:00,1177.0,871.0,660.0,1292.0,1192.0,1.7,,7.3,244.0,116.0,12.7,69.9,1.0223
2005-01-11 00:00:00,1205.0,888.0,647.0,1292.0,1187.0,1.8,,7.7,256.0,116.0,12.0,71.9,1.0071
2005-01-11 01:00:00,1114.0,757.0,744.0,1204.0,1070.0,1.5,,4.9,212.0,107.0,13.2,66.8,1.0087
2005-01-11 02:00:00,1047.0,708.0,816.0,1167.0,949.0,1.1,,3.9,146.0,91.0,12.4,69.5,0.9986
2005-01-11 03:00:00,982.0,592.0,953.0,1106.0,830.0,0.9,,2.1,,,13.1,65.7,0.9858
2005-01-11 04:00:00,992.0,644.0,899.0,1128.0,854.0,0.7,,2.9,96.0,70.0,11.8,70.6,0.9731
2005-01-11 05:00:00,977.0,629.0,908.0,1129.0,835.0,0.7,,2.6,106.0,78.0,12.3,68.0,0.9734
2005-01-11 06:00:00,1047.0,671.0,863.0,1147.0,887.0,0.9,,3.3,115.0,75.0,12.0,69.2,0.9697
2005-01-11 07:00:00,1126.0,775.0,760.0,1205.0,1019.0,1.3,,5.2,236.0,101.0,11.7,69.8,0.9612
2005-01-11 08:00:00,1474.0,1268.0,502.0,1677.0,1503.0,3.2,,19.0,583.0,136.0,12.1,67.6,0.95
2005-01-11 09:00:00,1526.0,1466.0,415.0,1855.0,1687.0,5.1,,26.5,662.0,147.0,12.5,65.1,0.9399
2005-01-11 10:00:00,1386.0,1158.0,518.0,1485.0,1553.0,3.7,,15.3,528.0,143.0,12.8,62.5,0.9213
2005-01-11 11:00:00,1392.0,1166.0,519.0,1488.0,1624.0,3.2,,15.6,549.0,153.0,13.4,59.9,0.9143
2005-01-11 12:00:00,1363.0,1192.0,499.0,1501.0,1637.0,3.1,,16.4,531.0,148.0,13.4,57.9,0.8895
2005-01-11 13:00:00,1331.0,1184.0,507.0,1508.0,1533.0,3.0,,16.1,493.0,149.0,13.6,56.4,0.8754
2005-01-11 14:00:00,1401.0,1261.0,479.0,1580.0,1577.0,3.6,,18.8,527.0,141.0,13.8,56.3,0.8841
2005-01-11 15:00:00,1374.0,1239.0,483.0,1569.0,1532.0,3.2,,18.0,487.0,147.0,13.7,57.9,0.9063
2005-01-11 16:00:00,1436.0,1299.0,451.0,1616.0,1621.0,3.9,,20.1,581.0,159.0,13.6,58.9,0.9139
2005-01-11 17:00:00,1386.0,1228.0,479.0,1546.0,1578.0,3.4,,17.6,531.0,152.0,13.4,59.7,0.9142
2005-01-11 18:00:00,1419.0,1277.0,459.0,1603.0,1631.0,3.9,,19.3,495.0,144.0,13.3,61.2,0.933
2005-01-11 19:00:00,1428.0,1288.0,465.0,1580.0,1629.0,3.6,,19.7,487.0,146.0,13.2,61.8,0.9313
2005-01-11 20:00:00,1508.0,1416.0,418.0,1773.0,1733.0,4.7,,24.5,596.0,162.0,12.9,61.5,0.9139
2005-01-11 21:00:00,1438.0,1251.0,470.0,1593.0,1622.0,4.1,,18.4,595.0,156.0,12.6,63.9,0.9307
2005-01-11 22:00:00,1415.0,1197.0,486.0,1539.0,1597.0,3.4,,16.6,559.0,146.0,12.0,67.4,0.9417
2005-01-11 23:00:00,1433.0,1186.0,479.0,1497.0,1738.0,3.5,,16.2,586.0,151.0,11.9,69.0,0.9568
2005-01-12 00:00:00,1208.0,964.0,602.0,1305.0,1350.0,1.2,,9.6,399.0,127.0,12.0,66.6,0.9293
2005-01-12 01:00:00,1280.0,1029.0,564.0,1366.0,1363.0,2.4,,11.4,399.0,123.0,11.4,69.6,0.9373
2005-01-12 02:00:00,1174.0,942.0,626.0,1296.0,1262.0,2.1,,9.1,381.0,122.0,11.2,70.3,0.9323
2005-01-12 03:00:00,1022.0,729.0,803.0,1139.0,1034.0,1.1,,4.3,,,11.5,68.2,0.9271
2005-01-12 04:00:00,1002.0,722.0,807.0,1161.0,998.0,,,4.2,162.0,85.0,10.7,71.3,0.9161
2005-01-12 05:00:00,1018.0,746.0,800.0,1171.0,958.0,1.0,,4.7,183.0,83.0,10.0,74.8,0.9161
2005-01-12 06:00:00,1095.0,868.0,676.0,1241.0,1078.0,1.4,,7.3,357.0,98.0,9.2,78.5,0.9143
2005-01-12 07:00:00,1182.0,951.0,634.0,1327.0,1143.0,1.8,,9.3,479.0,109.0,8.8,79.4,0.9033
2005-01-12 08:00:00,1478.0,1234.0,470.0,1606.0,1551.0,3.8,,17.8,852.0,138.0,8.7,79.4,0.8944
2005-01-12 09:00:00,1515.0,1298.0,434.0,1706.0,1669.0,4.1,,20.1,822.0,138.0,8.9,76.5,0.8767
2005-01-12 10:00:00,1488.0,1286.0,452.0,1648.0,1766.0,4.4,,19.6,910.0,170.0,9.9,73.3,0.8936
2005-01-12 11:00:00,1383.0,1196.0,497.0,1514.0,1717.0,3.5,,16.5,800.0,191.0,11.8,65.5,0.901
2005-01-12 12:00:00,1383.0,1218.0,497.0,1506.0,1738.0,3.5,,17.3,758.0,196.0,13.0,60.9,0.9061
2005-01-12 13:00:00,1337.0,1231.0,505.0,1518.0,1611.0,3.8,,17.7,647.0,185.0,14.7,52.3,0.8687
2005-01-12 14:00:00,1243.0,1155.0,546.0,1473.0,1398.0,3.1,,15.2,431.0,156.0,15.1,49.6,0.8428
2005-01-12 15:00:00,1304.0,1244.0,507.0,1558.0,1497.0,3.4,,18.2,491.0,173.0,15.7,48.8,0.8657
2005-01-12 16:00:00,1284.0,1216.0,522.0,1545.0,1415.0,3.3,,17.2,476.0,166.0,15.8,48.9,0.8707
2005-01-12 17:00:00,1303.0,1226.0,521.0,1554.0,1457.0,3.4,,17.6,538.0,173.0,14.6,54.0,0.8946
2005-01-12 18:00:00,1461.0,1440.0,440.0,1806.0,1669.0,4.7,,25.4,621.0,177.0,14.3,56.3,0.9119
2005-01-12 19:00:00,1517.0,1512.0,421.0,1902.0,1740.0,5.7,,28.4,728.0,182.0,14.1,57.8,0.9262
2005-01-12 20:00:00,1526.0,1492.0,428.0,1883.0,1770.0,5.6,,27.5,716.0,166.0,13.1,62.9,0.943
2005-01-12 21:00:00,1495.0,1386.0,457.0,1736.0,1734.0,5.9,,23.3,782.0,177.0,12.0,67.5,0.9467
2005-01-12 22:00:00,1333.0,1154.0,534.0,1441.0,1647.0,3.6,,15.2,550.0,158.0,10.7,70.9,0.9113
2005-01-12 23:00:00,1216.0,1020.0,605.0,1337.0,1379.0,2.5,,11.1,377.0,133.0,10.0,73.2,0.8988
2005-01-13 00:00:00,1232.0,1032.0,599.0,1347.0,1331.0,2.9,,11.5,391.0,123.0,9.4,75.0,0.8874
2005-01-13 01:00:00,1181.0,985.0,629.0,1312.0,1240.0,2.5,,10.2,433.0,120.0,8.5,76.9,0.8557
2005-01-13 02:00:00,1042.0,814.0,746.0,1167.0,1036.0,1.7,,6.0,287.0,105.0,8.4,75.9,0.8407
2005-01-13 03:00:00,1027.0,824.0,753.0,1171.0,969.0,1.6,,6.3,,,6.9,80.7,0.8054
2005-01-13 04:00:00,915.0,695.0,883.0,1094.0,826.0,1.1,,3.7,192.0,86.0,6.2,82.1,0.7825
2005-01-13 05:00:00,891.0,666.0,931.0,1058.0,798.0,0.9,,3.2,161.0,77.0,7.0,77.3,0.7759
2005-01-13 06:00:00,937.0,694.0,915.0,1054.0,817.0,1.0,,3.7,194.0,81.0,6.5,79.7,0.7751
2005-01-13 07:00:00,1086.0,901.0,715.0,1216.0,1055.0,1.6,,8.0,343.0,103.0,7.7,76.8,0.8112
2005-01-13 08:00:00,1326.0,1190.0,531.0,1509.0,1391.0,3.1,,16.3,624.0,127.0,8.2,74.9,0.8184
2005-01-13 09:00:00,1469.0,1403.0,452.0,1780.0,1665.0,4.1,,24.0,758.0,134.0,8.8,73.2,0.8298
2005-01-13 10:00:00,1321.0,1170.0,532.0,1488.0,1539.0,3.9,,15.7,760.0,158.0,9.7,70.1,0.8432
2005-01-13 11:00:00,1396.0,1196.0,524.0,1492.0,1653.0,3.6,,16.5,713.0,175.0,11.7,62.7,0.8586
2005-01-13 12:00:00,1270.0,1077.0,583.0,1353.0,1586.0,3.2,,12.8,615.0,178.0,13.1,58.5,0.877
2005-01-13 13:00:00,1189.0,1025.0,626.0,1316.0,1332.0,2.2,,11.3,319.0,135.0,14.2,54.1,0.8707
2005-01-13 14:00:00,1227.0,1081.0,570.0,1396.0,1369.0,2.4,,12.9,338.0,133.0,14.2,54.3,0.8757
2005-01-13 15:00:00,1266.0,1118.0,564.0,1410.0,1373.0,2.7,,14.1,380.0,134.0,14.0,56.3,0.894
2005-01-13 16:00:00,1277.0,1175.0,531.0,1480.0,1397.0,2.7,,15.8,366.0,137.0,13.5,57.8,0.8933
2005-01-13 17:00:00,1438.0,1295.0,470.0,1620.0,1577.0,3.9,,19.9,567.0,160.0,12.3,63.0,0.9015
2005-01-13 18:00:00,1523.0,1470.0,414.0,1811.0,1783.0,5.2,,26.6,702.0,166.0,11.4,68.0,0.9166
2005-01-13 19:00:00,1384.0,1290.0,475.0,1571.0,1568.0,4.0,,19.8,523.0,144.0,10.8,69.5,0.8995
2005-01-13 20:00:00,1283.0,1093.0,581.0,1354.0,1356.0,2.9,,13.3,373.0,129.0,11.0,67.1,0.8766
2005-01-13 21:00:00,1304.0,1085.0,571.0,1385.0,1419.0,3.3,,13.0,467.0,129.0,9.5,71.3,0.8458
2005-01-13 22:00:00,1126.0,880.0,690.0,1202.0,1177.0,2.0,,7.5,260.0,107.0,8.8,71.0,0.8089
2005-01-13 23:00:00,1141.0,892.0,686.0,1213.0,1141.0,1.8,,7.8,244.0,101.0,8.0,73.4,0.7899
2005-01-14 00:00:00,1183.0,930.0,669.0,1210.0,1179.0,2.7,,8.8,317.0,112.0,7.6,73.0,0.7629
2005-01-14 01:00:00,1090.0,830.0,744.0,1125.0,1056.0,1.8,,6.4,224.0,98.0,7.1,73.9,0.7515
2005-01-14 02:00:00,1032.0,736.0,809.0,1064.0,973.0,1.3,,4.5,176.0,90.0,7.1,73.5,0.7439
2005-01-14 03:00:00,940.0,691.0,877.0,1036.0,827.0,1.0,,3.6,,,6.7,75.0,0.739
2005-01-14 04:00:00,981.0,721.0,866.0,1059.0,836.0,1.1,,4.2,103.0,59.0,5.1,81.3,0.7204
2005-01-14 05:00:00,1104.0,851.0,687.0,1101.0,1085.0,1.6,,6.9,367.0,98.0,4.3,82.9,0.6968
2005-01-14 06:00:00,989.0,762.0,793.0,1076.0,959.0,1.3,,5.0,326.0,109.0,5.3,80.4,0.7234
2005-01-14 07:00:00,1079.0,869.0,732.0,1160.0,1039.0,1.4,,7.3,374.0,110.0,5.7,79.3,0.7326
2005-01-14 08:00:00,1472.0,1418.0,459.0,1681.0,1554.0,5.0,,24.5,756.0,159.0,6.8,74.8,0.7423
2005-01-14 09:00:00,1313.0,1206.0,513.0,1469.0,1546.0,4.3,,16.9,690.0,144.0,6.9,75.2,0.7505
2005-01-14 10:00:00,1363.0,1229.0,515.0,1490.0,1638.0,4.1,,17.7,754.0,147.0,8.0,71.9,0.7712
2005-01-14 11:00:00,1347.0,1212.0,527.0,1443.0,1568.0,3.8,,17.1,750.0,179.0,9.3,67.1,0.7849
2005-01-14 12:00:00,1240.0,1140.0,567.0,1388.0,1433.0,3.1,,14.7,590.0,164.0,10.2,63.6,0.7928
2005-01-14 13:00:00,1280.0,1222.0,526.0,1519.0,1452.0,3.3,,17.4,525.0,160.0,11.0,60.9,0.7966
2005-01-14 14:00:00,1210.0,1151.0,569.0,1428.0,1345.0,3.1,,15.1,406.0,143.0,11.3,60.1,0.8022
2005-01-14 15:00:00,1216.0,1134.0,566.0,1403.0,1336.0,2.7,,14.5,360.0,138.0,12.2,56.9,0.8068
2005-01-14 16:00:00,1320.0,1207.0,535.0,1498.0,1442.0,3.4,,16.9,448.0,143.0,11.9,59.1,0.8211
2005-01-14 17:00:00,1477.0,1412.0,450.0,1704.0,1748.0,5.0,,24.3,733.0,196.0,10.3,66.3,0.8286
2005-01-14 18:00:00,1500.0,1458.0,428.0,1750.0,1776.0,5.7,,26.1,847.0,197.0,8.2,74.9,0.8187
2005-01-14 19:00:00,1512.0,1463.0,435.0,1720.0,1802.0,5.8,,26.4,765.0,189.0,7.9,77.1,0.8223
2005-01-14 20:00:00,1496.0,1447.0,435.0,1710.0,1796.0,5.8,,25.7,715.0,188.0,8.3,75.0,0.8253
2005-01-14 21:00:00,1360.0,1246.0,513.0,1504.0,1600.0,5.0,,18.2,716.0,190.0,8.2,75.2,0.8185
2005-01-14 22:00:00,1024.0,819.0,782.0,1101.0,1083.0,1.7,,6.2,235.0,126.0,8.3,69.7,0.7632
2005-01-14 23:00:00,1094.0,845.0,780.0,1127.0,1064.0,1.6,,6.7,198.0,113.0,6.7,74.4,0.7344
2005-01-15 00:00:00,1111.0,877.0,735.0,1142.0,1104.0,2.3,,7.5,293.0,129.0,6.4,74.9,0.7238
2005-01-15 01:00:00,1097.0,878.0,737.0,1140.0,1053.0,2.4,,7.5,356.0,128.0,4.9,80.1,0.7011
2005-01-15 02:00:00,1051.0,820.0,778.0,1087.0,1009.0,2.0,,6.2,285.0,122.0,4.8,79.4,0.6872
2005-01-15 03:00:00,979.0,767.0,827.0,1041.0,908.0,1.6,,5.1,,,3.3,82.6,0.645
2005-01-15 04:00:00,978.0,756.0,834.0,1015.0,878.0,,,4.8,266.0,115.0,2.4,86.6,0.6369
2005-01-15 05:00:00,902.0,659.0,940.0,972.0,800.0,1.1,,3.1,158.0,92.0,3.4,81.4,0.6425
2005-01-15 06:00:00,957.0,641.0,1013.0,940.0,784.0,1.0,,2.8,95.0,70.0,4.2,77.0,0.6439
2005-01-15 07:00:00,973.0,728.0,902.0,1004.0,854.0,1.3,,4.3,148.0,83.0,3.5,80.8,0.6406
2005-01-15 08:00:00,1074.0,967.0,703.0,1201.0,1065.0,1.9,,9.7,337.0,127.0,3.5,80.3,0.6366
2005-01-15 09:00:00,1115.0,1012.0,650.0,1230.0,1161.0,2.6,,10.9,453.0,142.0,4.0,78.5,0.645
2005-01-15 10:00:00,1136.0,1001.0,653.0,1216.0,1192.0,2.7,,10.6,497.0,155.0,4.5,76.6,0.6534
2005-01-15 11:00:00,1128.0,977.0,673.0,1199.0,1202.0,2.4,,10.0,448.0,153.0,5.6,72.3,0.6627
2005-01-15 12:00:00,1196.0,1035.0,633.0,1259.0,1338.0,2.7,,11.6,496.0,177.0,7.5,64.4,0.672
2005-01-15 13:00:00,1267.0,1166.0,567.0,1382.0,1505.0,3.1,,15.6,535.0,179.0,8.9,60.8,0.6921
2005-01-15 14:00:00,1355.0,1244.0,536.0,1454.0,1715.0,4.4,,18.1,644.0,212.0,10.6,55.3,0.7058
2005-01-15 15:00:00,1194.0,1061.0,622.0,1257.0,1473.0,3.2,,12.3,459.0,182.0,12.3,46.3,0.6597
2005-01-15 16:00:00,1188.0,1029.0,635.0,1243.0,1433.0,2.9,,11.4,409.0,168.0,12.2,47.0,0.6686
2005-01-15 17:00:00,1279.0,1154.0,573.0,1391.0,1544.0,3.0,,15.2,515.0,179.0,10.5,55.1,0.6993
2005-01-15 18:00:00,1361.0,1223.0,525.0,1454.0,1648.0,3.7,,17.4,640.0,182.0,8.7,66.3,0.7491
2005-01-15 19:00:00,1474.0,1319.0,496.0,1524.0,1784.0,5.2,,20.8,816.0,194.0,7.9,69.9,0.7487
2005-01-15 20:00:00,1235.0,1078.0,616.0,1265.0,1519.0,3.3,,12.8,505.0,166.0,7.6,65.3,0.6842
2005-01-15 21:00:00,1289.0,1140.0,590.0,1317.0,1532.0,3.6,,14.7,560.0,168.0,6.5,67.6,0.6608
2005-01-15 22:00:00,1124.0,910.0,717.0,1112.0,1340.0,2.3,,8.3,389.0,148.0,5.9,66.4,0.6226
2005-01-15 23:00:00,1231.0,1017.0,655.0,1207.0,1414.0,3.0,,11.1,492.0,151.0,5.2,70.0,0.6232
2005-01-16 00:00:00,1289.0,1104.0,623.0,1257.0,1499.0,3.8,,13.6,531.0,165.0,5.2,67.8,0.6028
2005-01-16 01:00:00,1166.0,970.0,705.0,1136.0,1306.0,3.2,,9.8,487.0,165.0,4.9,67.1,0.5863
2005-01-16 02:00:00,1062.0,884.0,748.0,1062.0,1172.0,2.1,,7.6,293.0,128.0,5.1,65.5,0.5811
2005-01-16 03:00:00,1028.0,813.0,794.0,1019.0,1076.0,1.7,,6.0,,,4.0,69.5,0.5706
2005-01-16 04:00:00,1003.0,807.0,819.0,1021.0,1005.0,1.7,,5.9,219.0,115.0,3.7,68.9,0.5549
2005-01-16 05:00:00,929.0,721.0,923.0,956.0,913.0,1.4,,4.2,198.0,120.0,4.5,62.7,0.5343
2005-01-16 06:00:00,951.0,737.0,910.0,977.0,922.0,1.2,,4.5,166.0,106.0,4.7,62.3,0.5368
2005-01-16 07:00:00,1011.0,783.0,835.0,1013.0,1026.0,1.4,,5.4,255.0,118.0,3.9,67.1,0.5483
2005-01-16 08:00:00,939.0,751.0,898.0,984.0,952.0,1.4,,4.8,312.0,156.0,5.7,54.5,0.5034
2005-01-16 09:00:00,946.0,827.0,876.0,1037.0,915.0,1.7,,6.3,236.0,130.0,6.1,50.3,0.4769
2005-01-16 10:00:00,841.0,625.0,1054.0,846.0,687.0,1.0,,2.6,172.0,112.0,9.0,39.5,0.4554
2005-01-16 11:00:00,850.0,629.0,1076.0,847.0,597.0,1.0,,2.6,138.0,96.0,10.7,34.4,0.4406
2005-01-16 12:00:00,831.0,602.0,1123.0,824.0,527.0,0.8,,2.2,121.0,89.0,11.1,33.4,0.4401
2005-01-16 13:00:00,866.0,652.0,1060.0,857.0,573.0,1.0,,3.0,143.0,98.0,11.9,30.8,0.4285
2005-01-16 14:00:00,819.0,576.0,1142.0,809.0,492.0,0.8,,1.9,114.0,85.0,11.4,32.0,0.431
2005-01-16 15:00:00,833.0,584.0,1144.0,821.0,463.0,0.7,,2.0,107.0,80.0,11.3,32.5,0.4334
2005-01-16 16:00:00,877.0,642.0,1037.0,859.0,565.0,1.1,,2.8,176.0,112.0,11.0,33.0,0.4331
2005-01-16 17:00:00,892.0,668.0,1017.0,872.0,632.0,1.1,,3.3,180.0,121.0,10.3,35.0,0.4377
2005-01-16 18:00:00,899.0,674.0,1002.0,893.0,691.0,1.2,,3.4,212.0,132.0,8.4,40.9,0.4542
2005-01-16 19:00:00,1008.0,861.0,839.0,977.0,943.0,2.0,,7.1,331.0,160.0,8.3,38.5,0.4228
2005-01-16 20:00:00,1013.0,873.0,820.0,984.0,985.0,2.2,,7.4,369.0,167.0,8.1,37.9,0.41
2005-01-16 21:00:00,912.0,730.0,959.0,893.0,821.0,1.5,,4.3,274.0,157.0,7.7,39.0,0.4106
2005-01-16 22:00:00,907.0,705.0,995.0,880.0,767.0,1.2,,3.9,199.0,130.0,7.0,41.5,0.4193
2005-01-16 23:00:00,953.0,771.0,905.0,936.0,895.0,1.5,,5.2,248.0,145.0,6.6,42.6,0.4179
2005-01-17 00:00:00,916.0,701.0,954.0,899.0,791.0,1.4,,3.8,197.0,133.0,6.4,44.2,0.428
2005-01-17 01:00:00,894.0,682.0,991.0,881.0,770.0,1.2,,3.5,147.0,110.0,6.0,46.0,0.4349
2005-01-17 02:00:00,895.0,648.0,1001.0,875.0,839.0,1.0,,2.9,135.0,100.0,4.4,53.1,0.4484
2005-01-17 03:00:00,845.0,534.0,1168.0,833.0,721.0,0.6,,1.4,,,4.0,54.3,0.4454
2005-01-17 04:00:00,837.0,512.0,1228.0,836.0,720.0,0.7,,1.1,95.0,79.0,3.7,55.8,0.4489
2005-01-17 05:00:00,795.0,504.0,1258.0,840.0,682.0,0.5,,1.0,94.0,79.0,2.6,58.6,0.4385
2005-01-17 06:00:00,874.0,552.0,1162.0,857.0,723.0,0.7,,1.6,121.0,90.0,3.2,56.0,0.4364
2005-01-17 07:00:00,920.0,667.0,1005.0,916.0,813.0,1.0,,3.2,131.0,95.0,3.6,55.4,0.4419
2005-01-17 08:00:00,1257.0,1176.0,612.0,1357.0,1365.0,3.0,,15.9,552.0,169.0,1.8,63.3,0.4464
2005-01-17 09:00:00,1222.0,1239.0,574.0,1346.0,1472.0,4.1,,18.0,614.0,199.0,2.4,60.2,0.4426
2005-01-17 10:00:00,1196.0,1139.0,617.0,1271.0,1497.0,3.1,,14.7,530.0,186.0,4.6,52.1,0.4472
2005-01-17 11:00:00,1214.0,1153.0,612.0,1244.0,1626.0,3.8,,15.1,721.0,208.0,8.2,40.5,0.4414
2005-01-17 12:00:00,1149.0,1096.0,639.0,1219.0,1476.0,2.7,,13.4,474.0,178.0,10.5,34.7,0.4393
2005-01-17 13:00:00,1166.0,1134.0,603.0,1227.0,1531.0,3.1,,14.5,514.0,176.0,11.1,33.3,0.4384
2005-01-17 14:00:00,1170.0,1138.0,611.0,1233.0,1503.0,3.1,,14.7,504.0,177.0,11.1,32.6,0.4292
2005-01-17 15:00:00,1176.0,1209.0,588.0,1264.0,1488.0,3.2,,17.0,508.0,182.0,12.4,28.3,0.4076
2005-01-17 16:00:00,1147.0,1158.0,615.0,1200.0,1435.0,3.3,,15.3,529.0,182.0,12.9,24.5,0.363
2005-01-17 17:00:00,1294.0,1330.0,535.0,1363.0,1725.0,4.0,,21.2,676.0,193.0,11.4,28.7,0.3865
2005-01-17 18:00:00,1683.0,1831.0,374.0,1964.0,2331.0,8.6,,43.0,1216.0,272.0,9.2,39.3,0.4573
2005-01-17 19:00:00,1615.0,1712.0,384.0,1811.0,2312.0,8.7,,37.2,1230.0,225.0,7.8,48.1,0.5115
2005-01-17 20:00:00,1256.0,1201.0,563.0,1251.0,1699.0,3.6,,16.7,582.0,181.0,7.2,50.6,0.517
2005-01-17 21:00:00,1205.0,1098.0,610.0,1170.0,1587.0,3.0,,13.4,460.0,172.0,6.0,53.3,0.5008
2005-01-17 22:00:00,1087.0,926.0,715.0,1053.0,1390.0,1.9,,8.7,340.0,153.0,5.3,55.0,0.4921
2005-01-17 23:00:00,1092.0,875.0,751.0,1010.0,1347.0,1.9,,7.4,298.0,143.0,4.2,58.1,0.4832
2005-01-18 00:00:00,1039.0,845.0,775.0,993.0,1268.0,1.6,,6.7,300.0,142.0,3.4,60.9,0.4809
2005-01-18 01:00:00,1001.0,762.0,850.0,948.0,1155.0,1.4,,5.0,223.0,131.0,3.0,60.2,0.4639
2005-01-18 02:00:00,925.0,677.0,958.0,901.0,1024.0,1.0,,3.4,151.0,105.0,3.2,58.8,0.4578
2005-01-18 03:00:00,880.0,613.0,1016.0,878.0,968.0,0.7,,2.4,,,3.3,57.7,0.4516
2005-01-18 04:00:00,873.0,592.0,1076.0,869.0,915.0,,,2.1,108.0,83.0,4.5,53.8,0.4572
2005-01-18 05:00:00,880.0,618.0,1023.0,893.0,928.0,0.8,,2.5,125.0,87.0,3.1,59.7,0.4604
2005-01-18 06:00:00,950.0,680.0,936.0,914.0,1028.0,0.9,,3.5,181.0,106.0,4.2,57.1,0.4743
2005-01-18 07:00:00,1039.0,855.0,783.0,1025.0,1210.0,1.5,,6.9,341.0,140.0,3.4,58.5,0.4608
2005-01-18 08:00:00,1284.0,1204.0,599.0,1337.0,1531.0,3.1,,16.8,552.0,167.0,3.9,57.3,0.4661
2005-01-18 09:00:00,1350.0,1305.0,509.0,1383.0,1745.0,5.1,,20.3,839.0,175.0,4.3,56.8,0.4768
2005-01-18 10:00:00,1476.0,1428.0,477.0,1536.0,1974.0,5.8,,25.0,1049.0,235.0,5.6,52.9,0.4841
2005-01-18 11:00:00,1342.0,1215.0,542.0,1332.0,1806.0,3.8,,17.2,796.0,196.0,5.5,54.9,0.4985
2005-01-18 12:00:00,1488.0,1336.0,479.0,1483.0,1985.0,4.4,,21.4,999.0,211.0,5.1,64.3,0.5697
2005-01-18 13:00:00,1557.0,1432.0,445.0,1605.0,2068.0,4.9,,25.1,1022.0,234.0,5.5,66.1,0.601
2005-01-18 14:00:00,1610.0,1502.0,420.0,1697.0,2087.0,5.2,,28.0,1023.0,240.0,5.5,69.3,0.6331
2005-01-18 15:00:00,1583.0,1457.0,431.0,1640.0,1994.0,4.6,,26.1,1065.0,243.0,5.0,75.5,0.6667
2005-01-18 16:00:00,1620.0,1420.0,436.0,1598.0,1971.0,4.8,,24.7,1098.0,224.0,5.2,76.2,0.6796
2005-01-18 17:00:00,1605.0,1416.0,436.0,1614.0,1941.0,4.9,,24.5,1099.0,240.0,5.3,77.4,0.6954
2005-01-18 18:00:00,1604.0,1496.0,410.0,1733.0,1969.0,4.9,,27.7,939.0,215.0,5.0,79.6,0.7022
2005-01-18 19:00:00,1582.0,1455.0,423.0,1725.0,1813.0,5.5,,26.0,875.0,216.0,5.1,83.0,0.7352
2005-01-18 20:00:00,1523.0,1342.0,466.0,1588.0,1677.0,4.2,,21.7,745.0,184.0,6.4,82.9,0.8022
2005-01-18 21:00:00,1172.0,813.0,774.0,1233.0,1118.0,1.5,,6.0,339.0,152.0,10.3,74.0,0.9237
2005-01-18 22:00:00,1021.0,670.0,932.0,1187.0,828.0,0.1,,3.3,135.0,104.0,11.3,71.8,0.9577
2005-01-18 23:00:00,1125.0,758.0,820.0,1241.0,867.0,0.2,,4.9,167.0,104.0,9.8,81.9,0.9923
2005-01-19 00:00:00,1197.0,840.0,712.0,1298.0,974.0,0.9,,6.6,232.0,124.0,9.5,83.8,0.9972
2005-01-19 01:00:00,1174.0,842.0,723.0,1286.0,975.0,1.0,,6.7,273.0,127.0,9.9,81.0,0.9885
2005-01-19 02:00:00,1106.0,733.0,822.0,1208.0,902.0,0.4,,4.4,165.0,109.0,9.9,79.8,0.9725
2005-01-19 03:00:00,873.0,549.0,1106.0,1008.0,791.0,,,1.5,,,6.9,76.4,0.7661
2005-01-19 04:00:00,828.0,506.0,1222.0,945.0,673.0,,,1.1,75.0,73.0,4.8,75.7,0.659
2005-01-19 05:00:00,830.0,492.0,1263.0,948.0,578.0,,,0.9,53.0,52.0,4.7,78.9,0.682
2005-01-19 06:00:00,840.0,515.0,1235.0,941.0,563.0,,,1.2,72.0,57.0,5.0,75.0,0.6627
2005-01-19 07:00:00,909.0,622.0,1046.0,992.0,730.0,0.1,,2.5,130.0,89.0,5.6,69.5,0.6362
2005-01-19 08:00:00,1098.0,881.0,760.0,1203.0,974.0,0.7,,7.6,265.0,128.0,7.0,64.9,0.6512
2005-01-19 09:00:00,1036.0,868.0,732.0,1158.0,958.0,1.2,,7.3,314.0,152.0,7.1,65.4,0.6644
2005-01-19 10:00:00,912.0,692.0,923.0,1020.0,713.0,0.2,,3.7,194.0,128.0,6.4,67.4,0.6537
2005-01-19 11:00:00,873.0,618.0,1036.0,994.0,617.0,,,2.5,180.0,124.0,5.3,75.9,0.6824
2005-01-19 12:00:00,889.0,634.0,1009.0,1018.0,591.0,,,2.7,181.0,117.0,6.3,73.0,0.7024
2005-01-19 13:00:00,965.0,742.0,889.0,1099.0,661.0,0.3,,4.6,193.0,110.0,8.6,63.3,0.7073
2005-01-19 14:00:00,1009.0,845.0,771.0,1132.0,856.0,0.6,,6.7,263.0,128.0,10.0,55.0,0.6753
2005-01-19 15:00:00,918.0,729.0,904.0,1014.0,639.0,0.2,,4.3,176.0,114.0,9.4,53.6,0.6333
2005-01-19 16:00:00,920.0,729.0,891.0,1013.0,647.0,0.2,,4.3,168.0,110.0,9.2,55.0,0.6402
2005-01-19 17:00:00,923.0,715.0,915.0,1015.0,646.0,0.7,,4.1,170.0,112.0,8.7,55.1,0.6228
2005-01-19 18:00:00,1021.0,883.0,766.0,1139.0,846.0,1.8,,7.6,234.0,130.0,8.9,54.4,0.62
2005-01-19 19:00:00,998.0,858.0,770.0,1109.0,857.0,2.2,,7.0,256.0,135.0,8.6,53.6,0.5992
2005-01-19 20:00:00,1061.0,962.0,721.0,1167.0,942.0,2.3,,9.6,257.0,141.0,9.0,50.4,0.5809
2005-01-19 21:00:00,1016.0,892.0,758.0,1109.0,945.0,2.6,,7.8,317.0,141.0,9.2,49.8,0.5808
2005-01-19 22:00:00,859.0,611.0,1053.0,918.0,562.0,1.1,,2.4,135.0,95.0,8.8,52.1,0.5918
2005-01-19 23:00:00,945.0,707.0,963.0,1005.0,657.0,1.2,,3.9,159.0,97.0,8.8,50.9,0.5781
2005-01-20 00:00:00,937.0,715.0,896.0,995.0,723.0,1.8,,4.1,186.0,112.0,8.7,51.1,0.5755
2005-01-20 01:00:00,876.0,618.0,1032.0,948.0,555.0,1.1,,2.5,102.0,74.0,8.6,51.5,0.5772
2005-01-20 02:00:00,831.0,530.0,1169.0,893.0,472.0,0.9,,1.3,75.0,62.0,8.5,51.9,0.5766
2005-01-20 03:00:00,828.0,514.0,1205.0,880.0,434.0,0.7,,1.2,,,8.1,53.1,0.5742
2005-01-20 04:00:00,810.0,470.0,1315.0,863.0,412.0,0.6,,0.7,41.0,40.0,7.8,54.2,0.5755
2005-01-20 05:00:00,822.0,493.0,1278.0,876.0,453.0,0.6,,0.9,50.0,45.0,7.1,56.0,0.569
2005-01-20 06:00:00,898.0,646.0,1013.0,954.0,702.0,0.9,,2.9,189.0,93.0,7.0,57.6,0.5784
2005-01-20 07:00:00,909.0,636.0,992.0,947.0,720.0,1.0,,2.7,182.0,104.0,7.5,55.3,0.5734
2005-01-20 08:00:00,1256.0,1130.0,616.0,1316.0,1311.0,3.4,,14.4,636.0,162.0,7.0,56.3,0.566
2005-01-20 09:00:00,1298.0,1217.0,552.0,1409.0,1444.0,4.2,,17.2,704.0,169.0,7.6,53.5,0.5605
2005-01-20 10:00:00,1326.0,1223.0,547.0,1381.0,1613.0,4.4,,17.4,854.0,190.0,8.3,50.5,0.5558
2005-01-20 11:00:00,1139.0,1031.0,649.0,1181.0,1388.0,2.9,,11.5,652.0,170.0,12.4,37.1,0.5329
2005-01-20 12:00:00,1135.0,1047.0,641.0,1175.0,1379.0,2.6,,11.9,529.0,151.0,13.9,32.3,0.5117
2005-01-20 13:00:00,1117.0,1071.0,638.0,1178.0,1289.0,2.6,,12.6,438.0,150.0,14.4,28.9,0.4723
2005-01-20 14:00:00,1094.0,1128.0,626.0,1191.0,1280.0,3.0,,14.3,438.0,154.0,14.8,25.4,0.4259
2005-01-20 15:00:00,982.0,990.0,745.0,1018.0,1059.0,2.3,,10.3,378.0,140.0,15.1,20.8,0.3536
2005-01-20 16:00:00,1107.0,1134.0,639.0,1172.0,1299.0,3.0,,14.5,482.0,167.0,15.4,23.5,0.4076
2005-01-20 17:00:00,1290.0,1349.0,534.0,1386.0,1638.0,4.5,,21.9,709.0,204.0,13.7,28.1,0.4381
2005-01-20 18:00:00,1445.0,1516.0,455.0,1594.0,1946.0,6.0,,28.5,796.0,210.0,11.5,37.5,0.5068
2005-01-20 19:00:00,1357.0,1330.0,511.0,1414.0,1798.0,4.3,,21.2,605.0,182.0,10.4,42.3,0.5337
2005-01-20 20:00:00,1248.0,1179.0,577.0,1259.0,1609.0,3.4,,16.0,472.0,165.0,9.9,44.0,0.5381
2005-01-20 21:00:00,1220.0,1085.0,618.0,1205.0,1531.0,2.8,,13.0,411.0,150.0,8.7,48.3,0.5458
2005-01-20 22:00:00,1137.0,856.0,758.0,1032.0,1338.0,2.1,,7.0,264.0,132.0,8.1,49.9,0.5417
2005-01-20 23:00:00,1102.0,829.0,773.0,1015.0,1274.0,1.7,,6.4,217.0,120.0,7.3,52.8,0.5419
2005-01-21 00:00:00,1082.0,801.0,780.0,1035.0,1200.0,1.8,,5.8,211.0,119.0,8.0,52.2,0.5623
2005-01-21 01:00:00,1053.0,795.0,786.0,1039.0,1143.0,1.6,,5.6,179.0,110.0,6.8,56.4,0.5609
2005-01-21 02:00:00,1003.0,740.0,847.0,992.0,1048.0,1.4,,4.5,135.0,94.0,6.7,57.4,0.5654
2005-01-21 03:00:00,1019.0,744.0,836.0,1000.0,1049.0,1.3,,4.6,,,5.9,62.1,0.5806
2005-01-21 04:00:00,1071.0,808.0,757.0,1046.0,1172.0,,,5.9,221.0,101.0,5.4,65.9,0.5947
2005-01-21 05:00:00,1118.0,841.0,702.0,1056.0,1368.0,1.3,,6.6,284.0,117.0,5.5,66.5,0.6054
2005-01-21 06:00:00,1206.0,948.0,628.0,1129.0,1540.0,1.6,,9.2,357.0,121.0,5.9,65.8,0.6178
2005-01-21 07:00:00,1256.0,1056.0,582.0,1230.0,1575.0,2.4,,12.2,469.0,138.0,6.4,63.9,0.6192
2005-01-21 08:00:00,1501.0,1367.0,465.0,1558.0,1856.0,4.5,,22.6,766.0,174.0,7.2,62.2,0.6351
2005-01-21 09:00:00,1578.0,1527.0,419.0,1761.0,2086.0,5.7,,29.0,875.0,179.0,7.9,60.0,0.6406
2005-01-21 10:00:00,1427.0,1280.0,500.0,1481.0,1948.0,4.3,,19.4,800.0,175.0,8.3,58.5,0.6403
2005-01-21 11:00:00,1440.0,1311.0,482.0,1476.0,2022.0,4.2,,20.5,815.0,183.0,9.3,54.5,0.6415
2005-01-21 12:00:00,1522.0,1365.0,464.0,1526.0,2104.0,4.5,,22.5,841.0,189.0,10.2,53.1,0.6608
2005-01-21 13:00:00,1517.0,1403.0,451.0,1579.0,2195.0,5.0,,24.0,827.0,198.0,11.1,51.4,0.679
2005-01-21 14:00:00,1300.0,1113.0,573.0,1291.0,1845.0,2.9,,13.9,402.0,142.0,12.8,46.9,0.6919
2005-01-21 15:00:00,1401.0,1204.0,526.0,1401.0,1947.0,3.0,,16.8,415.0,139.0,13.1,48.0,0.7181
2005-01-21 16:00:00,1551.0,1303.0,469.0,1520.0,2171.0,3.3,,20.2,435.0,99.0,13.5,51.5,0.793
2005-01-21 17:00:00,1411.0,1191.0,519.0,1426.0,1920.0,1.4,,16.4,570.0,135.0,13.4,51.2,0.7808
2005-01-21 18:00:00,1434.0,1239.0,506.0,1458.0,1835.0,2.3,,18.0,530.0,223.0,12.1,55.3,0.7777
2005-01-21 19:00:00,1489.0,1305.0,476.0,1547.0,1919.0,1.6,,20.3,617.0,194.0,12.0,56.5,0.7924
2005-01-21 20:00:00,1835.0,1731.0,355.0,2083.0,2254.0,4.9,,38.1,983.0,244.0,10.4,64.4,0.8123
2005-01-21 21:00:00,1804.0,1679.0,370.0,2005.0,2210.0,6.4,,35.7,1200.0,243.0,9.4,69.1,0.815
2005-01-21 22:00:00,1579.0,1345.0,459.0,1608.0,1961.0,3.5,,21.8,1028.0,230.0,8.9,71.0,0.8115
2005-01-21 23:00:00,1508.0,1246.0,496.0,1498.0,1791.0,1.7,,18.2,797.0,207.0,8.1,73.8,0.7968
2005-01-22 00:00:00,1535.0,1300.0,483.0,1524.0,1725.0,2.6,,20.1,977.0,223.0,7.3,76.8,0.7904
2005-01-22 01:00:00,1395.0,1131.0,552.0,1362.0,1553.0,1.6,,14.4,811.0,216.0,7.3,76.7,0.7862
2005-01-22 02:00:00,1392.0,1153.0,542.0,1395.0,1506.0,1.5,,15.1,757.0,198.0,7.1,77.3,0.7826
2005-01-22 03:00:00,1326.0,1087.0,571.0,1333.0,1398.0,0.9,,13.1,,,6.7,78.7,0.7779
2005-01-22 04:00:00,1297.0,1032.0,605.0,1297.0,1300.0,0.5,,11.5,388.0,126.0,7.0,77.8,0.7848
2005-01-22 05:00:00,1331.0,1106.0,568.0,1322.0,1383.0,0.9,,13.7,497.0,144.0,5.7,80.5,0.7416
2005-01-22 06:00:00,1288.0,1036.0,590.0,1242.0,1413.0,0.4,,11.6,582.0,183.0,5.2,81.4,0.7276
2005-01-22 07:00:00,1322.0,1091.0,565.0,1307.0,1471.0,0.5,,13.2,574.0,193.0,5.6,80.4,0.7349
2005-01-22 08:00:00,1390.0,1167.0,522.0,1392.0,1619.0,0.8,,15.6,588.0,196.0,6.3,78.8,0.7544
2005-01-22 09:00:00,1443.0,1207.0,502.0,1431.0,1673.0,1.4,,16.9,645.0,208.0,6.9,76.9,0.7682
2005-01-22 10:00:00,1496.0,1254.0,484.0,1472.0,1881.0,1.6,,18.5,643.0,217.0,9.2,67.7,0.79
2005-01-22 11:00:00,1439.0,1198.0,502.0,1426.0,1877.0,1.5,,16.6,628.0,246.0,11.6,59.8,0.8152
2005-01-22 12:00:00,1432.0,1150.0,527.0,1393.0,1818.0,1.0,,15.0,547.0,204.0,14.0,52.0,0.8288
2005-01-22 13:00:00,1398.0,1149.0,535.0,1417.0,1699.0,1.0,,15.0,461.0,192.0,15.0,50.2,0.8495
2005-01-22 14:00:00,1380.0,1206.0,515.0,1500.0,1677.0,1.3,,16.9,455.0,186.0,14.9,49.9,0.8394
2005-01-22 15:00:00,1022.0,857.0,770.0,1068.0,1088.0,0.1,,7.0,244.0,133.0,15.8,33.8,0.6034
2005-01-22 16:00:00,973.0,806.0,851.0,994.0,926.0,,,5.9,202.0,126.0,15.4,29.3,0.5068
2005-01-22 17:00:00,951.0,862.0,823.0,972.0,961.0,,,7.1,256.0,138.0,14.4,25.7,0.4193
2005-01-22 18:00:00,987.0,925.0,776.0,1016.0,1066.0,0.1,,8.6,310.0,148.0,13.4,27.2,0.4157
2005-01-22 19:00:00,1100.0,1057.0,687.0,1126.0,1241.0,0.4,,12.2,391.0,167.0,12.2,28.7,0.4077
2005-01-22 20:00:00,1064.0,1072.0,704.0,1103.0,1220.0,0.7,,12.6,444.0,175.0,11.3,25.7,0.3422
2005-01-22 21:00:00,1316.0,1327.0,549.0,1328.0,1613.0,2.7,,21.1,794.0,224.0,9.7,31.9,0.3848
2005-01-22 22:00:00,1262.0,1208.0,587.0,1219.0,1577.0,2.1,,16.9,716.0,215.0,8.4,36.5,0.4035
2005-01-22 23:00:00,1259.0,1152.0,610.0,1165.0,1569.0,1.3,,15.1,565.0,196.0,8.2,36.8,0.4016
2005-01-23 00:00:00,1166.0,981.0,697.0,993.0,1445.0,0.8,,10.1,451.0,195.0,8.0,36.0,0.3872
2005-01-23 01:00:00,1066.0,880.0,784.0,946.0,1240.0,,,7.5,313.0,181.0,7.0,39.9,0.4006
2005-01-23 02:00:00,1051.0,883.0,783.0,978.0,1169.0,,,7.6,241.0,150.0,5.7,44.3,0.4093
2005-01-23 03:00:00,992.0,808.0,849.0,926.0,1052.0,,,5.9,,,4.7,46.6,0.4025
2005-01-23 04:00:00,969.0,788.0,854.0,938.0,1006.0,,,5.5,224.0,139.0,4.2,50.8,0.4234
2005-01-23 05:00:00,862.0,609.0,1101.0,810.0,757.0,,,2.3,82.0,74.0,4.6,45.1,0.3861
2005-01-23 06:00:00,859.0,581.0,1112.0,829.0,753.0,,,2.0,89.0,73.0,2.7,53.3,0.4006
2005-01-23 07:00:00,849.0,552.0,1165.0,812.0,737.0,,,1.6,93.0,77.0,3.1,51.0,0.3947
2005-01-23 08:00:00,879.0,594.0,1119.0,839.0,792.0,,,2.1,134.0,98.0,2.5,54.1,0.4017
2005-01-23 09:00:00,956.0,735.0,915.0,942.0,945.0,,,4.4,189.0,121.0,3.1,53.5,0.4123
2005-01-23 10:00:00,1039.0,828.0,791.0,987.0,1115.0,,,6.4,292.0,162.0,5.0,47.5,0.418
2005-01-23 11:00:00,1066.0,871.0,775.0,996.0,1131.0,,,7.3,326.0,178.0,5.8,43.4,0.4032
2005-01-23 12:00:00,1124.0,927.0,722.0,1047.0,1242.0,,,8.7,397.0,206.0,7.1,42.8,0.4327
2005-01-23 13:00:00,1160.0,948.0,712.0,1072.0,1289.0,,,9.2,371.0,191.0,7.9,41.6,0.4459
2005-01-23 14:00:00,1110.0,896.0,737.0,1040.0,1276.0,,,7.9,305.0,175.0,8.1,41.2,0.448
2005-01-23 15:00:00,1138.0,940.0,706.0,1088.0,1359.0,,,9.0,328.0,169.0,8.3,41.3,0.4533
2005-01-23 16:00:00,1095.0,857.0,756.0,1075.0,1020.0,,,7.0,281.0,180.0,8.9,49.1,0.5629
2005-01-23 17:00:00,1045.0,694.0,911.0,1025.0,805.0,,,3.7,168.0,124.0,7.1,66.0,0.6678
2005-01-23 18:00:00,1078.0,727.0,849.0,1057.0,857.0,,,4.3,183.0,130.0,5.7,75.1,0.6942
2005-01-23 19:00:00,1169.0,846.0,767.0,1157.0,942.0,,,6.8,217.0,141.0,5.4,77.6,0.7031
2005-01-23 20:00:00,1174.0,926.0,674.0,1220.0,1020.0,,,8.7,245.0,157.0,5.4,78.2,0.7074
2005-01-23 21:00:00,1075.0,749.0,827.0,1050.0,899.0,,,4.7,154.0,123.0,7.3,68.1,0.6979
2005-01-23 22:00:00,1044.0,685.0,903.0,1042.0,860.0,,,3.5,141.0,104.0,5.8,74.4,0.6924
2005-01-23 23:00:00,1110.0,782.0,798.0,1101.0,954.0,,,5.4,210.0,134.0,6.2,72.3,0.6887
2005-01-24 00:00:00,1086.0,733.0,848.0,1064.0,883.0,,,4.4,140.0,105.0,5.9,72.7,0.6791
2005-01-24 01:00:00,1092.0,811.0,773.0,1129.0,966.0,,,6.0,191.0,121.0,5.0,76.5,0.6728
2005-01-24 02:00:00,1127.0,884.0,704.0,1173.0,983.0,0.1,,7.6,248.0,136.0,4.0,80.4,0.663
2005-01-24 03:00:00,881.0,578.0,1017.0,876.0,607.0,,,1.9,,,5.8,59.0,0.5493
2005-01-24 04:00:00,831.0,498.0,1237.0,855.0,443.0,,,1.0,50.0,48.0,5.8,59.5,0.5519
2005-01-24 05:00:00,791.0,459.0,1421.0,809.0,390.0,0.3,,0.6,43.0,40.0,6.6,51.3,0.5026
2005-01-24 06:00:00,836.0,520.0,1296.0,832.0,479.0,0.5,,1.2,86.0,67.0,7.0,47.2,0.4745
2005-01-24 07:00:00,907.0,644.0,1028.0,902.0,732.0,0.6,,2.9,152.0,104.0,6.6,47.9,0.4686
2005-01-24 08:00:00,1174.0,1018.0,688.0,1210.0,1149.0,1.8,,11.1,341.0,169.0,7.2,49.8,0.5061
2005-01-24 09:00:00,1094.0,967.0,682.0,1147.0,1136.0,2.0,,9.7,355.0,203.0,6.9,52.8,0.5293
2005-01-24 10:00:00,992.0,800.0,797.0,1007.0,934.0,1.4,,5.7,327.0,183.0,8.7,46.7,0.5249
2005-01-24 11:00:00,955.0,783.0,844.0,976.0,845.0,0.6,,5.4,240.0,151.0,10.0,40.6,0.4971
2005-01-24 12:00:00,959.0,771.0,852.0,975.0,808.0,0.5,,5.1,217.0,138.0,11.8,35.4,0.4877
2005-01-24 13:00:00,981.0,804.0,829.0,997.0,783.0,0.7,,5.8,191.0,127.0,10.7,37.2,0.4788
2005-01-24 14:00:00,947.0,791.0,825.0,963.0,785.0,0.7,,5.6,,,10.9,34.9,0.456
2005-01-24 15:00:00,1023.0,898.0,759.0,1034.0,899.0,1.1,,8.0,256.0,148.0,10.7,33.1,0.4256
2005-01-24 16:00:00,1009.0,860.0,787.0,993.0,922.0,1.3,,7.1,287.0,172.0,10.6,34.2,0.4375
2005-01-24 17:00:00,1007.0,884.0,780.0,1014.0,951.0,1.0,,7.6,278.0,163.0,8.9,38.1,0.4341
2005-01-24 18:00:00,1054.0,992.0,715.0,1092.0,1051.0,1.5,,10.4,302.0,180.0,7.8,39.7,0.4206
2005-01-24 19:00:00,1018.0,934.0,740.0,1014.0,967.0,1.5,,8.9,259.0,169.0,7.3,42.2,0.4341
2005-01-24 20:00:00,976.0,870.0,795.0,971.0,861.0,1.2,,7.3,221.0,152.0,6.9,42.5,0.4257
2005-01-24 21:00:00,872.0,689.0,970.0,866.0,631.0,0.3,,3.6,142.0,107.0,6.6,43.2,0.4247
2005-01-24 22:00:00,805.0,559.0,1183.0,781.0,466.0,,,1.7,93.0,75.0,6.4,41.7,0.4034
2005-01-24 23:00:00,800.0,541.0,1250.0,779.0,407.0,,,1.5,71.0,58.0,6.1,42.6,0.4041
2005-01-25 00:00:00,785.0,504.0,1306.0,760.0,387.0,,,1.0,66.0,57.0,5.9,41.8,0.3928
2005-01-25 01:00:00,757.0,459.0,1447.0,735.0,337.0,,,0.6,49.0,44.0,5.7,41.5,0.3836
2005-01-25 02:00:00,751.0,424.0,1583.0,726.0,303.0,,,0.4,29.0,29.0,5.5,42.4,0.3867
2005-01-25 03:00:00,766.0,412.0,1651.0,763.0,295.0,,,0.3,,,4.5,52.0,0.4436
2005-01-25 04:00:00,759.0,399.0,1696.0,749.0,288.0,,,0.2,19.0,19.0,4.3,51.6,0.4323
2005-01-25 05:00:00,758.0,388.0,1785.0,765.0,274.0,,,0.2,20.0,20.0,3.7,56.3,0.453
2005-01-25 06:00:00,761.0,383.0,1745.0,787.0,289.0,,,0.1,39.0,35.0,3.3,58.1,0.4559
2005-01-25 07:00:00,762.0,434.0,1556.0,763.0,318.0,,,0.4,77.0,60.0,3.9,47.3,0.3862
2005-01-25 08:00:00,869.0,646.0,1068.0,876.0,476.0,0.2,,2.9,180.0,115.0,4.3,45.9,0.3843
2005-01-25 09:00:00,938.0,785.0,853.0,969.0,704.0,0.7,,5.4,243.0,157.0,4.2,50.1,0.4168
2005-01-25 10:00:00,951.0,769.0,856.0,1000.0,735.0,0.5,,5.1,236.0,147.0,3.4,62.7,0.4943
2005-01-25 11:00:00,892.0,702.0,935.0,924.0,735.0,0.4,,3.8,297.0,188.0,5.0,51.4,0.4534
2005-01-25 12:00:00,876.0,703.0,968.0,892.0,653.0,0.3,,3.9,235.0,126.0,5.7,44.1,0.4063
2005-01-25 13:00:00,872.0,686.0,972.0,880.0,603.0,0.3,,3.6,186.0,114.0,5.2,44.5,0.3968
2005-01-25 14:00:00,893.0,722.0,932.0,917.0,645.0,0.4,,4.2,196.0,123.0,4.7,48.6,0.4194
2005-01-25 15:00:00,879.0,687.0,980.0,914.0,564.0,0.2,,3.6,167.0,107.0,4.5,51.0,0.4327
2005-01-25 16:00:00,896.0,689.0,966.0,909.0,614.0,0.4,,3.6,211.0,121.0,5.1,50.1,0.4432
2005-01-25 17:00:00,909.0,706.0,928.0,923.0,658.0,0.4,,3.9,194.0,118.0,5.0,50.4,0.443
2005-01-25 18:00:00,958.0,758.0,858.0,985.0,719.0,0.7,,4.9,206.0,134.0,4.3,56.4,0.4721
2005-01-25 19:00:00,984.0,803.0,813.0,1012.0,772.0,1.0,,5.8,211.0,142.0,4.3,56.7,0.476
2005-01-25 20:00:00,991.0,814.0,790.0,1040.0,812.0,1.1,,6.1,197.0,133.0,4.3,57.0,0.4771
2005-01-25 21:00:00,881.0,638.0,990.0,910.0,583.0,0.3,,2.8,139.0,106.0,3.5,60.3,0.4782
2005-01-25 22:00:00,853.0,616.0,1071.0,870.0,491.0,0.1,,2.4,113.0,87.0,4.1,52.5,0.4351
2005-01-25 23:00:00,804.0,546.0,1194.0,796.0,400.0,,,1.5,81.0,67.0,3.9,50.6,0.4127
2005-01-26 00:00:00,788.0,514.0,1285.0,771.0,354.0,,,1.1,63.0,55.0,3.9,47.7,0.3901
2005-01-26 01:00:00,788.0,487.0,1346.0,769.0,329.0,,,0.9,55.0,49.0,4.0,47.8,0.3939
2005-01-26 02:00:00,763.0,428.0,1532.0,757.0,296.0,,,0.4,31.0,30.0,3.9,50.9,0.4144
2005-01-26 03:00:00,771.0,410.0,1622.0,765.0,283.0,,,0.3,,,3.0,57.7,0.4423
2005-01-26 04:00:00,747.0,390.0,1775.0,738.0,266.0,,,0.2,20.0,20.0,3.3,52.8,0.4137
2005-01-26 05:00:00,744.0,383.0,1881.0,720.0,253.0,,,0.1,17.0,17.0,2.7,53.9,0.4062
2005-01-26 06:00:00,774.0,441.0,1646.0,760.0,282.0,,,0.5,42.0,35.0,2.8,54.4,0.411
2005-01-26 07:00:00,800.0,492.0,1310.0,783.0,353.0,,,0.9,90.0,71.0,3.6,49.0,0.3915
2005-01-26 08:00:00,896.0,668.0,1043.0,887.0,519.0,0.3,,3.3,227.0,136.0,3.3,50.2,0.3934
2005-01-26 09:00:00,913.0,733.0,902.0,901.0,681.0,0.6,,4.4,250.0,163.0,3.5,47.5,0.3778
2005-01-26 10:00:00,871.0,638.0,1022.0,860.0,583.0,0.3,,2.8,219.0,143.0,4.3,49.4,0.4136
2005-01-26 11:00:00,872.0,662.0,1007.0,874.0,628.0,0.1,,3.2,211.0,134.0,4.5,48.4,0.4131
2005-01-26 12:00:00,858.0,634.0,1053.0,868.0,566.0,0.1,,2.7,189.0,130.0,4.3,50.0,0.4199
2005-01-26 13:00:00,876.0,683.0,993.0,894.0,572.0,0.2,,3.5,180.0,122.0,4.3,49.7,0.4166
2005-01-26 14:00:00,900.0,751.0,891.0,913.0,637.0,0.5,,4.8,197.0,129.0,4.9,45.3,0.3955
2005-01-26 15:00:00,864.0,678.0,987.0,866.0,579.0,0.3,,3.4,198.0,132.0,5.6,42.4,0.3884
2005-01-26 16:00:00,902.0,721.0,924.0,900.0,666.0,0.3,,4.2,203.0,133.0,5.7,43.1,0.3984
2005-01-26 17:00:00,916.0,720.0,912.0,922.0,707.0,0.3,,4.2,188.0,126.0,4.8,49.7,0.4305
2005-01-26 18:00:00,1004.0,918.0,752.0,1033.0,990.0,1.0,,8.5,294.0,177.0,5.1,43.0,0.3821
2005-01-26 19:00:00,1024.0,945.0,729.0,1073.0,1026.0,1.4,,9.2,302.0,185.0,5.3,44.4,0.397
2005-01-26 20:00:00,1011.0,884.0,763.0,1048.0,910.0,1.4,,7.6,261.0,169.0,4.9,47.9,0.418
2005-01-26 21:00:00,1006.0,822.0,794.0,1025.0,897.0,1.1,,6.2,232.0,151.0,4.7,50.8,0.4398
2005-01-26 22:00:00,913.0,645.0,966.0,922.0,651.0,0.4,,2.9,154.0,114.0,4.6,54.8,0.4704
2005-01-26 23:00:00,905.0,620.0,986.0,904.0,598.0,0.2,,2.5,120.0,90.0,4.0,56.8,0.4688
2005-01-27 00:00:00,872.0,628.0,1009.0,857.0,560.0,0.2,,2.6,117.0,87.0,4.2,46.8,0.39
2005-01-27 01:00:00,843.0,597.0,1059.0,808.0,527.0,0.2,,2.2,108.0,83.0,4.5,42.0,0.3571
2005-01-27 02:00:00,863.0,622.0,1025.0,826.0,574.0,0.2,,2.5,97.0,74.0,4.1,42.1,0.3487
2005-01-27 03:00:00,791.0,480.0,1259.0,738.0,422.0,,,0.8,,,4.5,39.7,0.3379
2005-01-27 04:00:00,769.0,412.0,1481.0,727.0,326.0,,,0.3,28.0,28.0,4.4,42.2,0.3571
2005-01-27 05:00:00,778.0,417.0,1531.0,745.0,312.0,0.4,,0.3,27.0,26.0,4.1,45.9,0.3804
2005-01-27 06:00:00,801.0,470.0,1313.0,762.0,382.0,0.5,,0.7,81.0,61.0,4.3,42.5,0.3556
2005-01-27 07:00:00,827.0,533.0,1198.0,775.0,488.0,0.7,,1.4,129.0,91.0,4.6,38.1,0.3267
2005-01-27 08:00:00,1038.0,837.0,822.0,972.0,915.0,1.9,,6.6,336.0,184.0,4.6,39.4,0.3367
2005-01-27 09:00:00,1040.0,917.0,739.0,1038.0,1021.0,2.4,,8.4,335.0,204.0,4.8,41.9,0.3634
2005-01-27 10:00:00,980.0,790.0,839.0,934.0,897.0,2.0,,5.5,318.0,185.0,5.9,40.2,0.376
2005-01-27 11:00:00,912.0,683.0,961.0,872.0,699.0,1.3,,3.5,201.0,125.0,7.0,38.4,0.3861
2005-01-27 12:00:00,887.0,649.0,1009.0,854.0,588.0,1.0,,3.0,166.0,104.0,6.6,40.2,0.3944
2005-01-27 13:00:00,922.0,716.0,930.0,893.0,643.0,1.2,,4.1,192.0,115.0,6.6,41.2,0.4046
2005-01-27 14:00:00,928.0,748.0,900.0,900.0,685.0,1.5,,4.7,198.0,126.0,7.3,36.8,0.3779
2005-01-27 15:00:00,921.0,736.0,921.0,881.0,673.0,1.3,,4.5,198.0,125.0,7.3,35.0,0.3584
2005-01-27 16:00:00,905.0,747.0,924.0,850.0,691.0,1.5,,4.7,223.0,139.0,7.0,33.5,0.3367
2005-01-27 17:00:00,906.0,769.0,913.0,865.0,726.0,1.5,,5.1,224.0,142.0,6.5,32.4,0.3155
2005-01-27 18:00:00,981.0,886.0,819.0,928.0,912.0,2.1,,7.7,266.0,170.0,5.7,33.9,0.3131
2005-01-27 19:00:00,1053.0,987.0,750.0,1025.0,1048.0,2.6,,10.3,326.0,195.0,5.0,36.1,0.3178
2005-01-27 20:00:00,1086.0,1032.0,717.0,1049.0,1136.0,3.0,,11.5,343.0,202.0,4.7,38.3,0.3306
2005-01-27 21:00:00,967.0,811.0,863.0,911.0,909.0,2.0,,6.0,243.0,168.0,4.5,39.9,0.339
2005-01-27 22:00:00,902.0,689.0,995.0,838.0,719.0,1.4,,3.6,177.0,128.0,4.3,41.1,0.3451
2005-01-27 23:00:00,916.0,725.0,953.0,855.0,746.0,1.3,,4.3,155.0,115.0,4.0,43.1,0.3551
2005-01-28 00:00:00,895.0,677.0,999.0,827.0,700.0,1.2,,3.4,143.0,111.0,3.7,46.0,0.3701
2005-01-28 01:00:00,866.0,613.0,1075.0,810.0,579.0,1.1,,2.4,124.0,97.0,3.3,47.4,0.3716
2005-01-28 02:00:00,861.0,585.0,1120.0,807.0,553.0,0.9,,2.0,94.0,77.0,3.0,49.1,0.3774
2005-01-28 03:00:00,845.0,534.0,1146.0,781.0,519.0,0.8,,1.4,,,3.5,48.0,0.3822
2005-01-28 04:00:00,849.0,522.0,1158.0,779.0,467.0,0.6,,1.2,56.0,51.0,3.6,48.0,0.3835
2005-01-28 05:00:00,818.0,486.0,1282.0,781.0,422.0,0.5,,0.9,58.0,49.0,4.0,47.8,0.3919
2005-01-28 06:00:00,864.0,554.0,1159.0,819.0,545.0,0.6,,1.6,105.0,79.0,4.1,48.1,0.3975
2005-01-28 07:00:00,856.0,559.0,1138.0,810.0,556.0,0.7,,1.7,122.0,92.0,4.1,47.4,0.3926
2005-01-28 08:00:00,1024.0,823.0,827.0,992.0,879.0,1.6,,6.2,274.0,167.0,4.2,48.7,0.4073
2005-01-28 09:00:00,1050.0,909.0,742.0,1055.0,993.0,2.2,,8.2,342.0,206.0,4.1,49.8,0.4117
2005-01-28 10:00:00,984.0,832.0,822.0,966.0,892.0,1.8,,6.4,296.0,184.0,4.3,48.4,0.4043
2005-01-28 11:00:00,990.0,808.0,838.0,975.0,901.0,1.5,,5.9,279.0,176.0,4.6,49.7,0.4271
2005-01-28 12:00:00,970.0,798.0,842.0,941.0,874.0,1.8,,5.7,325.0,191.0,4.5,49.6,0.421
2005-01-28 13:00:00,943.0,781.0,871.0,925.0,722.0,1.4,,5.3,222.0,147.0,4.4,48.4,0.4087
2005-01-28 14:00:00,994.0,871.0,793.0,997.0,836.0,2.1,,7.3,279.0,174.0,4.7,47.2,0.4075
2005-01-28 15:00:00,932.0,767.0,888.0,920.0,669.0,1.6,,5.1,248.0,167.0,4.2,49.5,0.4118
2005-01-28 16:00:00,891.0,706.0,949.0,860.0,600.0,1.3,,3.9,193.0,138.0,3.4,50.7,0.3991
2005-01-28 17:00:00,,,,,,1.9,,,256.0,164.0,,,
2005-01-28 18:00:00,,,,,,2.4,,,288.0,190.0,,,
2005-01-28 19:00:00,,,,,,3.0,,,300.0,198.0,,,
2005-01-28 20:00:00,,,,,,1.9,,,224.0,155.0,,,
2005-01-28 21:00:00,,,,,,1.8,,,219.0,153.0,,,
2005-01-28 22:00:00,,,,,,1.1,,,145.0,110.0,,,
2005-01-28 23:00:00,,,,,,1.1,,,115.0,91.0,,,
2005-01-29 00:00:00,,,,,,1.1,,,136.0,105.0,,,
2005-01-29 01:00:00,,,,,,1.0,,,107.0,85.0,,,
2005-01-29 02:00:00,793.0,480.0,1306.0,745.0,376.0,0.7,,0.8,70.0,60.0,1.9,49.7,0.3528
2005-01-29 03:00:00,790.0,455.0,1376.0,751.0,336.0,0.6,,0.6,,,1.6,52.9,0.3692
2005-01-29 04:00:00,776.0,445.0,1460.0,737.0,330.0,0.5,,0.5,37.0,34.0,1.4,53.8,0.3687
2005-01-29 05:00:00,766.0,448.0,1494.0,734.0,321.0,0.5,,0.5,33.0,31.0,1.0,54.7,0.3657
2005-01-29 06:00:00,774.0,458.0,1473.0,735.0,334.0,0.4,,0.6,43.0,37.0,1.4,52.3,0.3591
2005-01-29 07:00:00,801.0,494.0,1324.0,754.0,395.0,0.5,,0.9,73.0,58.0,1.6,51.0,0.3561
2005-01-29 08:00:00,847.0,586.0,1163.0,814.0,473.0,0.8,,2.0,125.0,92.0,1.4,53.1,0.3642
2005-01-29 09:00:00,874.0,641.0,1022.0,857.0,553.0,1.1,,2.8,154.0,110.0,1.7,54.1,0.3785
2005-01-29 10:00:00,879.0,642.0,1027.0,836.0,545.0,1.1,,2.8,140.0,101.0,2.5,51.0,0.3778
2005-01-29 11:00:00,888.0,652.0,1025.0,833.0,547.0,1.1,,3.0,150.0,96.0,2.9,48.7,0.3706
2005-01-29 12:00:00,873.0,610.0,1051.0,819.0,527.0,1.1,,2.4,139.0,102.0,3.6,45.8,0.3674
2005-01-29 13:00:00,877.0,618.0,1027.0,830.0,505.0,1.1,,2.5,135.0,96.0,3.1,48.1,0.3722
2005-01-29 14:00:00,893.0,653.0,987.0,845.0,550.0,1.2,,3.0,152.0,102.0,3.4,46.6,0.3668
2005-01-29 15:00:00,866.0,602.0,1071.0,809.0,465.0,1.0,,2.2,121.0,88.0,3.7,45.8,0.3697
2005-01-29 16:00:00,873.0,629.0,1049.0,817.0,467.0,1.2,,2.6,122.0,87.0,4.4,43.7,0.3688
2005-01-29 17:00:00,911.0,676.0,998.0,855.0,555.0,1.3,,3.4,167.0,115.0,4.0,44.9,0.3689
2005-01-29 18:00:00,908.0,653.0,980.0,847.0,551.0,1.4,,3.0,165.0,118.0,3.3,46.8,0.3671
2005-01-29 19:00:00,907.0,657.0,981.0,844.0,569.0,1.3,,3.1,190.0,134.0,3.1,48.1,0.3707
2005-01-29 20:00:00,925.0,678.0,960.0,861.0,594.0,1.4,,3.4,176.0,125.0,2.8,49.0,0.37
2005-01-29 21:00:00,920.0,649.0,983.0,849.0,598.0,1.5,,2.9,196.0,140.0,3.1,47.4,0.3661
2005-01-29 22:00:00,865.0,561.0,1102.0,791.0,434.0,1.0,,1.7,103.0,83.0,2.9,49.0,0.3725
2005-01-29 23:00:00,867.0,553.0,1136.0,792.0,412.0,1.0,,1.6,91.0,73.0,2.8,49.1,0.3726
2005-01-30 00:00:00,900.0,604.0,1051.0,815.0,469.0,1.1,,2.3,119.0,92.0,2.9,49.7,0.3782
2005-01-30 01:00:00,901.0,599.0,1023.0,825.0,515.0,1.3,,2.2,147.0,109.0,3.8,46.5,0.3762
2005-01-30 02:00:00,863.0,560.0,1107.0,787.0,430.0,1.0,,1.7,101.0,82.0,3.2,46.9,0.3658
2005-01-30 03:00:00,884.0,599.0,1065.0,813.0,503.0,1.1,,2.2,,,3.1,45.2,0.3504
2005-01-30 04:00:00,873.0,565.0,1097.0,793.0,494.0,,,1.8,102.0,83.0,3.1,44.8,0.3473
2005-01-30 05:00:00,806.0,459.0,1322.0,728.0,368.0,0.6,,0.6,55.0,50.0,3.1,44.4,0.342
2005-01-30 06:00:00,801.0,454.0,1374.0,727.0,348.0,0.5,,0.6,51.0,44.0,3.0,43.4,0.3337
2005-01-30 07:00:00,790.0,431.0,1439.0,722.0,354.0,0.4,,0.4,53.0,49.0,2.8,43.8,0.3308
2005-01-30 08:00:00,805.0,465.0,1358.0,736.0,382.0,0.5,,0.7,74.0,62.0,2.7,43.2,0.3259
2005-01-30 09:00:00,843.0,520.0,1202.0,762.0,450.0,0.7,,1.2,113.0,85.0,3.3,42.3,0.3299
2005-01-30 10:00:00,849.0,537.0,1148.0,757.0,460.0,0.8,,1.4,107.0,82.0,4.6,39.0,0.333
2005-01-30 11:00:00,872.0,583.0,1126.0,765.0,441.0,0.8,,2.0,101.0,77.0,5.6,37.5,0.3426
2005-01-30 12:00:00,890.0,585.0,1097.0,776.0,454.0,1.0,,2.0,129.0,92.0,7.2,34.2,0.3488
2005-01-30 13:00:00,874.0,552.0,1128.0,760.0,415.0,0.9,,1.6,126.0,95.0,6.9,35.6,0.3561
2005-01-30 14:00:00,863.0,553.0,1133.0,742.0,419.0,0.9,,1.6,132.0,95.0,8.2,30.1,0.3281
2005-01-30 15:00:00,840.0,566.0,1176.0,717.0,368.0,0.9,,1.8,101.0,76.0,7.6,27.9,0.2927
2005-01-30 16:00:00,845.0,569.0,1151.0,709.0,397.0,1.0,,1.8,128.0,95.0,7.9,25.9,0.2774
2005-01-30 17:00:00,888.0,625.0,1062.0,763.0,510.0,1.0,,2.6,170.0,118.0,7.8,28.3,0.3017
2005-01-30 18:00:00,845.0,582.0,1120.0,719.0,473.0,1.1,,2.0,174.0,123.0,6.3,28.8,0.2772
2005-01-30 19:00:00,880.0,641.0,1077.0,759.0,537.0,1.2,,2.8,215.0,140.0,5.4,30.1,0.2726
2005-01-30 20:00:00,917.0,708.0,972.0,787.0,670.0,1.6,,3.9,248.0,163.0,5.0,31.1,0.273
2005-01-30 21:00:00,927.0,715.0,965.0,797.0,711.0,1.7,,4.1,247.0,164.0,4.6,33.8,0.2898
2005-01-30 22:00:00,868.0,615.0,1095.0,752.0,551.0,1.1,,2.4,154.0,120.0,4.3,36.6,0.3064
2005-01-30 23:00:00,932.0,685.0,996.0,820.0,670.0,1.3,,3.5,186.0,130.0,4.0,39.0,0.3203
2005-01-31 00:00:00,971.0,741.0,901.0,864.0,771.0,1.7,,4.6,231.0,145.0,2.9,42.8,0.3276
2005-01-31 01:00:00,891.0,650.0,987.0,782.0,586.0,1.5,,3.0,174.0,126.0,3.4,38.9,0.3076
2005-01-31 02:00:00,806.0,495.0,1282.0,685.0,355.0,0.8,,1.0,68.0,61.0,4.0,36.4,0.2982
2005-01-31 03:00:00,787.0,446.0,1395.0,657.0,310.0,0.5,,0.5,,,4.0,36.4,0.2989
2005-01-31 04:00:00,791.0,435.0,1486.0,668.0,292.0,0.4,,0.4,39.0,37.0,3.7,37.7,0.3024
2005-01-31 05:00:00,787.0,415.0,1474.0,667.0,293.0,0.4,,0.3,39.0,37.0,3.4,38.9,0.3075
2005-01-31 06:00:00,814.0,449.0,1363.0,674.0,328.0,0.4,,0.6,54.0,50.0,3.7,37.5,0.3012
2005-01-31 07:00:00,844.0,538.0,1164.0,726.0,479.0,0.7,,1.4,158.0,109.0,3.7,35.2,0.2833
2005-01-31 08:00:00,1049.0,863.0,826.0,923.0,979.0,1.8,,7.1,350.0,198.0,3.7,33.9,0.2732
2005-01-31 09:00:00,1201.0,1116.0,617.0,1130.0,1469.0,,,14.0,,,4.4,38.8,0.328
2005-01-31 10:00:00,1293.0,1153.0,602.0,1141.0,1667.0,3.5,,15.1,584.0,283.0,6.6,34.4,0.3359
2005-01-31 11:00:00,1121.0,1066.0,683.0,1040.0,1378.0,2.8,,12.5,478.0,256.0,10.0,22.4,0.2753
2005-01-31 12:00:00,1112.0,1078.0,683.0,1028.0,1426.0,3.1,,12.8,563.0,261.0,11.9,18.6,0.2581
2005-01-31 13:00:00,1060.0,1048.0,707.0,983.0,1246.0,2.5,,11.9,414.0,181.0,12.5,17.2,0.2477
2005-01-31 14:00:00,1056.0,1040.0,711.0,976.0,1187.0,2.7,,11.7,398.0,194.0,13.2,17.3,0.2606
2005-01-31 15:00:00,1131.0,1139.0,643.0,1097.0,1363.0,2.9,,14.7,451.0,214.0,13.5,18.7,0.2872
2005-01-31 16:00:00,1162.0,1170.0,618.0,1131.0,1425.0,3.2,,15.7,503.0,204.0,14.1,18.2,0.2908
2005-01-31 17:00:00,1283.0,1328.0,552.0,1294.0,1722.0,4.1,,21.1,640.0,228.0,13.0,20.3,0.303
2005-01-31 18:00:00,1414.0,1490.0,488.0,1433.0,2051.0,6.1,,27.4,843.0,270.0,10.4,24.7,0.3116
2005-01-31 19:00:00,1486.0,1570.0,455.0,1557.0,2179.0,6.8,,30.8,954.0,285.0,8.6,29.8,0.3344
2005-01-31 20:00:00,1523.0,1533.0,456.0,1532.0,2214.0,6.8,,29.2,984.0,282.0,7.3,36.8,0.3771
2005-01-31 21:00:00,1283.0,1149.0,587.0,1148.0,1799.0,3.7,,15.0,586.0,235.0,6.3,39.4,0.3795
2005-01-31 22:00:00,1109.0,863.0,737.0,960.0,1527.0,2.1,,7.1,360.0,208.0,5.4,43.5,0.3922
2005-01-31 23:00:00,1055.0,782.0,798.0,940.0,1377.0,1.4,,5.4,231.0,161.0,5.1,45.6,0.4056
2005-02-01 00:00:00,1038.0,756.0,813.0,921.0,1317.0,1.3,,4.8,200.0,146.0,4.2,49.4,0.412
2005-02-01 01:00:00,996.0,698.0,871.0,894.0,1228.0,1.1,,3.8,153.0,123.0,4.1,50.1,0.415
2005-02-01 02:00:00,995.0,680.0,879.0,904.0,1201.0,1.0,,3.5,135.0,109.0,4.1,51.5,0.4263
2005-02-01 03:00:00,1000.0,670.0,868.0,917.0,1158.0,0.9,,3.3,,,3.7,57.5,0.4621
2005-02-01 04:00:00,1042.0,688.0,814.0,935.0,1204.0,0.8,,3.6,196.0,115.0,2.5,64.8,0.4807
2005-02-01 05:00:00,1042.0,701.0,795.0,945.0,1216.0,0.9,,3.8,208.0,114.0,1.8,68.9,0.4878
2005-02-01 06:00:00,1024.0,724.0,814.0,944.0,1198.0,1.1,,4.2,241.0,122.0,2.0,64.9,0.4661
2005-02-01 07:00:00,1147.0,886.0,702.0,1056.0,1381.0,1.6,,7.7,417.0,149.0,2.2,65.3,0.473
2005-02-01 08:00:00,1496.0,1298.0,492.0,1441.0,1873.0,3.7,,20.0,896.0,187.0,3.1,64.0,0.4938
2005-02-01 09:00:00,1541.0,1353.0,449.0,1492.0,2112.0,4.8,,22.1,966.0,198.0,3.7,61.7,0.4967
2005-02-01 10:00:00,1491.0,1215.0,503.0,1343.0,2038.0,4.1,,17.2,878.0,196.0,4.4,58.8,0.4979
2005-02-01 11:00:00,1533.0,1334.0,466.0,1434.0,2118.0,4.5,,21.4,985.0,218.0,5.8,54.1,0.502
2005-02-01 12:00:00,1507.0,1292.0,479.0,1379.0,2110.0,4.5,,19.8,1017.0,227.0,7.3,50.8,0.5226
2005-02-01 13:00:00,1451.0,1264.0,497.0,1408.0,1965.0,3.7,,18.8,683.0,181.0,9.5,47.2,0.5589
2005-02-01 14:00:00,1432.0,1264.0,487.0,1476.0,1888.0,4.2,,18.8,660.0,179.0,11.8,44.4,0.6118
2005-02-01 15:00:00,1408.0,1202.0,506.0,1411.0,1774.0,3.3,,16.7,492.0,151.0,12.7,45.5,0.6648
2005-02-01 16:00:00,1377.0,1129.0,540.0,1392.0,1626.0,3.2,,14.4,497.0,162.0,13.5,44.8,0.6898
2005-02-01 17:00:00,1454.0,1190.0,508.0,1434.0,1761.0,3.6,,16.3,562.0,165.0,12.3,48.9,0.6967
2005-02-01 18:00:00,1268.0,1128.0,573.0,1255.0,1533.0,3.5,,14.4,539.0,173.0,10.8,40.3,0.5201
2005-02-01 19:00:00,1259.0,1211.0,559.0,1243.0,1531.0,4.1,,17.0,502.0,188.0,9.4,36.7,0.4324
2005-02-01 20:00:00,1261.0,1143.0,595.0,1208.0,1477.0,4.0,,14.8,452.0,186.0,8.3,39.5,0.4318
2005-02-01 21:00:00,1133.0,971.0,683.0,1059.0,1332.0,3.3,,9.8,357.0,172.0,7.8,41.3,0.4389
2005-02-01 22:00:00,1054.0,818.0,777.0,966.0,1210.0,3.0,,6.1,289.0,150.0,7.3,43.8,0.4505
2005-02-01 23:00:00,1055.0,783.0,805.0,969.0,1167.0,2.6,,5.4,221.0,137.0,6.7,47.6,0.4688
2005-02-02 00:00:00,1059.0,747.0,820.0,964.0,1133.0,2.6,,4.7,204.0,133.0,6.6,51.2,0.5007
2005-02-02 01:00:00,1063.0,769.0,807.0,993.0,1109.0,2.6,,5.1,183.0,122.0,6.4,52.6,0.5074
2005-02-02 02:00:00,1135.0,854.0,722.0,1065.0,1218.0,2.9,,6.9,222.0,130.0,5.3,57.8,0.5177
2005-02-02 03:00:00,1126.0,869.0,680.0,1075.0,1222.0,2.9,,7.3,,,3.4,66.7,0.5281
2005-02-02 04:00:00,1058.0,753.0,764.0,986.0,1149.0,2.5,,4.8,210.0,121.0,3.3,66.8,0.5215
2005-02-02 05:00:00,1040.0,688.0,846.0,920.0,1090.0,2.0,,3.6,185.0,115.0,3.7,62.9,0.5059
2005-02-02 06:00:00,1069.0,737.0,792.0,946.0,1114.0,2.2,,4.5,257.0,125.0,2.6,67.5,0.5034
2005-02-02 07:00:00,1042.0,771.0,795.0,941.0,1089.0,2.4,,5.2,297.0,136.0,3.5,60.9,0.4857
2005-02-02 08:00:00,1322.0,1151.0,566.0,1286.0,1446.0,4.0,,15.1,573.0,174.0,2.7,63.4,0.4787
2005-02-02 09:00:00,1549.0,1485.0,422.0,1638.0,1930.0,6.7,,27.3,883.0,224.0,2.8,64.2,0.4859
2005-02-02 10:00:00,1416.0,1285.0,501.0,1390.0,1809.0,5.6,,19.6,824.0,230.0,5.8,53.1,0.4942
2005-02-02 11:00:00,1337.0,1143.0,560.0,1236.0,1769.0,4.3,,14.8,693.0,205.0,9.7,40.1,0.4832
2005-02-02 12:00:00,1281.0,1132.0,577.0,1206.0,1696.0,4.0,,14.5,714.0,204.0,12.7,30.0,0.4398
2005-02-02 13:00:00,1037.0,981.0,721.0,1000.0,1086.0,2.6,,10.1,388.0,139.0,13.7,20.7,0.3221
2005-02-02 14:00:00,1028.0,983.0,728.0,979.0,1048.0,2.2,,10.1,337.0,133.0,13.7,19.9,0.3114
2005-02-02 15:00:00,984.0,913.0,762.0,930.0,990.0,1.9,,8.3,326.0,127.0,14.1,18.1,0.2884
2005-02-02 16:00:00,1010.0,940.0,759.0,960.0,1027.0,1.8,,9.0,329.0,124.0,14.5,18.0,0.2956
2005-02-02 17:00:00,1113.0,1096.0,645.0,1092.0,1359.0,3.1,,13.4,465.0,158.0,13.2,20.4,0.3074
2005-02-02 18:00:00,1253.0,1284.0,536.0,1285.0,1618.0,4.8,,19.5,612.0,171.0,10.5,25.1,0.3194
2005-02-02 19:00:00,1400.0,1499.0,461.0,1527.0,1869.0,5.8,,27.8,759.0,193.0,8.9,31.4,0.3597
2005-02-02 20:00:00,1470.0,1584.0,436.0,1641.0,2033.0,5.9,,31.4,771.0,195.0,8.2,36.2,0.3953
2005-02-02 21:00:00,1281.0,1168.0,571.0,1195.0,1756.0,4.1,,15.6,655.0,212.0,6.7,39.6,0.3906
2005-02-02 22:00:00,1084.0,855.0,748.0,939.0,1446.0,1.8,,7.0,332.0,193.0,5.8,42.0,0.3904
2005-02-02 23:00:00,1097.0,892.0,719.0,979.0,1423.0,1.7,,7.8,287.0,167.0,4.9,45.9,0.3999
2005-02-03 00:00:00,1032.0,791.0,793.0,915.0,1278.0,1.7,,5.6,242.0,156.0,4.5,47.9,0.4079
2005-02-03 01:00:00,1046.0,812.0,782.0,940.0,1265.0,1.5,,6.0,242.0,153.0,3.9,51.6,0.4226
2005-02-03 02:00:00,975.0,707.0,860.0,902.0,1107.0,1.1,,3.9,192.0,128.0,3.4,54.7,0.4323
2005-02-03 03:00:00,932.0,642.0,950.0,871.0,1014.0,0.9,,2.8,,,3.3,56.1,0.4379
2005-02-03 04:00:00,926.0,623.0,954.0,873.0,1011.0,,,2.6,134.0,96.0,2.0,60.8,0.4337
2005-02-03 05:00:00,932.0,645.0,916.0,882.0,1006.0,0.3,,2.9,142.0,105.0,1.2,63.7,0.4327
2005-02-03 06:00:00,937.0,640.0,923.0,870.0,1010.0,0.4,,2.8,194.0,130.0,2.1,60.3,0.4368
2005-02-03 07:00:00,996.0,724.0,861.0,938.0,1067.0,0.6,,4.2,216.0,134.0,1.3,63.1,0.4322
2005-02-03 08:00:00,1382.0,1202.0,534.0,1352.0,1630.0,3.0,,16.7,728.0,275.0,1.3,64.8,0.441
2005-02-03 09:00:00,1544.0,1530.0,416.0,1706.0,2030.0,5.6,,29.1,975.0,309.0,2.1,62.2,0.4491
2005-02-03 10:00:00,1429.0,1317.0,495.0,1425.0,1916.0,4.9,,20.7,947.0,322.0,5.1,50.8,0.4499
2005-02-03 11:00:00,1312.0,1164.0,570.0,1230.0,1761.0,3.5,,15.5,790.0,333.0,8.5,39.7,0.4425
2005-02-03 12:00:00,1205.0,989.0,643.0,1084.0,1597.0,2.2,,10.3,551.0,235.0,11.5,33.0,0.4476
2005-02-03 13:00:00,1322.0,1110.0,568.0,1208.0,1776.0,2.7,,13.8,565.0,241.0,12.2,34.3,0.4864
2005-02-03 14:00:00,1301.0,1074.0,574.0,1255.0,1636.0,2.7,,12.7,532.0,214.0,13.5,35.0,0.5396
2005-02-03 15:00:00,1280.0,1030.0,597.0,1246.0,1480.0,2.1,,11.4,459.0,174.0,14.9,34.9,0.5869
2005-02-03 16:00:00,1256.0,986.0,612.0,1240.0,1413.0,2.0,,10.2,407.0,157.0,15.7,34.5,0.6111
2005-02-03 17:00:00,1358.0,1128.0,545.0,1344.0,1611.0,2.4,,14.3,434.0,170.0,14.7,37.2,0.618
2005-02-03 18:00:00,1713.0,1605.0,383.0,1870.0,2186.0,6.7,,32.4,980.0,212.0,12.2,44.8,0.6342
2005-02-03 19:00:00,1655.0,1527.0,393.0,1758.0,2203.0,6.4,,29.0,966.0,249.0,10.3,52.4,0.6578
2005-02-03 20:00:00,1444.0,1227.0,485.0,1414.0,1891.0,3.9,,17.6,646.0,231.0,9.3,55.5,0.6503
2005-02-03 21:00:00,1314.0,1069.0,571.0,1271.0,1662.0,2.7,,12.6,471.0,216.0,8.3,57.6,0.6304
2005-02-03 22:00:00,1368.0,1164.0,524.0,1350.0,1674.0,3.0,,15.5,528.0,217.0,6.3,65.1,0.6237
2005-02-03 23:00:00,1195.0,943.0,645.0,1149.0,1462.0,2.1,,9.1,378.0,203.0,6.5,63.1,0.6132
2005-02-04 00:00:00,1083.0,828.0,734.0,1067.0,1273.0,1.2,,6.4,235.0,161.0,6.0,62.7,0.589
2005-02-04 01:00:00,1055.0,771.0,781.0,1030.0,1174.0,1.2,,5.1,217.0,147.0,5.1,65.4,0.5797
2005-02-04 02:00:00,973.0,672.0,887.0,954.0,1031.0,0.7,,3.3,141.0,111.0,4.7,64.6,0.5568
2005-02-04 03:00:00,1039.0,777.0,778.0,1031.0,1082.0,0.9,,5.3,,,2.9,72.2,0.5523
2005-02-04 04:00:00,949.0,657.0,895.0,948.0,991.0,0.8,,3.1,158.0,115.0,5.0,63.5,0.5575
2005-02-04 05:00:00,920.0,601.0,974.0,920.0,925.0,0.4,,2.2,87.0,80.0,3.9,65.5,0.5367
2005-02-04 06:00:00,989.0,703.0,843.0,988.0,1017.0,0.7,,3.9,194.0,122.0,1.8,74.5,0.5271
2005-02-04 07:00:00,1100.0,854.0,714.0,1075.0,1187.0,1.4,,6.9,401.0,186.0,1.8,73.7,0.5198
2005-02-04 08:00:00,1411.0,1288.0,492.0,1472.0,1638.0,4.0,,19.7,887.0,306.0,2.3,70.9,0.5182
2005-02-04 09:00:00,1328.0,1300.0,499.0,1405.0,1672.0,3.9,,20.1,654.0,301.0,4.4,61.1,0.5176
2005-02-04 10:00:00,1308.0,1189.0,534.0,1325.0,1656.0,3.1,,16.3,566.0,274.0,7.7,49.8,0.5267
2005-02-04 11:00:00,1280.0,1127.0,558.0,1277.0,1641.0,3.2,,14.3,649.0,247.0,12.1,36.9,0.5212
2005-02-04 12:00:00,1056.0,857.0,735.0,1028.0,1117.0,1.5,,7.0,309.0,169.0,15.0,28.5,0.4821
2005-02-04 13:00:00,1019.0,825.0,781.0,994.0,901.0,1.2,,6.3,229.0,138.0,14.5,28.3,0.4665
2005-02-04 14:00:00,1084.0,923.0,712.0,1085.0,1046.0,1.9,,8.6,312.0,149.0,12.9,31.8,0.4707
2005-02-04 15:00:00,998.0,841.0,792.0,979.0,884.0,1.5,,6.6,276.0,165.0,12.1,32.3,0.4548
2005-02-04 16:00:00,987.0,816.0,816.0,959.0,821.0,1.4,,6.1,236.0,156.0,11.3,33.5,0.4476
2005-02-04 17:00:00,1079.0,932.0,719.0,1018.0,1056.0,1.9,,8.8,312.0,184.0,11.4,32.6,0.4373
2005-02-04 18:00:00,1096.0,954.0,687.0,1085.0,1139.0,2.2,,9.4,345.0,197.0,9.1,37.8,0.4372
2005-02-04 19:00:00,1146.0,1043.0,639.0,1169.0,1248.0,3.0,,11.8,386.0,204.0,8.1,41.0,0.4458
2005-02-04 20:00:00,1125.0,1025.0,653.0,1147.0,1200.0,2.6,,11.3,356.0,207.0,7.7,41.9,0.4409
2005-02-04 21:00:00,1130.0,968.0,680.0,1102.0,1220.0,2.8,,9.7,467.0,208.0,7.1,43.9,0.4433
2005-02-04 22:00:00,1017.0,805.0,807.0,958.0,1032.0,1.6,,5.8,287.0,174.0,6.3,45.8,0.4408
2005-02-04 23:00:00,1017.0,776.0,843.0,946.0,971.0,1.3,,5.3,239.0,157.0,6.0,46.1,0.4351
2005-02-05 00:00:00,1041.0,778.0,828.0,947.0,1011.0,1.6,,5.3,266.0,166.0,5.5,49.0,0.4471
2005-02-05 01:00:00,1034.0,769.0,816.0,952.0,1049.0,1.5,,5.1,261.0,167.0,4.9,52.0,0.4548
2005-02-05 02:00:00,1009.0,751.0,828.0,939.0,1053.0,1.3,,4.8,223.0,154.0,4.1,54.7,0.4536
2005-02-05 03:00:00,1105.0,828.0,735.0,997.0,1157.0,1.6,,6.4,,,2.1,64.2,0.4633
2005-02-05 04:00:00,1084.0,859.0,703.0,1017.0,1163.0,2.0,,7.0,272.0,164.0,1.5,66.2,0.4571
2005-02-05 05:00:00,989.0,731.0,815.0,936.0,1018.0,1.3,,4.4,226.0,149.0,1.0,67.7,0.4523
2005-02-05 06:00:00,1047.0,792.0,757.0,957.0,1121.0,0.9,,5.6,250.0,150.0,0.8,69.9,0.4591
2005-02-05 07:00:00,1091.0,868.0,705.0,1021.0,1200.0,1.4,,7.3,402.0,205.0,1.3,67.2,0.4598
2005-02-05 08:00:00,1263.0,1074.0,614.0,1198.0,1403.0,3.1,,12.7,708.0,283.0,2.0,63.6,0.4564
2005-02-05 09:00:00,1165.0,1024.0,646.0,1134.0,1365.0,4.1,,11.3,759.0,310.0,4.1,52.7,0.4345
2005-02-05 10:00:00,966.0,760.0,877.0,890.0,940.0,1.3,,4.9,302.0,200.0,7.5,39.2,0.4091
2005-02-05 11:00:00,927.0,702.0,932.0,847.0,750.0,0.9,,3.8,210.0,147.0,9.0,34.5,0.398
2005-02-05 12:00:00,909.0,678.0,960.0,838.0,652.0,1.0,,3.4,180.0,128.0,9.2,34.5,0.4025
2005-02-05 13:00:00,941.0,723.0,922.0,880.0,643.0,1.0,,4.2,165.0,121.0,9.3,33.8,0.3981
2005-02-05 14:00:00,903.0,696.0,932.0,850.0,629.0,1.1,,3.7,180.0,129.0,9.3,33.1,0.3874
2005-02-05 15:00:00,891.0,668.0,991.0,819.0,549.0,0.8,,3.3,147.0,110.0,9.7,30.8,0.3716
2005-02-05 16:00:00,904.0,674.0,968.0,824.0,578.0,1.0,,3.4,177.0,126.0,9.6,31.1,0.3718
2005-02-05 17:00:00,900.0,659.0,990.0,807.0,582.0,0.9,,3.1,157.0,121.0,8.6,32.8,0.3669
2005-02-05 18:00:00,926.0,725.0,933.0,847.0,694.0,0.9,,4.3,195.0,142.0,7.2,35.0,0.3567
2005-02-05 19:00:00,999.0,821.0,846.0,915.0,926.0,1.6,,6.2,263.0,174.0,6.4,36.8,0.3566
2005-02-05 20:00:00,994.0,774.0,854.0,917.0,915.0,1.4,,5.2,239.0,168.0,6.0,40.2,0.3773
2005-02-05 21:00:00,1010.0,801.0,826.0,944.0,986.0,1.4,,5.8,267.0,180.0,5.5,42.6,0.3874
2005-02-05 22:00:00,938.0,685.0,934.0,870.0,840.0,1.1,,3.5,214.0,157.0,4.9,43.7,0.3809
2005-02-05 23:00:00,983.0,760.0,869.0,898.0,939.0,1.2,,4.9,236.0,162.0,4.2,43.2,0.3605
2005-02-06 00:00:00,963.0,749.0,900.0,834.0,869.0,1.8,,4.7,251.0,173.0,4.0,39.2,0.3228
2005-02-06 01:00:00,962.0,756.0,902.0,843.0,908.0,1.4,,4.9,255.0,176.0,3.7,40.1,0.323
2005-02-06 02:00:00,980.0,761.0,854.0,876.0,1051.0,1.4,,5.0,235.0,172.0,3.1,47.1,0.3638
2005-02-06 03:00:00,914.0,644.0,972.0,832.0,922.0,0.9,,2.9,,,2.6,48.8,0.3658
2005-02-06 04:00:00,898.0,624.0,987.0,825.0,871.0,,,2.6,129.0,108.0,0.8,53.8,0.3542
2005-02-06 05:00:00,854.0,572.0,1070.0,788.0,793.0,0.8,,1.8,95.0,88.0,1.2,51.9,0.3515
2005-02-06 06:00:00,838.0,531.0,1146.0,774.0,753.0,0.7,,1.3,95.0,85.0,1.0,52.2,0.3489
2005-02-06 07:00:00,831.0,543.0,1132.0,787.0,737.0,0.7,,1.5,100.0,88.0,0.6,53.3,0.3467
2005-02-06 08:00:00,833.0,526.0,1169.0,771.0,722.0,0.6,,1.3,110.0,94.0,0.8,52.8,0.3468
2005-02-06 09:00:00,870.0,582.0,1091.0,791.0,737.0,0.8,,2.0,149.0,115.0,0.3,53.7,0.3424
2005-02-06 10:00:00,984.0,727.0,891.0,908.0,913.0,1.3,,4.3,197.0,137.0,4.1,42.9,0.3551
2005-02-06 11:00:00,1065.0,844.0,780.0,979.0,1117.0,2.0,,6.7,351.0,212.0,8.0,33.3,0.3591
2005-02-06 12:00:00,968.0,743.0,886.0,840.0,774.0,1.7,,4.6,249.0,173.0,10.7,25.2,0.3242
2005-02-06 13:00:00,911.0,683.0,981.0,790.0,558.0,1.2,,3.5,188.0,135.0,11.1,23.5,0.3105
2005-02-06 14:00:00,868.0,590.0,1081.0,753.0,420.0,1.0,,2.1,127.0,100.0,10.6,26.0,0.332
2005-02-06 15:00:00,868.0,576.0,1128.0,755.0,363.0,0.8,,1.9,96.0,78.0,10.3,27.7,0.3481
2005-02-06 16:00:00,904.0,633.0,1040.0,789.0,410.0,1.0,,2.7,138.0,100.0,10.2,28.3,0.3516
2005-02-06 17:00:00,944.0,693.0,928.0,832.0,568.0,1.4,,3.7,217.0,150.0,9.2,29.9,0.3479
2005-02-06 18:00:00,925.0,649.0,1003.0,819.0,570.0,1.1,,2.9,186.0,142.0,6.9,36.4,0.3635
2005-02-06 19:00:00,985.0,736.0,891.0,875.0,774.0,1.6,,4.5,227.0,165.0,6.0,38.0,0.3584
2005-02-06 20:00:00,1002.0,780.0,855.0,892.0,857.0,1.8,,5.3,252.0,179.0,5.8,36.4,0.3385
2005-02-06 21:00:00,938.0,692.0,937.0,805.0,737.0,1.4,,3.7,193.0,149.0,5.8,35.4,0.3286
2005-02-06 22:00:00,896.0,627.0,1033.0,782.0,610.0,1.1,,2.6,158.0,126.0,5.4,36.6,0.3304
2005-02-06 23:00:00,907.0,614.0,1052.0,782.0,627.0,1.0,,2.4,150.0,120.0,5.1,37.9,0.3358
2005-02-07 00:00:00,902.0,613.0,1049.0,777.0,566.0,1.1,,2.4,130.0,110.0,4.8,38.0,0.33
2005-02-07 01:00:00,885.0,582.0,1072.0,760.0,517.0,1.0,,2.0,104.0,92.0,4.5,38.1,0.3249
2005-02-07 02:00:00,863.0,545.0,1119.0,749.0,484.0,0.8,,1.5,86.0,78.0,4.3,38.1,0.3207
2005-02-07 03:00:00,861.0,518.0,1141.0,738.0,482.0,0.6,,1.2,,,3.9,39.9,0.325
2005-02-07 04:00:00,852.0,482.0,1187.0,726.0,496.0,0.6,,0.8,67.0,65.0,3.8,41.0,0.3327
2005-02-07 05:00:00,879.0,495.0,1147.0,753.0,623.0,0.6,,1.0,75.0,73.0,3.3,44.6,0.3499
2005-02-07 06:00:00,900.0,525.0,1090.0,780.0,696.0,0.6,,1.3,97.0,85.0,3.6,44.5,0.3574
2005-02-07 07:00:00,963.0,615.0,980.0,837.0,916.0,0.8,,2.4,177.0,133.0,3.4,47.0,0.3713
2005-02-07 08:00:00,1183.0,929.0,675.0,1037.0,1309.0,2.3,,8.7,433.0,246.0,2.9,49.5,0.3775
2005-02-07 09:00:00,1161.0,996.0,639.0,1067.0,1396.0,2.8,,10.5,471.0,281.0,5.6,40.5,0.3704
2005-02-07 10:00:00,1102.0,896.0,720.0,969.0,1226.0,2.1,,7.9,346.0,222.0,7.5,33.8,0.352
2005-02-07 11:00:00,1029.0,835.0,771.0,897.0,1002.0,1.7,,6.5,262.0,182.0,10.8,25.2,0.3251
2005-02-07 12:00:00,973.0,797.0,845.0,845.0,769.0,1.4,,5.7,221.0,154.0,12.9,20.6,0.3045
2005-02-07 13:00:00,981.0,820.0,807.0,876.0,784.0,1.6,,6.2,265.0,168.0,12.2,21.4,0.3033
2005-02-07 14:00:00,960.0,784.0,842.0,868.0,643.0,1.4,,5.4,219.0,149.0,12.0,21.9,0.3069
2005-02-07 15:00:00,973.0,761.0,862.0,865.0,682.0,1.3,,4.9,235.0,156.0,12.2,24.0,0.3392
2005-02-07 16:00:00,968.0,765.0,843.0,863.0,692.0,1.4,,5.0,227.0,156.0,12.0,24.3,0.3393
2005-02-07 17:00:00,1022.0,854.0,771.0,941.0,926.0,1.7,,6.9,285.0,187.0,10.5,27.8,0.3525
2005-02-07 18:00:00,1067.0,879.0,740.0,989.0,996.0,1.9,,7.5,291.0,194.0,8.7,33.9,0.3832
2005-02-07 19:00:00,1101.0,908.0,707.0,1025.0,1095.0,2.3,,8.2,295.0,204.0,7.8,37.6,0.4004
2005-02-07 20:00:00,1081.0,885.0,720.0,1017.0,1058.0,2.0,,7.7,243.0,174.0,7.2,39.4,0.4032
2005-02-07 21:00:00,988.0,738.0,843.0,906.0,893.0,1.6,,4.5,209.0,154.0,7.1,39.6,0.4019
2005-02-07 22:00:00,932.0,630.0,980.0,842.0,681.0,1.0,,2.7,147.0,117.0,7.1,39.6,0.4001
2005-02-07 23:00:00,923.0,602.0,1028.0,831.0,599.0,0.9,,2.3,117.0,98.0,7.2,39.3,0.4004
2005-02-08 00:00:00,915.0,589.0,1045.0,813.0,550.0,0.9,,2.1,105.0,90.0,6.9,39.6,0.3966
2005-02-08 01:00:00,879.0,534.0,1129.0,785.0,470.0,0.9,,1.4,84.0,74.0,7.0,39.8,0.4006
2005-02-08 02:00:00,852.0,479.0,1275.0,761.0,375.0,0.5,,0.8,51.0,49.0,7.1,40.5,0.409
2005-02-08 03:00:00,844.0,453.0,1378.0,748.0,337.0,0.4,,0.6,,,6.9,40.9,0.4091
2005-02-08 04:00:00,878.0,496.0,1182.0,782.0,451.0,0.5,,1.0,54.0,54.0,6.0,42.9,0.404
2005-02-08 05:00:00,910.0,524.0,1102.0,802.0,600.0,0.6,,1.3,74.0,69.0,6.4,42.7,0.4126
2005-02-08 06:00:00,918.0,551.0,1062.0,817.0,712.0,0.6,,1.6,114.0,92.0,6.1,43.6,0.4129
2005-02-08 07:00:00,991.0,653.0,944.0,885.0,931.0,1.0,,3.0,228.0,146.0,5.9,45.1,0.4211
2005-02-08 08:00:00,1223.0,979.0,658.0,1120.0,1332.0,2.1,,10.0,455.0,224.0,6.0,46.4,0.4367
2005-02-08 09:00:00,1277.0,1153.0,543.0,1268.0,1520.0,2.9,,15.1,493.0,253.0,6.6,43.7,0.4273
2005-02-08 10:00:00,1114.0,922.0,689.0,1022.0,1223.0,2.2,,8.6,410.0,225.0,8.7,36.3,0.4074
2005-02-08 11:00:00,1088.0,853.0,729.0,996.0,1122.0,1.6,,6.9,277.0,180.0,10.5,33.4,0.4246
2005-02-08 12:00:00,1064.0,881.0,727.0,979.0,1099.0,1.8,,7.6,340.0,194.0,11.4,27.8,0.3748
2005-02-08 13:00:00,1047.0,854.0,753.0,959.0,904.0,1.5,,6.9,238.0,158.0,12.7,27.4,0.4011
2005-02-08 14:00:00,1075.0,920.0,726.0,992.0,1022.0,2.2,,8.5,323.0,184.0,13.3,23.3,0.354
2005-02-08 15:00:00,973.0,777.0,858.0,844.0,719.0,1.6,,5.3,286.0,165.0,13.9,20.7,0.3271
2005-02-08 16:00:00,942.0,733.0,912.0,800.0,609.0,1.5,,4.4,271.0,156.0,13.6,20.0,0.3093
2005-02-08 17:00:00,,,,,,1.8,,,276.0,172.0,,,
2005-02-08 18:00:00,,,,,,1.8,,,295.0,194.0,,,
2005-02-08 19:00:00,,,,,,2.3,,,340.0,208.0,,,
2005-02-08 20:00:00,,,,,,1.9,,,275.0,187.0,,,
2005-02-08 21:00:00,,,,,,1.9,,,293.0,187.0,,,
2005-02-08 22:00:00,,,,,,1.1,,,157.0,127.0,,,
2005-02-08 23:00:00,,,,,,0.9,,,133.0,107.0,,,
2005-02-09 00:00:00,,,,,,0.8,,,120.0,99.0,,,
2005-02-09 01:00:00,,,,,,0.9,,,122.0,100.0,,,
2005-02-09 02:00:00,,,,,,0.7,,,80.0,73.0,,,
2005-02-09 03:00:00,,,,,,0.8,,,,,,,
2005-02-09 04:00:00,,,,,,,,,88.0,83.0,,,
2005-02-09 05:00:00,,,,,,0.7,,,109.0,92.0,,,
2005-02-09 06:00:00,,,,,,0.6,,,120.0,100.0,,,
2005-02-09 07:00:00,,,,,,1.0,,,233.0,149.0,,,
2005-02-09 08:00:00,,,,,,1.7,,,394.0,231.0,,,
2005-02-09 09:00:00,,,,,,2.7,,,424.0,245.0,,,
2005-02-09 10:00:00,,,,,,3.3,,,446.0,203.0,,,
2005-02-09 11:00:00,,,,,,2.1,,,266.0,165.0,,,
2005-02-09 12:00:00,,,,,,2.0,,,261.0,168.0,,,
2005-02-09 13:00:00,,,,,,2.0,,,220.0,151.0,,,
2005-02-09 14:00:00,,,,,,2.3,,,241.0,152.0,,,
2005-02-09 15:00:00,,,,,,2.0,,,208.0,144.0,,,
2005-02-09 16:00:00,,,,,,2.1,,,215.0,148.0,,,
2005-02-09 17:00:00,,,,,,2.3,,,257.0,176.0,,,
2005-02-09 18:00:00,,,,,,3.1,,,355.0,209.0,,,
2005-02-09 19:00:00,,,,,,3.9,,,415.0,240.0,,,
2005-02-09 20:00:00,,,,,,3.8,,,349.0,223.0,,,
2005-02-09 21:00:00,,,,,,2.9,,,254.0,187.0,,,
2005-02-09 22:00:00,,,,,,2.2,,,228.0,157.0,,,
2005-02-09 23:00:00,,,,,,1.9,,,156.0,123.0,,,
2005-02-10 00:00:00,,,,,,2.0,,,161.0,126.0,,,
2005-02-10 01:00:00,,,,,,1.8,,,123.0,106.0,,,
2005-02-10 02:00:00,,,,,,1.6,,,108.0,95.0,,,
2005-02-10 03:00:00,,,,,,1.5,,,,,,,
2005-02-10 04:00:00,,,,,,1.4,,,95.0,87.0,,,
2005-02-10 05:00:00,,,,,,1.5,,,102.0,88.0,,,
2005-02-10 06:00:00,,,,,,1.7,,,178.0,134.0,,,
2005-02-10 07:00:00,,,,,,1.9,,,214.0,156.0,,,
2005-02-10 08:00:00,,,,,,3.3,,,492.0,247.0,,,
2005-02-10 09:00:00,,,,,,3.8,,,540.0,289.0,,,
2005-02-10 10:00:00,,,,,,4.3,,,604.0,250.0,,,
2005-02-10 11:00:00,,,,,,3.7,,,646.0,232.0,,,
2005-02-10 12:00:00,,,,,,2.7,,,418.0,185.0,,,
2005-02-10 13:00:00,,,,,,2.2,,,250.0,147.0,,,
2005-02-10 14:00:00,,,,,,2.4,,,226.0,128.0,,,
2005-02-10 15:00:00,,,,,,2.2,,,271.0,131.0,,,
2005-02-10 16:00:00,,,,,,2.3,,,288.0,135.0,,,
2005-02-10 17:00:00,,,,,,2.6,,,299.0,149.0,,,
2005-02-10 18:00:00,,,,,,4.2,,,534.0,209.0,,,
2005-02-10 19:00:00,,,,,,6.2,,,687.0,243.0,,,
2005-02-10 20:00:00,,,,,,8.4,,,1028.0,276.0,,,
2005-02-10 21:00:00,,,,,,4.5,,,605.0,225.0,,,
2005-02-10 22:00:00,,,,,,2.7,,,345.0,194.0,,,
2005-02-10 23:00:00,,,,,,2.4,,,255.0,164.0,,,
2005-02-11 00:00:00,,,,,,2.3,,,211.0,148.0,,,
2005-02-11 01:00:00,,,,,,2.2,,,190.0,136.0,,,
2005-02-11 02:00:00,,,,,,2.0,,,149.0,116.0,,,
2005-02-11 03:00:00,,,,,,1.6,,,,,,,
2005-02-11 04:00:00,,,,,,1.6,,,107.0,91.0,,,
2005-02-11 05:00:00,,,,,,1.5,,,98.0,87.0,,,
2005-02-11 06:00:00,,,,,,1.7,,,183.0,123.0,,,
2005-02-11 07:00:00,,,,,,1.8,,,224.0,152.0,,,
2005-02-11 08:00:00,,,,,,3.8,,,589.0,267.0,,,
2005-02-11 09:00:00,,,,,,5.9,,,700.0,296.0,,,
2005-02-11 10:00:00,,,,,,5.4,,,747.0,291.0,,,
2005-02-11 11:00:00,,,,,,4.7,,,746.0,276.0,,,
2005-02-11 12:00:00,,,,,,4.3,,,702.0,250.0,,,
2005-02-11 13:00:00,,,,,,5.4,,,723.0,251.0,,,
2005-02-11 14:00:00,,,,,,5.8,,,872.0,275.0,,,
2005-02-11 15:00:00,,,,,,6.1,,,1054.0,312.0,,,
2005-02-11 16:00:00,,,,,,7.1,,,1218.0,340.0,,,
2005-02-11 17:00:00,,,,,,6.6,,,1227.0,326.0,,,
2005-02-11 18:00:00,,,,,,6.5,,,1061.0,284.0,,,
2005-02-11 19:00:00,,,,,,7.1,,,1075.0,289.0,,,
2005-02-11 20:00:00,,,,,,4.9,,,641.0,215.0,,,
2005-02-11 21:00:00,1521.0,1203.0,476.0,1400.0,2141.0,4.0,,16.8,490.0,207.0,8.5,50.9,0.5664
2005-02-11 22:00:00,1428.0,1085.0,526.0,1268.0,2023.0,4.0,,13.0,550.0,213.0,8.3,53.3,0.5843
2005-02-11 23:00:00,1463.0,1069.0,530.0,1279.0,1967.0,3.6,,12.6,422.0,192.0,7.1,58.1,0.5885
2005-02-12 00:00:00,1494.0,1124.0,504.0,1313.0,1931.0,4.2,,14.2,541.0,211.0,5.8,64.3,0.5964
2005-02-12 01:00:00,1462.0,1080.0,522.0,1274.0,1889.0,4.3,,12.9,599.0,229.0,5.3,66.8,0.5979
2005-02-12 02:00:00,1326.0,967.0,578.0,1174.0,1699.0,3.6,,9.7,490.0,216.0,5.0,66.6,0.5871
2005-02-12 03:00:00,1185.0,807.0,685.0,1051.0,1467.0,2.5,,5.9,,,5.0,66.3,0.5811
2005-02-12 04:00:00,1154.0,788.0,709.0,1065.0,1390.0,,,5.5,223.0,146.0,5.1,65.9,0.5827
2005-02-12 05:00:00,1175.0,839.0,670.0,1087.0,1371.0,1.4,,6.6,214.0,136.0,4.1,69.0,0.5735
2005-02-12 06:00:00,1203.0,870.0,641.0,1103.0,1427.0,1.4,,7.3,274.0,156.0,4.6,67.6,0.5778
2005-02-12 07:00:00,1250.0,933.0,620.0,1144.0,1489.0,1.6,,8.8,338.0,176.0,5.2,65.5,0.5836
2005-02-12 08:00:00,1321.0,1046.0,562.0,1263.0,1610.0,2.3,,11.9,496.0,224.0,6.0,62.8,0.5929
2005-02-12 09:00:00,1323.0,1049.0,550.0,1290.0,1619.0,2.4,,12.0,433.0,207.0,7.1,59.3,0.6005
2005-02-12 10:00:00,1381.0,1045.0,541.0,1307.0,1706.0,2.7,,11.9,496.0,221.0,7.8,58.0,0.6136
2005-02-12 11:00:00,1480.0,1186.0,498.0,1382.0,1882.0,3.4,,16.2,615.0,229.0,9.0,54.7,0.6271
2005-02-12 12:00:00,1485.0,1229.0,477.0,1450.0,1911.0,3.1,,17.6,551.0,208.0,10.0,53.1,0.6495
2005-02-12 13:00:00,1522.0,1229.0,470.0,1488.0,1943.0,3.6,,17.6,575.0,207.0,10.8,52.0,0.6738
2005-02-12 14:00:00,1570.0,1224.0,468.0,1448.0,2020.0,3.8,,17.5,575.0,216.0,11.0,51.4,0.6746
2005-02-12 15:00:00,1507.0,1170.0,488.0,1392.0,1999.0,3.3,,15.7,574.0,224.0,11.0,51.4,0.6725
2005-02-12 16:00:00,1540.0,1202.0,475.0,1440.0,2008.0,3.4,,16.7,582.0,225.0,10.9,52.0,0.6796
2005-02-12 17:00:00,1556.0,1214.0,472.0,1435.0,2026.0,3.7,,17.1,658.0,227.0,11.1,52.0,0.6869
2005-02-12 18:00:00,1707.0,1378.0,416.0,1637.0,2225.0,4.6,,23.0,851.0,248.0,11.0,53.6,0.7033
2005-02-12 19:00:00,1766.0,1419.0,404.0,1659.0,2317.0,5.0,,24.6,903.0,251.0,11.0,55.1,0.7221
2005-02-12 20:00:00,1846.0,1474.0,389.0,1712.0,2426.0,5.7,,26.8,952.0,265.0,11.4,55.4,0.7471
2005-02-12 21:00:00,1795.0,1382.0,410.0,1609.0,2355.0,5.2,,23.2,894.0,262.0,11.1,56.9,0.7506
2005-02-12 22:00:00,1755.0,1352.0,417.0,1587.0,2375.0,5.0,,22.0,839.0,241.0,10.2,60.0,0.7461
2005-02-12 23:00:00,1738.0,1309.0,424.0,1543.0,2494.0,4.5,,20.4,743.0,231.0,10.1,59.9,0.7379
2005-02-13 00:00:00,1712.0,1239.0,443.0,1488.0,2411.0,4.1,,18.0,671.0,229.0,9.9,63.2,0.7706
2005-02-13 01:00:00,1751.0,1255.0,435.0,1541.0,2226.0,4.1,,18.5,689.0,221.0,9.4,73.4,0.8662
2005-02-13 02:00:00,1574.0,1093.0,497.0,1451.0,1808.0,3.1,,13.3,478.0,180.0,9.4,77.7,0.9203
2005-02-13 03:00:00,1458.0,1024.0,530.0,1413.0,1571.0,2.7,,11.3,,,9.6,78.7,0.9429
2005-02-13 04:00:00,1515.0,1066.0,508.0,1430.0,1548.0,2.8,,12.5,345.0,140.0,8.9,81.3,0.9277
2005-02-13 05:00:00,1491.0,1031.0,515.0,1387.0,1541.0,2.9,,11.5,373.0,153.0,8.5,82.9,0.9243
2005-02-13 06:00:00,1453.0,1012.0,534.0,1348.0,1441.0,2.6,,10.9,324.0,150.0,8.3,84.0,0.9234
2005-02-13 07:00:00,1443.0,1003.0,542.0,1356.0,1396.0,2.6,,10.7,341.0,145.0,8.1,85.0,0.9221
2005-02-13 08:00:00,1473.0,1047.0,522.0,1420.0,1411.0,2.8,,11.9,424.0,149.0,8.7,83.7,0.9423
2005-02-13 09:00:00,1548.0,1097.0,491.0,1477.0,1497.0,3.3,,13.4,522.0,155.0,9.5,82.4,0.976
2005-02-13 10:00:00,1586.0,1084.0,495.0,1473.0,1619.0,3.2,,13.0,492.0,158.0,11.0,78.2,1.022
2005-02-13 11:00:00,1488.0,1023.0,533.0,1456.0,1590.0,3.3,,11.2,492.0,188.0,14.1,67.9,1.0859
2005-02-13 12:00:00,1220.0,787.0,675.0,1310.0,1163.0,1.5,,5.5,204.0,154.0,16.3,56.6,1.0422
2005-02-13 13:00:00,1198.0,758.0,698.0,1277.0,1001.0,1.2,,4.9,142.0,107.0,18.7,48.0,1.0259
2005-02-13 14:00:00,1168.0,836.0,666.0,1278.0,822.0,1.1,,6.5,118.0,92.0,19.5,39.3,0.882
2005-02-13 15:00:00,1149.0,917.0,616.0,1293.0,773.0,1.7,,8.4,126.0,106.0,19.9,34.1,0.782
2005-02-13 16:00:00,1052.0,734.0,799.0,1109.0,588.0,1.0,,4.4,115.0,90.0,19.4,32.4,0.7239
2005-02-13 17:00:00,1053.0,727.0,789.0,1081.0,610.0,1.0,,4.3,137.0,100.0,17.1,35.8,0.6944
2005-02-13 18:00:00,1238.0,1037.0,583.0,1388.0,1000.0,2.6,,11.6,212.0,132.0,15.5,40.7,0.7103
2005-02-13 19:00:00,1188.0,939.0,658.0,1234.0,1048.0,2.5,,9.0,354.0,211.0,14.8,42.8,0.7182
2005-02-13 20:00:00,1150.0,891.0,684.0,1198.0,1002.0,2.1,,7.8,331.0,179.0,13.9,43.8,0.6937
2005-02-13 21:00:00,984.0,694.0,881.0,1032.0,711.0,1.0,,3.7,141.0,116.0,13.7,42.9,0.6687
2005-02-13 22:00:00,1111.0,777.0,760.0,1137.0,1024.0,1.3,,5.3,228.0,143.0,12.5,47.8,0.6877
2005-02-13 23:00:00,1131.0,793.0,728.0,1173.0,1054.0,1.5,,5.6,228.0,142.0,11.8,53.4,0.7366
2005-02-14 00:00:00,1115.0,778.0,749.0,1158.0,994.0,1.4,,5.3,203.0,135.0,10.9,55.9,0.7312
2005-02-14 01:00:00,1133.0,811.0,708.0,1182.0,1031.0,1.6,,6.0,215.0,136.0,10.1,58.9,0.7301
2005-02-14 02:00:00,1024.0,709.0,798.0,1120.0,884.0,1.1,,4.0,142.0,109.0,9.8,61.2,0.7413
2005-02-14 03:00:00,968.0,639.0,891.0,1080.0,794.0,0.7,,2.8,,,8.4,67.1,0.7411
2005-02-14 04:00:00,923.0,567.0,994.0,1024.0,688.0,0.5,,1.8,66.0,62.0,8.3,67.2,0.7382
2005-02-14 05:00:00,902.0,548.0,1063.0,1024.0,617.0,0.4,,1.5,54.0,49.0,7.7,68.9,0.728
2005-02-14 06:00:00,995.0,646.0,895.0,1053.0,818.0,0.7,,2.9,121.0,81.0,6.9,70.0,0.6997
2005-02-14 07:00:00,858.0,597.0,1054.0,857.0,690.0,0.7,,2.2,141.0,104.0,9.0,37.3,0.4297
2005-02-14 08:00:00,1233.0,1030.0,619.0,1257.0,1291.0,2.3,,11.4,388.0,176.0,9.4,44.9,0.5296
2005-02-14 09:00:00,1140.0,958.0,627.0,1175.0,1200.0,2.5,,9.5,366.0,193.0,10.3,45.4,0.5666
2005-02-14 10:00:00,1096.0,1036.0,635.0,1043.0,1127.0,1.7,,11.6,254.0,168.0,11.5,39.6,0.5372
2005-02-14 11:00:00,1295.0,1639.0,477.0,1013.0,1582.0,2.5,,33.9,164.0,123.0,11.7,36.9,0.506
2005-02-14 12:00:00,926.0,882.0,744.0,913.0,700.0,2.1,,7.6,142.0,111.0,11.8,36.2,0.4999
2005-02-14 13:00:00,970.0,857.0,748.0,990.0,693.0,1.1,,7.0,162.0,120.0,12.0,38.7,0.5402
2005-02-14 14:00:00,960.0,853.0,782.0,967.0,709.0,1.3,,6.9,177.0,123.0,13.7,30.3,0.4724
2005-02-14 15:00:00,941.0,800.0,823.0,917.0,671.0,1.1,,5.8,157.0,115.0,12.6,30.6,0.4443
2005-02-14 16:00:00,921.0,771.0,850.0,885.0,632.0,1.1,,5.2,162.0,120.0,13.0,27.4,0.4085
2005-02-14 17:00:00,940.0,829.0,823.0,901.0,716.0,1.4,,6.4,209.0,140.0,13.6,22.7,0.3529
2005-02-14 18:00:00,1036.0,1046.0,694.0,1044.0,1059.0,2.3,,11.9,304.0,185.0,11.8,23.0,0.3171
2005-02-14 19:00:00,1102.0,1221.0,609.0,1136.0,1329.0,4.2,,17.4,484.0,212.0,10.7,19.9,0.2547
2005-02-14 20:00:00,1035.0,1141.0,670.0,1018.0,1196.0,3.5,,14.7,399.0,200.0,10.4,18.0,0.2269
2005-02-14 21:00:00,990.0,978.0,751.0,928.0,1131.0,3.0,,10.0,390.0,191.0,9.7,20.6,0.2488
2005-02-14 22:00:00,950.0,839.0,834.0,878.0,977.0,1.7,,6.6,287.0,169.0,9.4,24.8,0.2923
2005-02-14 23:00:00,988.0,839.0,803.0,936.0,963.0,1.6,,6.6,202.0,139.0,8.8,31.2,0.3533
2005-02-15 00:00:00,884.0,658.0,982.0,813.0,581.0,1.0,,3.1,126.0,102.0,8.7,31.2,0.3521
2005-02-15 01:00:00,840.0,597.0,1081.0,766.0,432.0,0.8,,2.2,87.0,76.0,8.5,30.4,0.3391
2005-02-15 02:00:00,814.0,526.0,1228.0,740.0,352.0,0.6,,1.3,59.0,56.0,8.0,32.9,0.353
2005-02-15 03:00:00,821.0,509.0,1235.0,762.0,348.0,0.4,,1.1,,,7.1,37.4,0.3799
2005-02-15 04:00:00,802.0,440.0,1413.0,738.0,312.0,,,0.5,31.0,30.0,6.9,39.1,0.3901
2005-02-15 05:00:00,805.0,437.0,1491.0,738.0,296.0,0.3,,0.5,28.0,28.0,6.9,39.8,0.3966
2005-02-15 06:00:00,850.0,529.0,1183.0,780.0,385.0,0.4,,1.3,64.0,56.0,6.1,40.8,0.3868
2005-02-15 07:00:00,913.0,619.0,1018.0,834.0,586.0,0.5,,2.5,123.0,94.0,6.0,41.5,0.3896
2005-02-15 08:00:00,1047.0,844.0,784.0,979.0,987.0,1.5,,6.7,363.0,196.0,6.1,39.9,0.3781
2005-02-15 09:00:00,1055.0,899.0,731.0,1017.0,1035.0,2.1,,8.0,416.0,220.0,6.5,39.5,0.3865
2005-02-15 10:00:00,974.0,778.0,832.0,905.0,782.0,1.6,,5.3,286.0,168.0,9.4,32.7,0.3855
2005-02-15 11:00:00,863.0,669.0,993.0,776.0,511.0,1.0,,3.3,198.0,133.0,11.3,24.9,0.3318
2005-02-15 12:00:00,889.0,734.0,942.0,801.0,566.0,1.2,,4.4,216.0,134.0,12.8,19.8,0.2933
2005-02-15 13:00:00,906.0,790.0,893.0,837.0,642.0,1.3,,5.5,211.0,138.0,12.3,19.3,0.274
2005-02-15 14:00:00,874.0,751.0,918.0,792.0,591.0,1.4,,4.8,199.0,135.0,12.0,19.3,0.2716
2005-02-15 15:00:00,849.0,680.0,1015.0,741.0,461.0,1.0,,3.5,161.0,111.0,11.9,19.2,0.2677
2005-02-15 16:00:00,923.0,761.0,909.0,840.0,609.0,1.4,,4.9,218.0,124.0,12.1,20.7,0.2906
2005-02-15 17:00:00,962.0,841.0,827.0,901.0,821.0,1.5,,6.6,252.0,158.0,11.5,22.1,0.2987
2005-02-15 18:00:00,1067.0,1059.0,671.0,1085.0,1163.0,2.4,,12.3,337.0,181.0,10.4,23.1,0.2905
2005-02-15 19:00:00,1125.0,1121.0,630.0,1132.0,1405.0,2.8,,14.1,357.0,185.0,9.5,25.2,0.2996
2005-02-15 20:00:00,1149.0,1124.0,623.0,1141.0,1405.0,3.1,,14.2,410.0,187.0,8.9,26.9,0.3069
2005-02-15 21:00:00,1155.0,1034.0,648.0,1061.0,1429.0,3.1,,11.6,445.0,196.0,8.2,30.1,0.327
2005-02-15 22:00:00,1065.0,908.0,741.0,953.0,1284.0,2.0,,8.2,314.0,174.0,7.4,31.8,0.3287
2005-02-15 23:00:00,1145.0,946.0,699.0,1015.0,1409.0,2.1,,9.2,366.0,182.0,6.6,37.5,0.3664
2005-02-16 00:00:00,1134.0,912.0,707.0,999.0,1376.0,1.9,,8.3,336.0,182.0,6.3,40.1,0.3842
2005-02-16 01:00:00,1195.0,1004.0,652.0,1078.0,1421.0,2.5,,10.7,387.0,193.0,5.2,44.2,0.3943
2005-02-16 02:00:00,1141.0,898.0,689.0,1014.0,1356.0,2.0,,8.0,320.0,174.0,4.4,47.5,0.4017
2005-02-16 03:00:00,1077.0,806.0,725.0,949.0,1296.0,1.4,,5.9,,,4.0,49.1,0.4019
2005-02-16 04:00:00,1052.0,740.0,768.0,913.0,1202.0,1.1,,4.5,237.0,142.0,3.3,52.2,0.4074
2005-02-16 05:00:00,1033.0,701.0,782.0,883.0,1206.0,0.8,,3.8,224.0,137.0,3.2,52.4,0.4071
2005-02-16 06:00:00,1080.0,768.0,732.0,924.0,1305.0,0.9,,5.1,237.0,140.0,3.6,51.7,0.4123
2005-02-16 07:00:00,1208.0,931.0,622.0,1052.0,1485.0,1.6,,8.8,454.0,201.0,3.5,54.2,0.4297
2005-02-16 08:00:00,1363.0,1183.0,520.0,1273.0,1643.0,3.6,,16.1,854.0,288.0,5.2,48.3,0.4304
2005-02-16 09:00:00,1239.0,1096.0,577.0,1211.0,1459.0,3.3,,13.4,758.0,260.0,7.8,37.6,0.3994
2005-02-16 10:00:00,1044.0,940.0,706.0,1014.0,1152.0,2.1,,9.0,428.0,206.0,8.9,33.8,0.385
2005-02-16 11:00:00,956.0,761.0,849.0,887.0,885.0,1.3,,5.0,205.0,98.0,9.1,33.0,0.3827
2005-02-16 12:00:00,955.0,725.0,890.0,880.0,770.0,1.1,,4.3,205.0,138.0,9.1,34.5,0.3994
2005-02-16 13:00:00,997.0,825.0,790.0,948.0,852.0,1.5,,6.3,226.0,139.0,9.6,31.3,0.3763
2005-02-16 14:00:00,987.0,810.0,801.0,939.0,830.0,1.5,,6.0,199.0,137.0,8.5,36.3,0.4026
2005-02-16 15:00:00,1007.0,798.0,793.0,942.0,867.0,1.6,,5.7,253.0,155.0,9.3,34.6,0.405
2005-02-16 16:00:00,1025.0,795.0,783.0,967.0,881.0,1.5,,5.6,259.0,155.0,8.9,37.9,0.4318
2005-02-16 17:00:00,1083.0,856.0,720.0,1010.0,975.0,1.6,,7.0,252.0,148.0,8.2,41.8,0.4563
2005-02-16 18:00:00,1143.0,960.0,641.0,1110.0,1136.0,2.2,,9.5,313.0,153.0,7.4,44.5,0.4582
2005-02-16 19:00:00,1288.0,1178.0,539.0,1300.0,1434.0,3.4,,15.9,433.0,171.0,7.0,43.4,0.4366
2005-02-16 20:00:00,1464.0,1421.0,457.0,1542.0,1746.0,5.6,,24.7,611.0,227.0,6.6,43.4,0.4241
2005-02-16 21:00:00,1341.0,1204.0,534.0,1294.0,1592.0,5.2,,16.8,626.0,251.0,5.9,44.3,0.4137
2005-02-16 22:00:00,1177.0,1004.0,640.0,1111.0,1341.0,2.8,,10.7,408.0,216.0,5.0,46.6,0.4099
2005-02-16 23:00:00,1089.0,913.0,712.0,1016.0,1208.0,2.4,,8.3,357.0,200.0,5.8,40.3,0.374
2005-02-17 00:00:00,1196.0,1014.0,643.0,1101.0,1334.0,2.7,,11.0,375.0,192.0,5.4,43.8,0.3945
2005-02-17 01:00:00,1107.0,874.0,721.0,984.0,1208.0,2.6,,7.4,326.0,187.0,5.7,42.1,0.3883
2005-02-17 02:00:00,1102.0,897.0,715.0,1024.0,1196.0,2.3,,7.9,326.0,173.0,5.7,42.1,0.3885
2005-02-17 03:00:00,993.0,688.0,847.0,874.0,931.0,1.0,,3.6,,,5.8,42.9,0.399
2005-02-17 04:00:00,912.0,559.0,1016.0,837.0,656.0,0.6,,1.7,72.0,64.0,5.7,46.6,0.4298
2005-02-17 05:00:00,883.0,496.0,1140.0,804.0,478.0,0.5,,1.0,49.0,46.0,6.9,45.0,0.4499
2005-02-17 06:00:00,893.0,507.0,1111.0,794.0,489.0,0.5,,1.1,59.0,51.0,6.9,42.2,0.4224
2005-02-17 07:00:00,1033.0,711.0,893.0,935.0,893.0,1.0,,4.0,220.0,115.0,6.4,43.8,0.423
2005-02-17 08:00:00,1222.0,966.0,636.0,1134.0,1322.0,2.6,,9.7,602.0,238.0,6.6,44.6,0.4383
2005-02-17 09:00:00,1190.0,1000.0,624.0,1152.0,1280.0,2.7,,10.6,485.0,202.0,7.7,42.1,0.444
2005-02-17 10:00:00,1035.0,783.0,794.0,969.0,943.0,1.8,,5.4,295.0,167.0,10.1,36.7,0.4536
2005-02-17 11:00:00,990.0,705.0,873.0,913.0,772.0,1.2,,3.9,217.0,139.0,9.0,41.4,0.4775
2005-02-17 12:00:00,1011.0,732.0,830.0,944.0,826.0,1.3,,4.4,236.0,147.0,8.7,42.5,0.4787
2005-02-17 13:00:00,1041.0,763.0,790.0,1003.0,808.0,1.4,,5.0,196.0,130.0,8.3,47.8,0.5238
2005-02-17 14:00:00,1086.0,850.0,723.0,1072.0,901.0,1.8,,6.8,233.0,143.0,8.9,45.5,0.5208
2005-02-17 15:00:00,1021.0,755.0,807.0,980.0,763.0,1.3,,4.8,207.0,143.0,8.9,46.1,0.5256
2005-02-17 16:00:00,1014.0,761.0,806.0,972.0,722.0,1.4,,5.0,198.0,136.0,9.0,44.9,0.5173
2005-02-17 17:00:00,1023.0,771.0,807.0,982.0,735.0,1.4,,5.2,212.0,143.0,9.3,42.3,0.4974
2005-02-17 18:00:00,1172.0,977.0,657.0,1160.0,1047.0,2.4,,10.0,280.0,177.0,8.4,45.2,0.4977
2005-02-17 19:00:00,1172.0,1017.0,623.0,1185.0,1163.0,2.8,,11.1,315.0,198.0,7.6,47.8,0.5013
2005-02-17 20:00:00,1219.0,1081.0,590.0,1246.0,1244.0,3.3,,12.9,378.0,200.0,7.4,47.2,0.4871
2005-02-17 21:00:00,1106.0,891.0,708.0,1058.0,1025.0,2.5,,7.8,320.0,191.0,7.4,46.9,0.4854
2005-02-17 22:00:00,1078.0,824.0,759.0,1016.0,982.0,2.1,,6.3,265.0,169.0,6.9,48.2,0.4832
2005-02-17 23:00:00,939.0,637.0,960.0,883.0,607.0,1.2,,2.8,129.0,106.0,7.1,47.9,0.4867
2005-02-18 00:00:00,975.0,670.0,943.0,910.0,616.0,1.2,,3.3,129.0,105.0,6.9,48.7,0.4874
2005-02-18 01:00:00,958.0,660.0,935.0,905.0,654.0,1.3,,3.1,172.0,130.0,6.8,48.2,0.4792
2005-02-18 02:00:00,921.0,594.0,1025.0,867.0,479.0,1.0,,2.1,100.0,82.0,6.3,49.6,0.4787
2005-02-18 03:00:00,931.0,580.0,983.0,863.0,487.0,0.8,,1.9,,,5.6,52.9,0.4855
2005-02-18 04:00:00,874.0,472.0,1179.0,803.0,382.0,,,0.7,49.0,45.0,6.4,49.8,0.4814
2005-02-18 05:00:00,872.0,476.0,1249.0,794.0,350.0,0.4,,0.8,36.0,35.0,6.9,48.1,0.4796
2005-02-18 06:00:00,904.0,530.0,1079.0,846.0,438.0,0.5,,1.3,79.0,60.0,6.4,50.2,0.485
2005-02-18 07:00:00,951.0,568.0,1021.0,888.0,578.0,0.7,,1.8,128.0,90.0,6.4,50.7,0.4886
2005-02-18 08:00:00,1183.0,896.0,673.0,1115.0,1140.0,2.1,,7.9,456.0,205.0,6.9,48.8,0.4903
2005-02-18 09:00:00,1187.0,970.0,625.0,1174.0,1203.0,2.5,,9.8,477.0,199.0,8.4,44.6,0.4922
2005-02-18 10:00:00,1072.0,874.0,715.0,1033.0,1000.0,2.0,,7.4,342.0,153.0,10.8,37.1,0.4794
2005-02-18 11:00:00,1011.0,780.0,805.0,964.0,806.0,1.4,,5.3,254.0,163.0,11.2,36.2,0.4818
2005-02-18 12:00:00,997.0,752.0,837.0,952.0,724.0,1.3,,4.8,231.0,152.0,11.8,34.4,0.4758
2005-02-18 13:00:00,989.0,791.0,804.0,953.0,690.0,1.4,,5.6,213.0,146.0,11.5,33.1,0.4479
2005-02-18 14:00:00,1006.0,837.0,775.0,971.0,757.0,1.6,,6.6,208.0,146.0,10.9,32.6,0.426
2005-02-18 15:00:00,1016.0,845.0,771.0,987.0,818.0,1.7,,6.7,270.0,134.0,11.3,31.7,0.4249
2005-02-18 16:00:00,1069.0,918.0,724.0,1045.0,936.0,1.8,,8.4,276.0,164.0,11.6,30.9,0.4223
2005-02-18 17:00:00,1109.0,989.0,664.0,1096.0,1133.0,2.4,,10.3,375.0,141.0,11.1,32.2,0.4243
2005-02-18 18:00:00,1182.0,1071.0,617.0,1187.0,1298.0,2.8,,12.6,395.0,204.0,9.7,36.0,0.4333
2005-02-18 19:00:00,1253.0,1179.0,573.0,1268.0,1387.0,3.3,,16.0,421.0,210.0,8.5,39.0,0.4336
2005-02-18 20:00:00,1288.0,1228.0,549.0,1333.0,1502.0,4.8,,17.6,632.0,250.0,8.3,40.3,0.4411
2005-02-18 21:00:00,1153.0,981.0,666.0,1097.0,1273.0,2.8,,10.1,424.0,202.0,8.0,41.3,0.4448
2005-02-18 22:00:00,1161.0,969.0,677.0,1111.0,1271.0,2.4,,9.8,369.0,190.0,7.0,44.2,0.4446
2005-02-18 23:00:00,1271.0,1031.0,618.0,1138.0,1464.0,2.9,,11.5,484.0,236.0,5.4,51.8,0.4698
2005-02-19 00:00:00,1156.0,909.0,684.0,1023.0,1384.0,2.7,,8.2,456.0,250.0,4.1,55.0,0.4558
2005-02-19 01:00:00,1106.0,850.0,727.0,997.0,1281.0,2.1,,6.8,373.0,219.0,3.1,57.8,0.4462
2005-02-19 02:00:00,1008.0,726.0,834.0,913.0,1083.0,1.5,,4.3,228.0,156.0,3.1,56.7,0.4388
2005-02-19 03:00:00,966.0,703.0,865.0,903.0,989.0,1.2,,3.9,,,2.2,59.6,0.4333
2005-02-19 04:00:00,931.0,627.0,948.0,860.0,911.0,0.9,,2.6,117.0,98.0,2.3,58.9,0.4317
2005-02-19 05:00:00,922.0,611.0,962.0,867.0,893.0,0.8,,2.4,108.0,89.0,1.9,60.0,0.4276
2005-02-19 06:00:00,911.0,606.0,950.0,866.0,894.0,0.8,,2.3,126.0,104.0,1.9,60.3,0.4293
2005-02-19 07:00:00,993.0,736.0,819.0,941.0,1018.0,1.1,,4.5,235.0,148.0,0.9,64.6,0.4294
2005-02-19 08:00:00,1100.0,919.0,678.0,1072.0,1191.0,1.9,,8.5,339.0,194.0,0.6,65.0,0.4231
2005-02-19 09:00:00,1141.0,940.0,651.0,1099.0,1285.0,2.5,,9.0,399.0,231.0,2.1,59.9,0.4338
2005-02-19 10:00:00,1085.0,800.0,750.0,983.0,1219.0,2.2,,5.7,346.0,200.0,3.1,57.2,0.4402
2005-02-19 11:00:00,1153.0,853.0,696.0,1027.0,1370.0,2.1,,6.9,407.0,217.0,4.2,54.0,0.4483
2005-02-19 12:00:00,1122.0,831.0,722.0,982.0,1317.0,2.3,,6.4,393.0,210.0,7.4,43.8,0.4538
2005-02-19 13:00:00,992.0,685.0,890.0,902.0,818.0,1.2,,3.5,166.0,126.0,11.2,34.5,0.4586
2005-02-19 14:00:00,1018.0,693.0,868.0,937.0,683.0,1.2,,3.7,157.0,118.0,13.8,32.4,0.5084
2005-02-19 15:00:00,981.0,649.0,924.0,901.0,573.0,1.1,,2.9,141.0,114.0,12.4,34.9,0.5002
2005-02-19 16:00:00,988.0,679.0,905.0,911.0,595.0,1.1,,3.4,144.0,117.0,12.8,31.9,0.4684
2005-02-19 17:00:00,1059.0,777.0,797.0,969.0,774.0,1.4,,5.3,191.0,140.0,13.5,29.1,0.4486
2005-02-19 18:00:00,1110.0,870.0,708.0,1057.0,1059.0,1.7,,7.3,255.0,168.0,11.6,33.3,0.454
2005-02-19 19:00:00,1204.0,979.0,639.0,1147.0,1326.0,2.5,,10.0,379.0,202.0,10.9,34.9,0.4568
2005-02-19 20:00:00,1275.0,1061.0,593.0,1203.0,1494.0,2.7,,12.3,427.0,211.0,10.4,37.3,0.4708
2005-02-19 21:00:00,1297.0,1044.0,600.0,1185.0,1559.0,3.1,,11.8,509.0,231.0,9.7,39.7,0.4792
2005-02-19 22:00:00,1277.0,991.0,609.0,1141.0,1575.0,2.8,,10.4,459.0,214.0,9.1,41.9,0.4857
2005-02-19 23:00:00,1207.0,888.0,664.0,1062.0,1447.0,1.9,,7.7,293.0,181.0,9.3,41.9,0.4927
2005-02-20 00:00:00,1222.0,880.0,684.0,1083.0,1367.0,1.9,,7.5,269.0,173.0,9.4,44.7,0.5279
2005-02-20 01:00:00,1141.0,816.0,745.0,1026.0,1230.0,1.7,,6.1,244.0,169.0,8.5,45.8,0.5108
2005-02-20 02:00:00,1228.0,913.0,643.0,1124.0,1396.0,2.2,,8.3,293.0,174.0,7.8,50.0,0.53
2005-02-20 03:00:00,1120.0,770.0,756.0,1012.0,1191.0,1.6,,5.1,,,7.7,49.7,0.5242
2005-02-20 04:00:00,1067.0,758.0,775.0,993.0,1009.0,1.5,,4.9,177.0,130.0,8.2,46.9,0.5099
2005-02-20 05:00:00,947.0,580.0,978.0,894.0,572.0,0.8,,1.9,81.0,72.0,8.4,48.6,0.5375
2005-02-20 06:00:00,918.0,501.0,1148.0,881.0,420.0,0.5,,1.0,42.0,40.0,8.0,54.7,0.5883
2005-02-20 07:00:00,920.0,506.0,1142.0,905.0,453.0,0.5,,1.1,61.0,56.0,7.8,55.7,0.5914
2005-02-20 08:00:00,941.0,541.0,1065.0,919.0,520.0,0.7,,1.5,101.0,81.0,8.0,53.8,0.5796
2005-02-20 09:00:00,949.0,552.0,1035.0,919.0,531.0,0.7,,1.6,98.0,81.0,8.8,50.7,0.5752
2005-02-20 10:00:00,990.0,604.0,944.0,947.0,579.0,0.9,,2.3,114.0,88.0,10.1,47.6,0.587
2005-02-20 11:00:00,996.0,620.0,928.0,946.0,570.0,1.0,,2.5,118.0,94.0,10.6,45.8,0.5838
2005-02-20 12:00:00,1023.0,623.0,916.0,976.0,571.0,1.1,,2.5,120.0,97.0,9.1,56.2,0.6515
2005-02-20 13:00:00,1037.0,636.0,891.0,1024.0,582.0,1.1,,2.8,151.0,112.0,7.9,66.5,0.7124
2005-02-20 14:00:00,1017.0,613.0,919.0,1007.0,551.0,1.0,,2.4,131.0,104.0,8.0,65.0,0.6991
2005-02-20 15:00:00,1042.0,671.0,861.0,1038.0,634.0,1.1,,3.3,145.0,107.0,8.4,61.0,0.6721
2005-02-20 16:00:00,1037.0,665.0,854.0,1013.0,633.0,1.3,,3.2,156.0,114.0,8.6,57.3,0.6429
2005-02-20 17:00:00,1009.0,640.0,915.0,996.0,613.0,1.2,,2.8,151.0,115.0,8.4,56.3,0.6227
2005-02-20 18:00:00,1033.0,675.0,853.0,1006.0,702.0,1.3,,3.4,173.0,127.0,8.0,57.7,0.6222
2005-02-20 19:00:00,1016.0,647.0,906.0,997.0,649.0,1.1,,2.9,154.0,119.0,7.1,62.6,0.6341
2005-02-20 20:00:00,1076.0,745.0,801.0,1040.0,841.0,1.5,,4.6,221.0,149.0,7.4,59.3,0.6123
2005-02-20 21:00:00,1029.0,699.0,851.0,1001.0,795.0,1.4,,3.8,193.0,140.0,7.7,56.9,0.5994
2005-02-20 22:00:00,984.0,661.0,898.0,965.0,638.0,1.1,,3.1,130.0,105.0,7.7,54.4,0.5753
2005-02-20 23:00:00,1003.0,694.0,876.0,976.0,663.0,1.3,,3.7,156.0,116.0,7.7,53.0,0.5572
2005-02-21 00:00:00,1009.0,671.0,877.0,1010.0,610.0,1.4,,3.3,148.0,112.0,6.7,62.8,0.6188
2005-02-21 01:00:00,946.0,588.0,1005.0,948.0,480.0,1.1,,2.1,93.0,80.0,6.6,61.9,0.6056
2005-02-21 02:00:00,910.0,518.0,1130.0,936.0,404.0,0.8,,1.2,66.0,59.0,5.7,70.3,0.6498
2005-02-21 03:00:00,886.0,464.0,1273.0,919.0,357.0,0.6,,0.7,,,4.5,79.2,0.6751
2005-02-21 04:00:00,879.0,447.0,1317.0,910.0,348.0,,,0.5,38.0,36.0,4.0,81.5,0.6712
2005-02-21 05:00:00,907.0,502.0,1129.0,947.0,399.0,0.5,,1.0,50.0,49.0,3.9,81.5,0.6653
2005-02-21 06:00:00,949.0,589.0,987.0,1001.0,464.0,0.6,,2.1,77.0,63.0,3.3,84.3,0.6617
2005-02-21 07:00:00,1054.0,786.0,766.0,1129.0,699.0,1.2,,5.5,183.0,123.0,4.2,80.9,0.6742
2005-02-21 08:00:00,1214.0,1010.0,609.0,1282.0,1006.0,2.2,,10.9,256.0,164.0,5.1,75.0,0.6646
2005-02-21 09:00:00,1253.0,1095.0,566.0,1375.0,1206.0,2.9,,13.3,355.0,218.0,4.6,77.6,0.6651
2005-02-21 10:00:00,1197.0,964.0,614.0,1260.0,1122.0,2.9,,9.6,491.0,254.0,3.8,84.3,0.6811
2005-02-21 11:00:00,1156.0,859.0,684.0,1196.0,1069.0,2.0,,7.0,387.0,210.0,6.2,77.4,0.7383
2005-02-21 12:00:00,1132.0,837.0,694.0,1199.0,1062.0,1.7,,6.6,384.0,208.0,7.7,67.6,0.7133
2005-02-21 13:00:00,1207.0,950.0,623.0,1303.0,1162.0,2.2,,9.3,368.0,204.0,8.1,64.8,0.7039
2005-02-21 14:00:00,1127.0,896.0,664.0,1227.0,1010.0,1.8,,7.9,258.0,172.0,8.1,64.0,0.6942
2005-02-21 15:00:00,1112.0,851.0,694.0,1184.0,931.0,1.6,,6.9,231.0,157.0,6.9,71.3,0.7118
2005-02-21 16:00:00,1186.0,925.0,641.0,1272.0,1025.0,1.9,,8.6,290.0,181.0,7.0,73.7,0.7425
2005-02-21 17:00:00,1192.0,976.0,618.0,1290.0,1110.0,2.2,,10.0,335.0,194.0,7.3,70.0,0.7195
2005-02-21 18:00:00,1177.0,931.0,656.0,1281.0,979.0,2.2,,8.8,293.0,193.0,5.8,77.8,0.7223
2005-02-21 19:00:00,1478.0,1301.0,469.0,1682.0,1409.0,4.9,,20.2,526.0,252.0,5.4,80.9,0.7293
2005-02-21 20:00:00,1486.0,1289.0,466.0,1633.0,1438.0,6.3,,19.7,607.0,283.0,5.5,79.8,0.7261
2005-02-21 21:00:00,1118.0,863.0,680.0,1194.0,1083.0,2.7,,7.1,326.0,208.0,5.6,74.0,0.6808
2005-02-21 22:00:00,1019.0,730.0,811.0,1082.0,916.0,1.4,,4.4,188.0,143.0,5.6,71.9,0.6604
2005-02-21 23:00:00,961.0,643.0,914.0,1046.0,825.0,1.2,,2.9,163.0,124.0,6.4,70.7,0.6848
2005-02-22 00:00:00,931.0,591.0,1015.0,1015.0,704.0,0.8,,2.1,102.0,89.0,6.3,70.1,0.6733
2005-02-22 01:00:00,938.0,592.0,992.0,1032.0,668.0,0.8,,2.1,95.0,85.0,4.4,80.5,0.6825
2005-02-22 02:00:00,888.0,511.0,1112.0,963.0,512.0,0.7,,1.1,71.0,66.0,3.9,83.1,0.6787
2005-02-22 03:00:00,844.0,454.0,1327.0,908.0,385.0,0.4,,0.6,,,2.5,86.6,0.6407
2005-02-22 04:00:00,851.0,440.0,1349.0,918.0,377.0,0.4,,0.5,46.0,46.0,3.4,85.4,0.6736
2005-02-22 05:00:00,905.0,503.0,1152.0,956.0,467.0,0.5,,1.0,62.0,60.0,3.3,84.5,0.6608
2005-02-22 06:00:00,987.0,628.0,929.0,1035.0,691.0,0.9,,2.6,170.0,117.0,3.4,84.5,0.664
2005-02-22 07:00:00,1124.0,842.0,690.0,1180.0,981.0,1.5,,6.7,313.0,178.0,3.4,84.5,0.6677
2005-02-22 08:00:00,1408.0,1200.0,490.0,1523.0,1369.0,3.8,,16.7,687.0,295.0,4.1,82.7,0.682
2005-02-22 09:00:00,1501.0,1403.0,418.0,1789.0,1589.0,5.4,,24.0,757.0,243.0,4.6,80.3,0.6889
2005-02-22 10:00:00,1266.0,1149.0,528.0,1435.0,1370.0,3.5,,15.0,559.0,255.0,6.1,74.0,0.7025
2005-02-22 11:00:00,1082.0,855.0,725.0,1140.0,1005.0,1.7,,6.9,286.0,201.0,9.1,58.4,0.6787
2005-02-22 12:00:00,1123.0,942.0,653.0,1225.0,1105.0,2.0,,9.1,324.0,208.0,11.4,48.9,0.658
2005-02-22 13:00:00,1174.0,979.0,611.0,1282.0,1142.0,2.1,,10.0,316.0,212.0,8.3,64.4,0.7072
2005-02-22 14:00:00,1209.0,1082.0,573.0,1355.0,1105.0,3.0,,12.9,407.0,238.0,6.5,71.0,0.6903
2005-02-22 15:00:00,1120.0,940.0,657.0,1245.0,917.0,2.1,,9.0,305.0,201.0,6.6,71.1,0.6973
2005-02-22 16:00:00,1174.0,1010.0,613.0,1305.0,1050.0,2.5,,10.9,360.0,218.0,7.4,69.3,0.7165
2005-02-22 17:00:00,1068.0,896.0,702.0,1177.0,848.0,2.2,,7.9,339.0,222.0,6.4,70.6,0.6834
2005-02-22 18:00:00,1146.0,985.0,650.0,1236.0,952.0,2.4,,10.2,304.0,206.0,5.8,72.5,0.6718
2005-02-22 19:00:00,1204.0,1089.0,601.0,1335.0,1059.0,3.6,,13.2,397.0,251.0,5.6,71.6,0.6556
2005-02-22 20:00:00,1062.0,903.0,717.0,1141.0,720.0,2.6,,8.1,270.0,190.0,4.2,77.8,0.6491
2005-02-22 21:00:00,1122.0,919.0,680.0,1201.0,981.0,2.7,,8.5,339.0,218.0,4.3,79.5,0.6648
2005-02-22 22:00:00,940.0,686.0,903.0,1005.0,648.0,1.4,,3.6,190.0,150.0,4.5,75.5,0.6429
2005-02-22 23:00:00,935.0,628.0,995.0,986.0,611.0,0.9,,2.6,126.0,111.0,4.4,77.1,0.6523
2005-02-23 00:00:00,1011.0,725.0,852.0,1050.0,773.0,1.5,,4.3,189.0,142.0,4.2,78.2,0.6506
2005-02-23 01:00:00,952.0,665.0,907.0,1007.0,703.0,1.1,,3.2,146.0,119.0,4.0,79.3,0.6517
2005-02-23 02:00:00,899.0,572.0,1063.0,951.0,560.0,0.8,,1.8,98.0,87.0,3.9,78.7,0.643
2005-02-23 03:00:00,880.0,533.0,1161.0,948.0,499.0,0.6,,1.4,,,3.5,80.6,0.6403
2005-02-23 04:00:00,882.0,516.0,1132.0,959.0,575.0,0.6,,1.2,75.0,70.0,3.2,82.8,0.6426
2005-02-23 05:00:00,844.0,466.0,1261.0,894.0,478.0,0.6,,0.7,77.0,68.0,4.1,76.0,0.6304
2005-02-23 06:00:00,860.0,497.0,1251.0,912.0,442.0,0.6,,1.0,72.0,66.0,4.2,75.9,0.6311
2005-02-23 07:00:00,917.0,597.0,1084.0,994.0,602.0,0.7,,2.2,152.0,117.0,4.5,76.3,0.648
2005-02-23 08:00:00,1126.0,886.0,719.0,1208.0,936.0,1.7,,7.7,337.0,197.0,4.4,79.1,0.6687
2005-02-23 09:00:00,1033.0,820.0,740.0,1114.0,870.0,1.9,,6.2,360.0,198.0,4.3,79.8,0.6706
2005-02-23 10:00:00,944.0,697.0,881.0,1022.0,688.0,1.4,,3.8,243.0,167.0,3.1,83.0,0.6419
2005-02-23 11:00:00,955.0,687.0,895.0,1004.0,706.0,1.3,,3.6,277.0,180.0,2.8,83.9,0.6326
2005-02-23 12:00:00,992.0,694.0,900.0,1020.0,756.0,1.2,,3.7,266.0,169.0,3.9,79.5,0.6482
2005-02-23 13:00:00,1090.0,910.0,701.0,1192.0,974.0,1.9,,8.3,317.0,210.0,5.1,74.5,0.6621
2005-02-23 14:00:00,1151.0,983.0,629.0,1244.0,1121.0,2.5,,10.1,375.0,232.0,5.7,72.5,0.6686
2005-02-23 15:00:00,1148.0,975.0,638.0,1243.0,1064.0,2.3,,9.9,349.0,223.0,5.6,74.6,0.6826
2005-02-23 16:00:00,1140.0,946.0,653.0,1231.0,1076.0,2.3,,9.2,377.0,224.0,5.4,75.9,0.6875
2005-02-23 17:00:00,1160.0,990.0,632.0,1254.0,1090.0,2.5,,10.3,403.0,238.0,4.9,78.2,0.6826
2005-02-23 18:00:00,1167.0,1027.0,610.0,1289.0,1119.0,2.8,,11.4,422.0,249.0,4.8,79.0,0.6845
2005-02-23 19:00:00,1194.0,1038.0,605.0,1317.0,1181.0,2.7,,11.7,388.0,223.0,4.8,78.6,0.6826
2005-02-23 20:00:00,1224.0,1071.0,590.0,1331.0,1240.0,3.1,,12.6,431.0,244.0,4.6,78.2,0.6686
2005-02-23 21:00:00,1209.0,1028.0,619.0,1264.0,1254.0,2.9,,11.4,425.0,243.0,4.2,79.7,0.6647
2005-02-23 22:00:00,1145.0,962.0,657.0,1212.0,1192.0,2.6,,9.6,391.0,226.0,4.3,78.9,0.6621
2005-02-23 23:00:00,1016.0,744.0,825.0,1053.0,1020.0,1.5,,4.6,231.0,167.0,4.2,77.9,0.6479
2005-02-24 00:00:00,1018.0,750.0,831.0,1051.0,916.0,1.6,,4.7,248.0,172.0,3.2,83.0,0.645
2005-02-24 01:00:00,937.0,625.0,977.0,983.0,798.0,1.1,,2.6,142.0,120.0,5.1,74.5,0.6626
2005-02-24 02:00:00,949.0,647.0,956.0,1023.0,762.0,0.9,,2.9,117.0,100.0,4.0,80.8,0.6666
2005-02-24 03:00:00,895.0,545.0,1080.0,964.0,685.0,0.7,,1.5,,,4.3,81.0,0.677
2005-02-24 04:00:00,884.0,528.0,1148.0,960.0,619.0,,,1.3,96.0,86.0,2.9,85.3,0.6503
2005-02-24 05:00:00,883.0,518.0,1135.0,962.0,606.0,0.6,,1.2,87.0,81.0,3.3,84.5,0.6612
2005-02-24 06:00:00,968.0,652.0,937.0,1051.0,788.0,0.8,,3.0,197.0,131.0,3.6,84.4,0.6724
2005-02-24 07:00:00,1071.0,787.0,755.0,1146.0,947.0,1.5,,5.5,290.0,170.0,3.8,83.8,0.6771
2005-02-24 08:00:00,1310.0,1082.0,555.0,1400.0,1254.0,3.1,,12.9,621.0,267.0,4.1,82.5,0.6819
2005-02-24 09:00:00,1332.0,1132.0,522.0,1439.0,1352.0,3.8,,14.5,645.0,269.0,3.9,83.9,0.6847
2005-02-24 10:00:00,1178.0,939.0,640.0,1228.0,1165.0,2.7,,9.0,573.0,244.0,4.1,83.9,0.6967
2005-02-24 11:00:00,1093.0,836.0,728.0,1142.0,1025.0,1.8,,6.5,414.0,232.0,4.6,82.0,0.6997
2005-02-24 12:00:00,1060.0,784.0,770.0,1117.0,941.0,1.4,,5.4,314.0,196.0,5.5,79.5,0.7238
2005-02-24 13:00:00,1121.0,873.0,697.0,1206.0,1000.0,1.7,,7.4,317.0,195.0,6.7,76.2,0.7519
2005-02-24 14:00:00,1118.0,888.0,685.0,1223.0,962.0,1.9,,7.7,290.0,189.0,7.9,69.0,0.7394
2005-02-24 15:00:00,1205.0,1002.0,612.0,1299.0,1214.0,2.2,,10.7,385.0,212.0,8.5,66.3,0.7387
2005-02-24 16:00:00,1274.0,1094.0,537.0,1364.0,1428.0,3.0,,13.3,507.0,267.0,7.6,70.8,0.7399
2005-02-24 17:00:00,1301.0,1092.0,525.0,1388.0,1484.0,3.0,,13.2,534.0,262.0,7.2,72.4,0.7372
2005-02-24 18:00:00,1405.0,1224.0,468.0,1503.0,1658.0,3.9,,17.5,601.0,270.0,6.7,74.2,0.7326
2005-02-24 19:00:00,1375.0,1230.0,473.0,1522.0,1632.0,4.0,,17.7,583.0,260.0,6.1,75.8,0.7184
2005-02-24 20:00:00,1367.0,1225.0,485.0,1492.0,1628.0,3.9,,17.5,551.0,265.0,6.3,74.9,0.7187
2005-02-24 21:00:00,1324.0,1121.0,531.0,1399.0,1481.0,3.5,,14.1,547.0,262.0,6.0,78.0,0.7345
2005-02-24 22:00:00,1170.0,917.0,652.0,1218.0,1205.0,2.4,,8.4,385.0,227.0,5.6,81.2,0.7443
2005-02-24 23:00:00,1169.0,895.0,681.0,1201.0,1106.0,2.1,,7.9,318.0,192.0,5.5,81.5,0.7393
2005-02-25 00:00:00,1181.0,905.0,657.0,1215.0,1106.0,2.5,,8.1,356.0,202.0,5.3,84.1,0.753
2005-02-25 01:00:00,1146.0,860.0,692.0,1181.0,1092.0,2.1,,7.1,326.0,189.0,5.2,83.9,0.7487
2005-02-25 02:00:00,1059.0,773.0,767.0,1127.0,984.0,1.5,,5.2,233.0,157.0,5.1,83.5,0.7416
2005-02-25 03:00:00,1010.0,679.0,854.0,1046.0,889.0,1.1,,3.4,,,5.0,82.9,0.73
2005-02-25 04:00:00,1007.0,677.0,863.0,1053.0,848.0,1.0,,3.4,116.0,97.0,5.0,82.5,0.7265
2005-02-25 05:00:00,932.0,595.0,991.0,1025.0,771.0,0.8,,2.1,120.0,100.0,5.0,82.8,0.7273
2005-02-25 06:00:00,998.0,717.0,872.0,1095.0,895.0,1.0,,4.1,228.0,146.0,5.2,80.7,0.7219
2005-02-25 07:00:00,1072.0,819.0,751.0,1161.0,1003.0,1.4,,6.1,303.0,175.0,5.3,80.2,0.7179
2005-02-25 08:00:00,1424.0,1260.0,494.0,1568.0,1442.0,3.6,,18.7,,,5.7,79.7,0.734
2005-02-25 09:00:00,1527.0,1502.0,411.0,1868.0,1727.0,5.8,,27.9,,,6.2,76.8,0.7355
2005-02-25 10:00:00,1364.0,1234.0,504.0,1533.0,1606.0,4.2,,17.8,529.0,190.0,8.3,67.4,0.7384
2005-02-25 11:00:00,1190.0,1044.0,615.0,1324.0,1354.0,3.3,,11.8,615.0,166.0,10.8,52.1,0.6746
2005-02-25 12:00:00,1021.0,839.0,771.0,1084.0,914.0,1.7,,6.6,298.0,153.0,13.0,40.3,0.6028
2005-02-25 13:00:00,1051.0,914.0,707.0,1122.0,913.0,2.1,,8.4,317.0,167.0,10.9,44.8,0.5849
2005-02-25 14:00:00,1021.0,882.0,727.0,1097.0,847.0,2.2,,7.6,305.0,137.0,11.5,42.1,0.5706
2005-02-25 15:00:00,1016.0,842.0,762.0,1067.0,778.0,1.8,,6.7,253.0,140.0,12.5,38.5,0.5568
2005-02-25 16:00:00,1040.0,893.0,723.0,1104.0,835.0,2.0,,7.9,296.0,150.0,12.6,38.5,0.5586
2005-02-25 17:00:00,1089.0,916.0,710.0,1124.0,903.0,2.3,,8.4,293.0,152.0,12.3,38.4,0.5488
2005-02-25 18:00:00,1148.0,1054.0,631.0,1233.0,1157.0,2.8,,12.1,353.0,177.0,10.2,43.1,0.5366
2005-02-25 19:00:00,1162.0,1070.0,625.0,1229.0,1237.0,3.4,,12.6,399.0,189.0,8.6,48.2,0.5385
2005-02-25 20:00:00,1197.0,1102.0,609.0,1309.0,1253.0,4.0,,13.6,454.0,195.0,7.8,50.8,0.5384
2005-02-25 21:00:00,1059.0,905.0,735.0,1098.0,1130.0,2.3,,8.1,356.0,179.0,7.3,52.8,0.5404
2005-02-25 22:00:00,1207.0,1023.0,629.0,1233.0,1373.0,2.7,,11.2,473.0,188.0,6.2,62.4,0.5958
2005-02-25 23:00:00,1188.0,983.0,648.0,1193.0,1338.0,2.7,,10.1,482.0,170.0,5.1,68.2,0.6033
2005-02-26 00:00:00,1153.0,933.0,687.0,1133.0,1268.0,2.8,,8.8,443.0,161.0,4.7,69.0,0.5936
2005-02-26 01:00:00,1061.0,849.0,757.0,1063.0,1125.0,2.1,,6.8,373.0,145.0,4.0,69.8,0.5756
2005-02-26 02:00:00,1028.0,831.0,771.0,1063.0,1054.0,1.9,,6.4,320.0,136.0,3.4,71.3,0.5626
2005-02-26 03:00:00,1082.0,843.0,729.0,1061.0,1090.0,2.1,,6.7,,,2.8,74.0,0.5591
2005-02-26 04:00:00,1037.0,771.0,784.0,1004.0,1029.0,1.7,,5.2,233.0,122.0,2.3,75.1,0.5514
2005-02-26 05:00:00,942.0,688.0,897.0,947.0,882.0,1.3,,3.6,161.0,115.0,3.8,66.2,0.5359
2005-02-26 06:00:00,904.0,633.0,993.0,897.0,717.0,0.9,,2.7,137.0,103.0,4.6,60.5,0.5173
2005-02-26 07:00:00,855.0,578.0,1121.0,855.0,599.0,1.0,,1.9,144.0,108.0,5.7,54.3,0.5022
2005-02-26 08:00:00,914.0,705.0,966.0,926.0,687.0,1.0,,3.9,182.0,124.0,6.2,51.3,0.488
2005-02-26 09:00:00,933.0,714.0,899.0,927.0,706.0,1.5,,4.1,227.0,133.0,6.7,49.5,0.4892
2005-02-26 10:00:00,942.0,696.0,920.0,912.0,682.0,1.5,,3.7,203.0,124.0,8.8,45.0,0.5114
2005-02-26 11:00:00,943.0,688.0,924.0,909.0,629.0,1.4,,3.6,179.0,116.0,9.6,43.5,0.5202
2005-02-26 12:00:00,959.0,717.0,892.0,939.0,664.0,2.4,,4.1,171.0,113.0,9.8,43.3,0.5238
2005-02-26 13:00:00,971.0,739.0,868.0,972.0,664.0,2.8,,4.5,181.0,117.0,9.9,43.5,0.53
2005-02-26 14:00:00,954.0,735.0,863.0,953.0,630.0,2.9,,4.5,175.0,118.0,9.8,44.1,0.5332
2005-02-26 15:00:00,929.0,645.0,962.0,906.0,524.0,2.6,,2.9,148.0,108.0,9.7,45.1,0.5417
2005-02-26 16:00:00,933.0,660.0,955.0,911.0,488.0,2.5,,3.1,132.0,98.0,9.0,47.3,0.542
2005-02-26 17:00:00,967.0,704.0,888.0,961.0,609.0,2.7,,3.9,162.0,117.0,7.4,56.0,0.5797
2005-02-26 18:00:00,987.0,723.0,863.0,974.0,684.0,2.8,,4.2,185.0,126.0,6.4,61.7,0.5956
2005-02-26 19:00:00,1003.0,772.0,821.0,1008.0,788.0,3.0,,5.2,234.0,142.0,6.8,58.0,0.5758
2005-02-26 20:00:00,1138.0,986.0,663.0,1188.0,1030.0,3.7,,10.2,275.0,157.0,7.3,56.7,0.5806
2005-02-26 21:00:00,1087.0,903.0,713.0,1106.0,1026.0,3.5,,8.1,272.0,161.0,7.2,56.7,0.579
2005-02-26 22:00:00,1129.0,920.0,689.0,1139.0,1182.0,3.8,,8.5,331.0,169.0,6.7,59.1,0.5848
2005-02-26 23:00:00,1191.0,1005.0,637.0,1224.0,1284.0,4.3,,10.7,347.0,166.0,5.9,62.1,0.5808
2005-02-27 00:00:00,1256.0,1032.0,612.0,1230.0,1371.0,4.8,,11.5,488.0,189.0,6.3,60.4,0.5811
2005-02-27 01:00:00,1171.0,960.0,679.0,1121.0,1234.0,4.2,,9.5,404.0,184.0,5.5,60.2,0.5458
2005-02-27 02:00:00,1016.0,780.0,798.0,1004.0,1060.0,3.3,,5.3,255.0,145.0,4.6,64.4,0.5525
2005-02-27 03:00:00,1035.0,805.0,790.0,1022.0,1038.0,3.0,,5.8,,,3.5,68.8,0.5458
2005-02-27 04:00:00,980.0,744.0,840.0,979.0,970.0,,,4.6,174.0,119.0,2.8,70.9,0.5383
2005-02-27 05:00:00,901.0,631.0,988.0,915.0,751.0,1.0,,2.7,108.0,87.0,3.7,65.9,0.5295
2005-02-27 06:00:00,914.0,655.0,949.0,949.0,742.0,0.9,,3.1,107.0,77.0,1.6,74.3,0.5168
2005-02-27 07:00:00,940.0,665.0,900.0,955.0,879.0,1.1,,3.2,188.0,112.0,1.4,76.3,0.5261
2005-02-27 08:00:00,935.0,689.0,894.0,949.0,871.0,1.1,,3.6,225.0,118.0,2.5,69.5,0.5172
2005-02-27 09:00:00,970.0,691.0,891.0,956.0,890.0,1.2,,3.7,208.0,124.0,3.7,64.8,0.5208
2005-02-27 10:00:00,1064.0,830.0,739.0,1053.0,1059.0,1.7,,6.4,270.0,144.0,7.8,49.9,0.5307
2005-02-27 11:00:00,1023.0,776.0,817.0,972.0,808.0,1.6,,5.2,202.0,128.0,11.2,37.1,0.4936
2005-02-27 12:00:00,955.0,706.0,888.0,884.0,616.0,1.4,,3.9,168.0,120.0,12.6,30.6,0.446
2005-02-27 13:00:00,943.0,714.0,898.0,868.0,609.0,1.8,,4.1,191.0,131.0,10.3,32.9,0.4131
2005-02-27 14:00:00,895.0,622.0,1012.0,804.0,471.0,1.1,,2.5,149.0,115.0,10.0,35.5,0.4346
2005-02-27 15:00:00,890.0,601.0,1053.0,803.0,391.0,0.9,,2.2,101.0,82.0,8.8,40.0,0.4538
2005-02-27 16:00:00,904.0,608.0,1033.0,807.0,398.0,1.1,,2.3,134.0,100.0,8.3,40.3,0.4431
2005-02-27 17:00:00,888.0,611.0,1035.0,791.0,419.0,1.1,,2.4,150.0,111.0,7.9,38.9,0.4141
2005-02-27 18:00:00,905.0,648.0,1007.0,822.0,509.0,1.2,,2.9,188.0,132.0,6.8,41.0,0.4072
2005-02-27 19:00:00,974.0,757.0,886.0,884.0,723.0,1.6,,4.9,254.0,155.0,6.0,42.0,0.3962
2005-02-27 20:00:00,1048.0,847.0,801.0,955.0,888.0,2.6,,6.8,324.0,181.0,5.5,43.5,0.3963
2005-02-27 21:00:00,895.0,660.0,975.0,826.0,596.0,1.5,,3.1,238.0,155.0,4.6,46.8,0.4001
2005-02-27 22:00:00,875.0,594.0,1079.0,793.0,451.0,1.0,,2.1,128.0,105.0,4.5,48.0,0.4085
2005-02-27 23:00:00,943.0,703.0,950.0,870.0,581.0,1.3,,3.9,169.0,119.0,4.3,48.6,0.4069
2005-02-28 00:00:00,947.0,697.0,913.0,878.0,698.0,1.6,,3.8,215.0,150.0,4.0,50.0,0.4115
2005-02-28 01:00:00,865.0,566.0,1119.0,797.0,423.0,1.0,,1.8,111.0,94.0,4.0,52.9,0.4338
2005-02-28 02:00:00,823.0,503.0,1268.0,755.0,332.0,0.6,,1.0,60.0,56.0,4.0,51.0,0.42
2005-02-28 03:00:00,798.0,452.0,1435.0,699.0,280.0,0.4,,0.6,,,3.9,48.1,0.393
2005-02-28 04:00:00,781.0,425.0,1609.0,667.0,261.0,0.3,,0.4,29.0,28.0,3.8,48.0,0.3879
2005-02-28 05:00:00,781.0,409.0,1664.0,669.0,252.0,0.3,,0.3,25.0,25.0,3.6,50.3,0.4022
2005-02-28 06:00:00,779.0,402.0,1665.0,684.0,257.0,0.3,,0.2,34.0,31.0,2.8,52.6,0.3972
2005-02-28 07:00:00,817.0,462.0,1378.0,732.0,308.0,0.4,,0.7,89.0,66.0,2.5,52.7,0.3908
2005-02-28 08:00:00,893.0,629.0,1015.0,837.0,456.0,1.0,,2.6,212.0,111.0,2.7,50.5,0.3804
2005-02-28 09:00:00,883.0,659.0,943.0,842.0,527.0,1.2,,3.1,216.0,122.0,2.7,49.4,0.3714
2005-02-28 10:00:00,839.0,608.0,1040.0,780.0,475.0,1.0,,2.3,191.0,115.0,3.3,45.2,0.354
2005-02-28 11:00:00,809.0,587.0,1084.0,744.0,434.0,0.9,,2.0,200.0,123.0,3.1,43.3,0.3354
2005-02-28 12:00:00,805.0,584.0,1137.0,726.0,385.0,0.8,,2.0,164.0,119.0,3.7,38.8,0.3123
2005-02-28 13:00:00,840.0,661.0,1016.0,757.0,435.0,1.1,,3.1,185.0,125.0,4.0,36.8,0.3016
2005-02-28 14:00:00,812.0,646.0,1045.0,731.0,421.0,1.0,,2.9,156.0,110.0,3.7,35.0,0.2823
2005-02-28 15:00:00,782.0,594.0,1134.0,673.0,371.0,0.8,,2.1,155.0,111.0,3.4,32.4,0.2563
2005-02-28 16:00:00,799.0,617.0,1099.0,699.0,382.0,0.9,,2.5,158.0,114.0,3.3,33.1,0.2592
2005-02-28 17:00:00,812.0,640.0,1093.0,716.0,408.0,0.9,,2.8,166.0,114.0,2.6,35.1,0.2618
2005-02-28 18:00:00,922.0,842.0,849.0,858.0,676.0,2.0,,6.7,268.0,140.0,2.1,36.6,0.2634
2005-02-28 19:00:00,938.0,903.0,790.0,885.0,798.0,2.4,,8.1,309.0,141.0,1.6,37.9,0.2645
2005-02-28 20:00:00,939.0,872.0,814.0,870.0,793.0,2.5,,7.4,297.0,142.0,1.4,38.0,0.2615
2005-02-28 21:00:00,827.0,687.0,1015.0,727.0,573.0,1.6,,3.6,225.0,123.0,1.0,36.6,0.2456
2005-02-28 22:00:00,776.0,580.0,1183.0,655.0,402.0,0.9,,1.9,122.0,90.0,1.1,35.4,0.2382
2005-02-28 23:00:00,755.0,538.0,1285.0,621.0,343.0,0.7,,1.4,100.0,79.0,1.0,34.3,0.2292
2005-03-01 00:00:00,766.0,515.0,1327.0,642.0,322.0,0.6,,1.2,86.0,69.0,1.0,37.4,0.2487
2005-03-01 01:00:00,762.0,487.0,1364.0,640.0,307.0,0.6,,0.9,71.0,60.0,0.7,41.2,0.2693
2005-03-01 02:00:00,736.0,453.0,1498.0,602.0,268.0,0.4,,0.6,39.0,37.0,0.2,40.6,0.2566
2005-03-01 03:00:00,715.0,387.0,1791.0,559.0,227.0,0.2,,0.2,,,0.1,40.0,0.2499
2005-03-01 04:00:00,716.0,390.0,1804.0,551.0,221.0,0.2,,0.2,29.0,27.0,-0.1,37.5,0.2326
2005-03-01 05:00:00,731.0,408.0,1727.0,561.0,225.0,0.2,,0.3,32.0,30.0,-0.3,38.4,0.2347
2005-03-01 06:00:00,735.0,407.0,1677.0,579.0,232.0,0.2,,0.3,37.0,33.0,-0.6,40.1,0.2404
2005-03-01 07:00:00,779.0,500.0,1361.0,652.0,313.0,0.5,,1.0,134.0,84.0,-0.6,41.4,0.2478
2005-03-01 08:00:00,915.0,774.0,911.0,839.0,629.0,1.5,,5.2,358.0,147.0,-0.2,40.2,0.2478
2005-03-01 09:00:00,905.0,818.0,853.0,840.0,790.0,1.9,,6.1,354.0,143.0,0.6,36.8,0.2388
2005-03-01 10:00:00,835.0,688.0,988.0,720.0,630.0,1.4,,3.6,284.0,122.0,2.8,30.3,0.2294
2005-03-01 11:00:00,798.0,609.0,1122.0,660.0,472.0,0.9,,2.3,213.0,109.0,3.1,29.1,0.224
2005-03-01 12:00:00,783.0,580.0,1181.0,647.0,378.0,0.7,,1.9,174.0,95.0,3.3,29.2,0.2288
2005-03-01 13:00:00,807.0,623.0,1097.0,684.0,384.0,0.8,,2.6,157.0,94.0,3.1,31.0,0.2386
2005-03-01 14:00:00,827.0,660.0,1030.0,709.0,426.0,1.0,,3.1,178.0,102.0,3.2,30.8,0.2399
2005-03-01 15:00:00,822.0,632.0,1074.0,701.0,442.0,0.9,,2.7,187.0,107.0,3.3,31.5,0.2464
2005-03-01 16:00:00,830.0,655.0,1045.0,710.0,467.0,1.0,,3.0,198.0,113.0,4.1,28.6,0.2363
2005-03-01 17:00:00,833.0,653.0,1073.0,708.0,448.0,0.9,,3.0,186.0,110.0,3.9,29.2,0.2378
2005-03-01 18:00:00,882.0,766.0,922.0,815.0,582.0,1.4,,5.0,203.0,116.0,1.9,35.0,0.2494
2005-03-01 19:00:00,967.0,880.0,815.0,887.0,892.0,2.1,,7.5,313.0,148.0,1.8,35.4,0.2497
2005-03-01 20:00:00,1009.0,958.0,751.0,935.0,1006.0,2.8,,9.5,342.0,156.0,1.4,36.5,0.2503
2005-03-01 21:00:00,911.0,777.0,913.0,796.0,852.0,2.2,,5.3,310.0,159.0,0.8,36.3,0.2388
2005-03-01 22:00:00,808.0,613.0,1137.0,672.0,543.0,1.0,,2.4,165.0,116.0,0.6,34.1,0.221
2005-03-01 23:00:00,812.0,621.0,1143.0,669.0,529.0,1.1,,2.5,152.0,110.0,0.3,31.9,0.2031
2005-03-02 00:00:00,790.0,597.0,1184.0,637.0,465.0,0.9,,2.2,141.0,102.0,0.2,30.2,0.191
2005-03-02 01:00:00,765.0,544.0,1253.0,601.0,405.0,0.8,,1.5,122.0,93.0,0.0,29.7,0.1847
2005-03-02 02:00:00,761.0,525.0,1307.0,605.0,332.0,0.6,,1.3,79.0,67.0,-0.1,31.9,0.1975
2005-03-02 03:00:00,788.0,486.0,1294.0,650.0,420.0,0.5,,0.9,,,-1.1,41.4,0.2379
2005-03-02 04:00:00,790.0,471.0,1302.0,669.0,532.0,,,0.7,81.0,75.0,-1.4,44.9,0.2536
2005-03-02 05:00:00,804.0,489.0,1262.0,698.0,630.0,0.4,,0.9,77.0,73.0,-1.3,46.3,0.2635
2005-03-02 06:00:00,831.0,537.0,1158.0,722.0,768.0,0.5,,1.4,124.0,96.0,-1.2,47.2,0.27
2005-03-02 07:00:00,881.0,680.0,1023.0,813.0,866.0,0.7,,3.5,159.0,110.0,-1.3,47.5,0.2702
2005-03-02 08:00:00,1099.0,1013.0,690.0,1056.0,1254.0,2.4,,11.0,396.0,150.0,-1.9,51.4,0.2801
2005-03-02 09:00:00,1100.0,1065.0,669.0,1072.0,1347.0,2.8,,12.4,479.0,169.0,-0.5,45.9,0.2763
2005-03-02 10:00:00,1042.0,910.0,774.0,922.0,1216.0,2.0,,8.3,438.0,181.0,4.6,32.5,0.2783
2005-03-02 11:00:00,1026.0,935.0,747.0,942.0,1151.0,2.2,,8.9,466.0,187.0,7.5,24.3,0.2528
2005-03-02 12:00:00,905.0,796.0,900.0,767.0,699.0,1.4,,5.7,288.0,146.0,9.6,18.8,0.2246
2005-03-02 13:00:00,891.0,790.0,927.0,764.0,584.0,1.2,,5.5,205.0,131.0,9.3,18.4,0.2157
2005-03-02 14:00:00,968.0,938.0,790.0,897.0,836.0,1.9,,9.0,311.0,161.0,9.7,18.6,0.2244
2005-03-02 15:00:00,909.0,826.0,898.0,802.0,626.0,1.3,,6.3,246.0,143.0,10.1,16.7,0.2062
2005-03-02 16:00:00,938.0,945.0,804.0,855.0,878.0,2.0,,9.1,356.0,176.0,11.8,13.5,0.1862
2005-03-02 17:00:00,971.0,917.0,802.0,885.0,952.0,2.0,,8.4,397.0,178.0,11.6,15.3,0.2086
2005-03-02 18:00:00,1148.0,1226.0,624.0,1126.0,1460.0,3.4,,17.5,579.0,207.0,9.1,19.2,0.2225
2005-03-02 19:00:00,1299.0,1384.0,523.0,1325.0,1855.0,5.1,,23.3,819.0,240.0,7.2,25.6,0.2611
2005-03-02 20:00:00,1315.0,1269.0,551.0,1282.0,1860.0,5.3,,19.0,754.0,236.0,6.1,34.0,0.3237
2005-03-02 21:00:00,1180.0,1020.0,656.0,1054.0,1629.0,2.8,,11.1,473.0,199.0,5.1,36.4,0.323
2005-03-02 22:00:00,1070.0,821.0,754.0,936.0,1454.0,1.6,,6.2,300.0,170.0,4.8,39.6,0.344
2005-03-02 23:00:00,1031.0,763.0,818.0,905.0,1348.0,1.4,,5.0,235.0,153.0,5.0,39.6,0.3479
2005-03-03 00:00:00,1047.0,778.0,799.0,907.0,1326.0,1.4,,5.3,207.0,140.0,4.1,41.7,0.3456
2005-03-03 01:00:00,1030.0,724.0,832.0,893.0,1285.0,1.4,,4.2,204.0,138.0,4.4,43.3,0.3656
2005-03-03 02:00:00,986.0,682.0,875.0,884.0,1205.0,1.1,,3.5,155.0,117.0,3.8,45.9,0.3728
2005-03-03 03:00:00,992.0,655.0,876.0,887.0,1220.0,0.9,,3.0,,,3.6,49.7,0.396
2005-03-03 04:00:00,1076.0,715.0,783.0,947.0,1448.0,1.0,,4.1,179.0,119.0,3.4,56.3,0.4455
2005-03-03 05:00:00,1104.0,713.0,754.0,1001.0,1433.0,1.0,,4.0,143.0,108.0,2.9,67.9,0.5183
2005-03-03 06:00:00,1160.0,770.0,702.0,1063.0,1447.0,1.2,,5.1,212.0,121.0,2.8,74.1,0.5618
2005-03-03 07:00:00,1217.0,846.0,650.0,1120.0,1481.0,1.4,,6.7,263.0,136.0,2.9,75.6,0.5742
2005-03-03 08:00:00,1457.0,1167.0,496.0,1422.0,1785.0,3.0,,15.6,648.0,175.0,3.8,72.4,0.5867
2005-03-03 09:00:00,1337.0,1212.0,529.0,1406.0,1756.0,4.2,,17.1,717.0,211.0,5.9,50.2,0.4706
2005-03-03 10:00:00,1111.0,931.0,687.0,1069.0,1368.0,2.1,,8.8,389.0,186.0,7.3,39.4,0.4035
2005-03-03 11:00:00,1165.0,852.0,692.0,1155.0,1197.0,2.0,,6.9,438.0,177.0,3.6,75.9,0.6055
2005-03-03 12:00:00,1129.0,783.0,757.0,1127.0,1084.0,1.6,,5.4,282.0,147.0,3.6,78.6,0.6283
2005-03-03 13:00:00,1092.0,759.0,773.0,1088.0,1039.0,1.4,,4.9,268.0,150.0,5.3,69.2,0.6213
2005-03-03 14:00:00,1096.0,777.0,767.0,1107.0,961.0,1.6,,5.3,248.0,148.0,6.1,66.0,0.6255
2005-03-03 15:00:00,1108.0,783.0,758.0,1115.0,964.0,1.5,,5.4,272.0,151.0,6.0,70.1,0.6577
2005-03-03 16:00:00,1124.0,787.0,740.0,1147.0,941.0,1.7,,5.5,291.0,151.0,6.3,72.1,0.6907
2005-03-03 17:00:00,1216.0,879.0,670.0,1252.0,1111.0,1.9,,7.5,363.0,165.0,6.3,75.7,0.7252
2005-03-03 18:00:00,1437.0,1202.0,507.0,1510.0,1459.0,3.8,,16.7,660.0,197.0,5.6,80.4,0.7382
2005-03-03 19:00:00,1473.0,1245.0,476.0,1539.0,1519.0,5.4,,18.2,907.0,228.0,4.9,82.4,0.7201
2005-03-03 20:00:00,1396.0,1164.0,508.0,1488.0,1412.0,4.2,,15.5,639.0,196.0,4.3,84.0,0.7051
2005-03-03 21:00:00,1285.0,1013.0,568.0,1331.0,1336.0,3.8,,10.9,574.0,192.0,4.3,83.6,0.7025
2005-03-03 22:00:00,1206.0,928.0,621.0,1235.0,1285.0,2.3,,8.7,373.0,161.0,4.6,82.5,0.7066
2005-03-03 23:00:00,1179.0,868.0,664.0,1205.0,1240.0,2.1,,7.3,330.0,156.0,4.4,82.0,0.6938
2005-03-04 00:00:00,1213.0,877.0,654.0,1206.0,1282.0,2.3,,7.5,336.0,158.0,4.3,80.9,0.6791
2005-03-04 01:00:00,1142.0,849.0,680.0,1173.0,1189.0,2.3,,6.8,347.0,154.0,4.1,81.2,0.6721
2005-03-04 02:00:00,1089.0,750.0,765.0,1108.0,1117.0,1.7,,4.7,241.0,138.0,3.9,80.9,0.6613
2005-03-04 03:00:00,982.0,617.0,891.0,977.0,1024.0,1.2,,2.5,,,4.5,70.6,0.6004
2005-03-04 04:00:00,888.0,526.0,1134.0,912.0,744.0,0.6,,1.3,96.0,92.0,4.5,65.1,0.5547
2005-03-04 05:00:00,979.0,602.0,925.0,993.0,928.0,0.9,,2.2,147.0,103.0,4.0,75.2,0.6161
2005-03-04 06:00:00,1023.0,690.0,833.0,1049.0,1006.0,1.1,,3.6,210.0,117.0,3.7,76.4,0.6164
2005-03-04 07:00:00,1153.0,878.0,682.0,1180.0,1173.0,1.9,,7.5,409.0,139.0,3.1,77.3,0.5985
2005-03-04 08:00:00,1393.0,1204.0,506.0,1497.0,1568.0,3.7,,16.8,719.0,167.0,3.7,74.4,0.5992
2005-03-04 09:00:00,1567.0,1502.0,399.0,1848.0,1913.0,6.1,,28.0,959.0,205.0,5.0,69.4,0.6118
2005-03-04 10:00:00,1334.0,1174.0,524.0,1432.0,1643.0,4.6,,15.8,744.0,216.0,6.5,60.9,0.5919
2005-03-04 11:00:00,1280.0,1165.0,533.0,1435.0,1605.0,3.3,,15.5,583.0,192.0,7.6,59.8,0.6245
2005-03-04 12:00:00,1330.0,1145.0,537.0,1399.0,1668.0,3.3,,14.9,597.0,188.0,8.6,57.6,0.6471
2005-03-04 13:00:00,1349.0,1193.0,507.0,1493.0,1710.0,3.4,,16.4,550.0,189.0,10.9,52.4,0.6826
2005-03-04 14:00:00,1349.0,1167.0,515.0,1443.0,1632.0,3.6,,15.6,499.0,192.0,12.3,48.3,0.6871
2005-03-04 15:00:00,1344.0,1182.0,525.0,1411.0,1545.0,3.9,,16.1,470.0,194.0,12.5,43.4,0.6298
2005-03-04 16:00:00,1337.0,1198.0,521.0,1401.0,1557.0,4.8,,16.6,568.0,217.0,11.9,42.3,0.5902
2005-03-04 17:00:00,1316.0,1177.0,544.0,1392.0,1529.0,3.9,,15.9,525.0,178.0,12.3,41.2,0.5867
2005-03-04 18:00:00,1253.0,1094.0,575.0,1327.0,1430.0,3.6,,13.3,481.0,183.0,10.8,48.1,0.6235
2005-03-04 19:00:00,1258.0,1144.0,558.0,1336.0,1509.0,3.6,,14.9,414.0,189.0,8.9,52.5,0.5996
2005-03-04 20:00:00,1326.0,1253.0,514.0,1479.0,1615.0,4.6,,18.5,565.0,225.0,8.4,54.7,0.6057
2005-03-04 21:00:00,1109.0,896.0,710.0,1132.0,1242.0,2.3,,7.9,303.0,175.0,7.5,58.7,0.6112
2005-03-04 22:00:00,1029.0,762.0,820.0,1049.0,1065.0,1.6,,5.0,221.0,153.0,6.9,60.0,0.5977
2005-03-04 23:00:00,1112.0,833.0,759.0,1104.0,1180.0,1.8,,6.5,260.0,156.0,6.6,61.3,0.5995
2005-03-05 00:00:00,1100.0,810.0,768.0,1070.0,1158.0,2.2,,6.0,327.0,172.0,6.3,59.8,0.5761
2005-03-05 01:00:00,1136.0,849.0,715.0,1132.0,1216.0,2.1,,6.8,344.0,164.0,5.4,65.8,0.5935
2005-03-05 02:00:00,1000.0,712.0,848.0,989.0,971.0,1.7,,4.0,270.0,157.0,5.8,59.6,0.5523
2005-03-05 03:00:00,1041.0,732.0,789.0,1003.0,1076.0,1.5,,4.4,,,4.9,62.6,0.5477
2005-03-05 04:00:00,1009.0,710.0,819.0,974.0,1011.0,,,4.0,191.0,136.0,4.4,63.9,0.5385
2005-03-05 05:00:00,975.0,681.0,889.0,948.0,813.0,1.1,,3.5,136.0,110.0,4.2,62.5,0.5191
2005-03-05 06:00:00,993.0,727.0,810.0,989.0,1001.0,1.1,,4.3,194.0,128.0,3.1,68.6,0.5302
2005-03-05 07:00:00,872.0,587.0,1082.0,866.0,655.0,0.8,,2.0,168.0,132.0,4.6,54.6,0.4682
2005-03-05 08:00:00,1017.0,818.0,842.0,1034.0,933.0,1.3,,6.1,254.0,156.0,5.0,54.5,0.4788
2005-03-05 09:00:00,1070.0,928.0,701.0,1112.0,1088.0,2.3,,8.7,410.0,185.0,7.0,48.1,0.4847
2005-03-05 10:00:00,915.0,658.0,957.0,866.0,562.0,1.1,,3.1,166.0,121.0,10.0,37.7,0.4643
2005-03-05 11:00:00,978.0,772.0,870.0,955.0,586.0,1.1,,5.2,162.0,117.0,13.0,30.3,0.452
2005-03-05 12:00:00,968.0,777.0,830.0,929.0,617.0,1.5,,5.3,188.0,133.0,14.0,28.1,0.4476
2005-03-05 13:00:00,1008.0,843.0,787.0,998.0,705.0,1.6,,6.7,199.0,136.0,13.3,28.9,0.4399
2005-03-05 14:00:00,1025.0,913.0,724.0,1035.0,814.0,2.2,,8.3,272.0,162.0,13.4,29.0,0.4436
2005-03-05 15:00:00,983.0,806.0,820.0,966.0,615.0,1.5,,5.9,180.0,132.0,13.5,28.3,0.4374
2005-03-05 16:00:00,1018.0,868.0,751.0,1015.0,804.0,1.8,,7.3,255.0,162.0,13.0,29.7,0.442
2005-03-05 17:00:00,1101.0,916.0,721.0,1125.0,861.0,2.0,,8.4,251.0,159.0,11.6,38.7,0.5271
2005-03-05 18:00:00,1116.0,888.0,695.0,1176.0,980.0,1.9,,7.7,258.0,156.0,8.6,56.3,0.6312
2005-03-05 19:00:00,1161.0,945.0,654.0,1205.0,1077.0,2.5,,9.1,344.0,177.0,8.5,57.9,0.6435
2005-03-05 20:00:00,1212.0,1010.0,622.0,1284.0,1214.0,2.6,,10.9,380.0,185.0,7.8,63.4,0.6735
2005-03-05 21:00:00,1225.0,985.0,635.0,1255.0,1169.0,3.2,,10.2,464.0,199.0,7.2,69.5,0.7084
2005-03-05 22:00:00,1154.0,891.0,697.0,1197.0,1079.0,2.2,,7.8,304.0,166.0,6.5,74.7,0.7248
2005-03-05 23:00:00,1140.0,856.0,707.0,1171.0,1147.0,1.9,,7.0,258.0,152.0,6.5,73.9,0.7224
2005-03-06 00:00:00,1201.0,949.0,665.0,1220.0,1260.0,2.4,,9.2,358.0,170.0,6.8,72.1,0.7143
2005-03-06 01:00:00,1011.0,742.0,842.0,998.0,929.0,1.8,,4.6,278.0,160.0,7.0,60.0,0.6055
2005-03-06 02:00:00,867.0,590.0,1088.0,826.0,465.0,0.9,,2.1,116.0,100.0,7.2,47.8,0.487
2005-03-06 03:00:00,856.0,545.0,1166.0,803.0,398.0,0.8,,1.5,,,7.2,47.3,0.483
2005-03-06 04:00:00,859.0,527.0,1203.0,810.0,342.0,0.7,,1.3,60.0,57.0,6.8,52.9,0.5245
2005-03-06 05:00:00,859.0,479.0,1285.0,822.0,313.0,0.6,,0.8,51.0,48.0,5.8,65.0,0.6029
2005-03-06 06:00:00,842.0,454.0,1433.0,788.0,292.0,0.5,,0.6,33.0,32.0,5.8,59.4,0.5502
2005-03-06 07:00:00,856.0,505.0,1246.0,833.0,367.0,0.6,,1.1,80.0,72.0,5.5,58.3,0.529
2005-03-06 08:00:00,867.0,500.0,1219.0,818.0,387.0,0.6,,1.0,103.0,86.0,5.9,54.8,0.5119
2005-03-06 09:00:00,877.0,541.0,1148.0,829.0,399.0,0.7,,1.5,93.0,79.0,7.3,48.7,0.5007
2005-03-06 10:00:00,869.0,535.0,1162.0,783.0,376.0,0.7,,1.4,108.0,87.0,9.4,39.9,0.4707
2005-03-06 11:00:00,900.0,582.0,1081.0,792.0,377.0,0.9,,2.0,107.0,85.0,11.2,33.8,0.449
2005-03-06 12:00:00,899.0,603.0,1055.0,782.0,379.0,1.0,,2.3,122.0,97.0,12.3,29.9,0.4255
2005-03-06 13:00:00,895.0,624.0,1002.0,787.0,387.0,1.0,,2.6,122.0,96.0,14.8,23.7,0.3945
2005-03-06 14:00:00,992.0,844.0,830.0,990.0,552.0,1.4,,6.7,156.0,113.0,13.1,26.6,0.399
2005-03-06 15:00:00,1104.0,1095.0,609.0,1210.0,930.0,3.0,,13.3,246.0,163.0,13.3,25.7,0.3914
2005-03-06 16:00:00,933.0,711.0,912.0,850.0,554.0,1.5,,4.0,205.0,146.0,12.0,27.7,0.3885
2005-03-06 17:00:00,973.0,778.0,839.0,916.0,723.0,1.7,,5.3,257.0,167.0,11.5,30.1,0.4067
2005-03-06 18:00:00,1069.0,923.0,735.0,1036.0,875.0,2.3,,8.6,228.0,162.0,10.1,33.2,0.4115
2005-03-06 19:00:00,1055.0,821.0,797.0,942.0,949.0,2.5,,6.2,321.0,194.0,8.6,38.1,0.4282
2005-03-06 20:00:00,1032.0,778.0,834.0,926.0,869.0,2.1,,5.3,270.0,185.0,8.0,41.2,0.4433
2005-03-06 21:00:00,982.0,714.0,879.0,905.0,747.0,1.5,,4.1,203.0,158.0,7.5,43.8,0.4551
2005-03-06 22:00:00,968.0,680.0,918.0,891.0,740.0,1.4,,3.5,201.0,156.0,6.8,46.9,0.465
2005-03-06 23:00:00,979.0,718.0,883.0,903.0,807.0,1.4,,4.1,207.0,157.0,6.1,46.3,0.4394
2005-03-07 00:00:00,935.0,666.0,939.0,836.0,653.0,1.4,,3.2,180.0,141.0,5.6,45.5,0.4187
2005-03-07 01:00:00,942.0,666.0,960.0,848.0,553.0,1.2,,3.2,140.0,116.0,5.4,48.8,0.4393
2005-03-07 02:00:00,883.0,561.0,1080.0,785.0,412.0,0.9,,1.7,93.0,84.0,5.1,51.2,0.4534
2005-03-07 03:00:00,841.0,470.0,1311.0,708.0,289.0,0.6,,0.7,,,5.3,51.0,0.4563
2005-03-07 04:00:00,843.0,443.0,1490.0,730.0,262.0,0.4,,0.5,35.0,34.0,5.2,57.2,0.5094
2005-03-07 05:00:00,872.0,460.0,1359.0,755.0,288.0,0.4,,0.6,47.0,45.0,4.5,63.1,0.5381
2005-03-07 06:00:00,862.0,474.0,1312.0,753.0,310.0,0.5,,0.8,68.0,59.0,5.2,54.5,0.486
2005-03-07 07:00:00,917.0,562.0,1099.0,827.0,418.0,0.7,,1.7,131.0,99.0,5.6,51.3,0.4712
2005-03-07 08:00:00,1022.0,771.0,812.0,941.0,769.0,1.5,,5.2,289.0,165.0,5.9,45.4,0.4244
2005-03-07 09:00:00,1022.0,837.0,755.0,978.0,881.0,1.9,,6.6,322.0,168.0,6.9,41.3,0.4145
2005-03-07 10:00:00,961.0,789.0,839.0,910.0,816.0,1.6,,5.5,330.0,169.0,8.6,34.2,0.3834
2005-03-07 11:00:00,912.0,731.0,912.0,811.0,684.0,1.4,,4.4,339.0,162.0,9.6,27.7,0.3308
2005-03-07 12:00:00,896.0,731.0,911.0,799.0,627.0,1.3,,4.4,316.0,155.0,10.6,25.3,0.3224
2005-03-07 13:00:00,890.0,726.0,921.0,779.0,523.0,1.3,,4.3,218.0,136.0,10.2,25.6,0.3181
2005-03-07 14:00:00,891.0,740.0,919.0,788.0,502.0,1.2,,4.5,177.0,124.0,10.0,25.2,0.3079
2005-03-07 15:00:00,894.0,737.0,913.0,805.0,604.0,1.3,,4.5,278.0,158.0,9.7,25.7,0.3088
2005-03-07 16:00:00,907.0,753.0,886.0,819.0,682.0,1.4,,4.8,313.0,167.0,9.7,26.8,0.3226
2005-03-07 17:00:00,973.0,827.0,825.0,888.0,846.0,1.7,,6.3,351.0,176.0,9.4,27.3,0.3216
2005-03-07 18:00:00,1035.0,961.0,726.0,985.0,1027.0,2.5,,9.6,374.0,204.0,7.9,28.0,0.2999
2005-03-07 19:00:00,1146.0,1147.0,621.0,1148.0,1315.0,3.8,,15.0,431.0,209.0,6.9,30.7,0.3066
2005-03-07 20:00:00,1176.0,1162.0,600.0,1137.0,1363.0,4.2,,15.4,468.0,224.0,6.1,33.3,0.3152
2005-03-07 21:00:00,1057.0,935.0,720.0,982.0,1236.0,2.8,,8.9,368.0,211.0,5.0,37.4,0.329
2005-03-07 22:00:00,974.0,763.0,861.0,865.0,1076.0,1.5,,5.0,239.0,174.0,4.2,40.9,0.3417
2005-03-07 23:00:00,1044.0,834.0,781.0,924.0,1200.0,1.8,,6.5,292.0,181.0,3.9,43.5,0.3538
2005-03-08 00:00:00,988.0,734.0,860.0,868.0,1081.0,1.5,,4.4,205.0,157.0,3.0,47.7,0.3658
2005-03-08 01:00:00,1016.0,781.0,799.0,918.0,1174.0,1.5,,5.3,255.0,154.0,2.5,52.1,0.3855
2005-03-08 02:00:00,929.0,659.0,920.0,851.0,1033.0,1.2,,3.1,220.0,147.0,2.0,53.5,0.3831
2005-03-08 03:00:00,876.0,576.0,1040.0,815.0,900.0,0.8,,1.9,,,1.0,56.7,0.3803
2005-03-08 04:00:00,872.0,558.0,1054.0,807.0,853.0,,,1.7,114.0,101.0,0.5,59.4,0.3841
2005-03-08 05:00:00,888.0,574.0,1035.0,820.0,886.0,0.7,,1.9,153.0,114.0,1.4,56.8,0.3903
2005-03-08 06:00:00,927.0,638.0,949.0,846.0,949.0,0.7,,2.8,224.0,134.0,0.9,58.4,0.388
2005-03-08 07:00:00,991.0,786.0,817.0,931.0,1037.0,1.3,,5.5,295.0,144.0,0.3,61.0,0.3881
2005-03-08 08:00:00,1317.0,1247.0,558.0,1360.0,1571.0,3.4,,18.3,667.0,182.0,0.9,59.1,0.3913
2005-03-08 09:00:00,1402.0,1462.0,449.0,1599.0,1885.0,5.5,,26.3,867.0,223.0,4.1,47.9,0.3959
2005-03-08 10:00:00,1222.0,1188.0,554.0,1265.0,1683.0,4.1,,16.3,666.0,219.0,7.7,34.6,0.3652
2005-03-08 11:00:00,1109.0,1060.0,650.0,1091.0,1412.0,3.0,,12.3,595.0,215.0,10.9,25.7,0.3341
2005-03-08 12:00:00,959.0,875.0,797.0,864.0,1006.0,1.9,,7.4,421.0,191.0,13.7,17.4,0.2715
2005-03-08 13:00:00,964.0,902.0,780.0,882.0,855.0,1.8,,8.1,292.0,162.0,14.0,16.8,0.2672
2005-03-08 14:00:00,1006.0,1006.0,705.0,988.0,964.0,2.1,,10.8,308.0,165.0,14.1,17.0,0.2729
2005-03-08 15:00:00,1002.0,968.0,732.0,920.0,886.0,2.3,,9.7,347.0,171.0,15.0,15.8,0.2678
2005-03-08 16:00:00,997.0,975.0,739.0,926.0,947.0,2.3,,9.9,377.0,164.0,16.5,14.9,0.2775
2005-03-08 17:00:00,1019.0,964.0,729.0,957.0,984.0,2.0,,9.6,325.0,168.0,15.8,16.7,0.2972
2005-03-08 18:00:00,1192.0,1196.0,581.0,1222.0,1450.0,3.1,,16.5,508.0,204.0,13.2,23.9,0.3597
2005-03-08 19:00:00,1399.0,1387.0,487.0,1499.0,1837.0,5.1,,23.4,768.0,242.0,11.0,33.8,0.4436
2005-03-08 20:00:00,1419.0,1408.0,466.0,1531.0,1899.0,5.9,,24.2,764.0,246.0,9.5,39.0,0.4644
2005-03-08 21:00:00,1250.0,1094.0,600.0,1198.0,1629.0,3.2,,13.3,500.0,215.0,8.5,42.4,0.4716
2005-03-08 22:00:00,1156.0,916.0,687.0,1055.0,1490.0,2.4,,8.4,463.0,206.0,7.5,44.0,0.4564
2005-03-08 23:00:00,1064.0,783.0,785.0,954.0,1319.0,1.4,,5.4,258.0,167.0,6.6,46.0,0.4505
2005-03-09 00:00:00,1066.0,771.0,795.0,949.0,1247.0,1.4,,5.2,214.0,145.0,5.5,49.6,0.4526
2005-03-09 01:00:00,1031.0,741.0,821.0,927.0,1144.0,1.3,,4.6,191.0,133.0,4.9,52.2,0.4567
2005-03-09 02:00:00,973.0,663.0,889.0,887.0,1014.0,1.0,,3.2,154.0,117.0,4.6,53.5,0.4584
2005-03-09 03:00:00,937.0,600.0,985.0,873.0,885.0,0.8,,2.2,,,4.7,53.1,0.4589
2005-03-09 04:00:00,930.0,616.0,969.0,893.0,875.0,0.8,,2.5,113.0,90.0,3.8,56.8,0.4614
2005-03-09 05:00:00,949.0,640.0,902.0,909.0,971.0,0.9,,2.8,167.0,112.0,2.3,63.5,0.463
2005-03-09 06:00:00,979.0,707.0,851.0,959.0,1048.0,0.9,,3.9,235.0,120.0,2.0,64.9,0.4657
2005-03-09 07:00:00,1094.0,865.0,708.0,1061.0,1223.0,1.7,,7.2,372.0,141.0,2.0,65.3,0.4688
2005-03-09 08:00:00,1450.0,1322.0,490.0,1497.0,1756.0,4.3,,20.9,877.0,190.0,3.3,61.6,0.4829
2005-03-09 09:00:00,1508.0,1479.0,419.0,1685.0,2014.0,6.0,,27.0,900.0,215.0,5.7,52.5,0.4851
2005-03-09 10:00:00,1374.0,1255.0,504.0,1375.0,1855.0,3.8,,18.5,733.0,215.0,8.3,43.5,0.4774
2005-03-09 11:00:00,1308.0,1117.0,549.0,1261.0,1795.0,3.3,,14.0,691.0,235.0,10.5,38.9,0.4926
2005-03-09 12:00:00,1249.0,996.0,593.0,1198.0,1575.0,2.3,,10.5,457.0,194.0,14.5,33.4,0.5488
2005-03-09 13:00:00,1282.0,1023.0,573.0,1305.0,1461.0,2.4,,11.2,369.0,159.0,15.7,34.6,0.6147
2005-03-09 14:00:00,1253.0,988.0,589.0,1292.0,1314.0,2.2,,10.3,285.0,123.0,16.1,36.3,0.6593
2005-03-09 15:00:00,1222.0,924.0,612.0,1216.0,1147.0,1.9,,8.6,279.0,121.0,17.3,34.5,0.6728
2005-03-09 16:00:00,1201.0,882.0,638.0,1189.0,948.0,1.7,,7.6,198.0,102.0,17.6,34.1,0.6781
2005-03-09 17:00:00,1238.0,985.0,592.0,1271.0,1252.0,1.9,,10.2,229.0,114.0,18.0,33.1,0.6779
2005-03-09 18:00:00,1434.0,1234.0,476.0,1520.0,1676.0,3.8,,17.8,477.0,168.0,14.6,41.0,0.6792
2005-03-09 19:00:00,1573.0,1436.0,407.0,1747.0,2056.0,5.3,,25.3,679.0,207.0,12.8,46.2,0.6794
2005-03-09 20:00:00,1552.0,1413.0,407.0,1724.0,2088.0,5.9,,24.4,682.0,199.0,11.5,53.9,0.7312
2005-03-09 21:00:00,1510.0,1297.0,458.0,1606.0,1945.0,5.5,,20.0,679.0,192.0,10.6,58.8,0.7512
2005-03-09 22:00:00,1165.0,870.0,671.0,1181.0,1482.0,2.0,,7.3,298.0,148.0,9.7,60.0,0.7238
2005-03-09 23:00:00,1177.0,837.0,670.0,1161.0,1448.0,1.8,,6.6,265.0,137.0,8.3,64.2,0.7071
2005-03-10 00:00:00,1135.0,800.0,705.0,1130.0,1304.0,1.6,,5.7,196.0,123.0,7.8,65.5,0.6961
2005-03-10 01:00:00,1070.0,739.0,767.0,1070.0,1186.0,1.3,,4.5,155.0,109.0,7.5,65.9,0.6868
2005-03-10 02:00:00,1034.0,715.0,801.0,1067.0,1051.0,1.1,,4.1,131.0,98.0,6.1,72.1,0.6847
2005-03-10 03:00:00,1014.0,731.0,784.0,1062.0,1038.0,1.1,,4.4,,,4.6,78.2,0.6684
2005-03-10 04:00:00,988.0,673.0,838.0,1034.0,969.0,1.0,,3.3,165.0,94.0,4.0,80.9,0.667
2005-03-10 05:00:00,975.0,668.0,874.0,1020.0,951.0,0.8,,3.3,169.0,95.0,4.2,79.1,0.6611
2005-03-10 06:00:00,984.0,681.0,852.0,1020.0,970.0,0.9,,3.5,224.0,101.0,5.3,73.2,0.6577
2005-03-10 07:00:00,1092.0,831.0,720.0,1143.0,1090.0,1.3,,6.4,249.0,100.0,4.3,76.1,0.6395
2005-03-10 08:00:00,1454.0,1299.0,457.0,1606.0,1673.0,4.1,,20.1,863.0,150.0,4.8,74.6,0.647
2005-03-10 09:00:00,1446.0,1328.0,439.0,1620.0,1833.0,3.9,,21.2,665.0,168.0,7.5,64.5,0.6702
2005-03-10 10:00:00,1316.0,1105.0,511.0,1372.0,1828.0,3.5,,13.7,670.0,199.0,11.7,49.3,0.6772
2005-03-10 11:00:00,1283.0,1039.0,549.0,1308.0,1724.0,2.7,,11.7,500.0,168.0,14.7,41.2,0.6857
2005-03-10 12:00:00,1223.0,999.0,578.0,1258.0,1547.0,2.3,,10.6,428.0,161.0,17.4,33.2,0.6535
2005-03-10 13:00:00,1176.0,969.0,612.0,1196.0,1300.0,2.3,,9.8,,,18.8,26.2,0.5637
2005-03-10 14:00:00,1041.0,945.0,692.0,1082.0,1000.0,2.1,,9.1,306.0,145.0,19.1,18.1,0.3955
2005-03-10 15:00:00,1008.0,946.0,705.0,1016.0,942.0,2.2,,9.2,334.0,148.0,19.5,15.3,0.3431
2005-03-10 16:00:00,962.0,807.0,821.0,901.0,745.0,1.8,,5.9,268.0,131.0,20.2,14.4,0.337
2005-03-10 17:00:00,1048.0,925.0,721.0,1022.0,941.0,1.9,,8.6,284.0,137.0,19.8,16.0,0.3632
2005-03-10 18:00:00,1145.0,1074.0,593.0,1186.0,1232.0,2.7,,12.7,393.0,163.0,16.5,21.6,0.4012
2005-03-10 19:00:00,1198.0,1291.0,531.0,1295.0,1527.0,4.7,,19.8,603.0,219.0,14.5,18.3,0.2996
2005-03-10 20:00:00,1319.0,1399.0,497.0,1458.0,1746.0,5.4,,23.8,757.0,245.0,12.8,22.8,0.3364
2005-03-10 21:00:00,1274.0,1136.0,547.0,1233.0,1741.0,4.2,,14.6,684.0,229.0,11.5,35.9,0.4862
2005-03-10 22:00:00,1085.0,882.0,705.0,985.0,1433.0,2.1,,7.6,426.0,184.0,9.5,34.6,0.411
2005-03-10 23:00:00,1017.0,760.0,806.0,922.0,1235.0,1.4,,4.9,254.0,151.0,8.3,38.2,0.4203
2005-03-11 00:00:00,1039.0,774.0,786.0,949.0,1173.0,1.4,,5.2,227.0,133.0,7.7,41.7,0.4387
2005-03-11 01:00:00,1027.0,751.0,798.0,936.0,1171.0,1.4,,4.8,221.0,135.0,6.8,44.9,0.4472
2005-03-11 02:00:00,952.0,662.0,905.0,887.0,1024.0,1.0,,3.2,155.0,111.0,5.7,49.4,0.4551
2005-03-11 03:00:00,930.0,609.0,968.0,864.0,928.0,0.8,,2.4,120.0,90.0,5.7,50.1,0.4629
2005-03-11 04:00:00,942.0,665.0,923.0,912.0,956.0,,,3.2,134.0,91.0,4.4,56.4,0.4761
2005-03-11 05:00:00,897.0,594.0,999.0,870.0,871.0,0.7,,2.1,128.0,89.0,4.9,55.2,0.4807
2005-03-11 06:00:00,928.0,631.0,985.0,908.0,884.0,0.6,,2.7,148.0,89.0,4.5,56.3,0.48
2005-03-11 07:00:00,987.0,738.0,833.0,957.0,1010.0,0.2,,4.5,233.0,117.0,3.8,59.7,0.4839
2005-03-11 08:00:00,1272.0,1111.0,563.0,1279.0,1416.0,1.5,,13.8,470.0,141.0,4.3,58.6,0.4915
2005-03-11 09:00:00,1452.0,1370.0,445.0,1581.0,1817.0,3.5,,22.7,679.0,189.0,7.1,50.0,0.5067
2005-03-11 10:00:00,1415.0,1278.0,483.0,1399.0,1870.0,3.0,,19.3,796.0,211.0,11.1,38.4,0.5066
2005-03-11 11:00:00,,,,,,3.0,,,812.0,235.0,,,
2005-03-11 12:00:00,1203.0,951.0,618.0,1162.0,1305.0,1.0,,9.3,339.0,162.0,17.2,30.6,0.5949
2005-03-11 13:00:00,1258.0,1052.0,551.0,1297.0,1205.0,1.5,,12.1,354.0,172.0,17.8,33.3,0.6741
2005-03-11 14:00:00,1328.0,1123.0,508.0,1404.0,1339.0,2.2,,14.2,466.0,182.0,18.8,31.8,0.6853
2005-03-11 15:00:00,1260.0,1059.0,544.0,1319.0,1161.0,1.7,,12.3,417.0,180.0,19.3,29.9,0.6604
2005-03-11 16:00:00,1201.0,985.0,585.0,1252.0,996.0,1.1,,10.2,289.0,156.0,18.8,31.5,0.6752
2005-03-11 17:00:00,1161.0,992.0,601.0,1211.0,906.0,1.3,,10.4,324.0,168.0,18.2,28.1,0.5817
2005-03-11 18:00:00,1254.0,1112.0,533.0,1349.0,1161.0,1.5,,13.9,376.0,181.0,16.0,35.3,0.6356
2005-03-11 19:00:00,1452.0,1381.0,428.0,1661.0,1695.0,3.4,,23.1,619.0,226.0,13.8,43.6,0.6825
2005-03-11 20:00:00,1438.0,1374.0,435.0,1640.0,1705.0,3.8,,22.8,689.0,231.0,12.9,48.8,0.725
2005-03-11 21:00:00,1273.0,1096.0,553.0,1350.0,1379.0,2.8,,13.4,582.0,222.0,12.8,49.3,0.7277
2005-03-11 22:00:00,1096.0,850.0,690.0,1146.0,943.0,0.8,,6.8,287.0,165.0,12.2,50.9,0.7202
2005-03-11 23:00:00,1151.0,813.0,702.0,1156.0,1073.0,0.5,,6.0,238.0,151.0,10.6,55.9,0.7138
2005-03-12 00:00:00,1189.0,797.0,688.0,1157.0,1213.0,1.0,,5.7,312.0,174.0,10.3,55.9,0.7014
2005-03-12 01:00:00,1078.0,704.0,765.0,1077.0,898.0,0.4,,3.9,231.0,145.0,10.2,55.8,0.6927
2005-03-12 02:00:00,1152.0,759.0,706.0,1113.0,1094.0,0.4,,4.9,234.0,147.0,10.0,57.3,0.7015
2005-03-12 03:00:00,1128.0,740.0,705.0,1113.0,1064.0,0.3,,4.5,195.0,134.0,10.2,57.9,0.7191
2005-03-12 04:00:00,1015.0,608.0,873.0,1027.0,655.0,,,2.3,113.0,85.0,10.3,59.4,0.7459
2005-03-12 05:00:00,979.0,547.0,952.0,1039.0,470.0,,,1.5,73.0,55.0,9.8,68.9,0.8329
2005-03-12 06:00:00,972.0,542.0,1029.0,1056.0,443.0,,,1.5,103.0,65.0,9.2,75.3,0.8764
2005-03-12 07:00:00,992.0,565.0,912.0,1074.0,547.0,,,1.8,121.0,84.0,9.4,73.1,0.8621
2005-03-12 08:00:00,1053.0,671.0,807.0,1137.0,570.0,0.1,,3.3,132.0,88.0,10.6,66.1,0.8444
2005-03-12 09:00:00,1140.0,800.0,679.0,1209.0,782.0,0.2,,5.8,178.0,109.0,12.6,58.5,0.8517
2005-03-12 10:00:00,1136.0,822.0,653.0,1184.0,744.0,0.6,,6.2,218.0,130.0,15.0,48.6,0.8253
2005-03-12 11:00:00,1180.0,846.0,646.0,1206.0,791.0,0.7,,6.7,246.0,137.0,14.2,51.5,0.8313
2005-03-12 12:00:00,1131.0,792.0,678.0,1177.0,749.0,0.6,,5.6,252.0,145.0,15.1,48.6,0.8266
2005-03-12 13:00:00,1083.0,804.0,702.0,1105.0,615.0,0.3,,5.8,208.0,128.0,18.0,35.4,0.7233
2005-03-12 14:00:00,1120.0,859.0,640.0,1167.0,681.0,0.5,,7.0,219.0,129.0,17.9,35.3,0.7184
2005-03-12 15:00:00,1038.0,699.0,765.0,1042.0,515.0,0.2,,3.8,160.0,105.0,17.7,35.0,0.7014
2005-03-12 16:00:00,1096.0,788.0,699.0,1115.0,583.0,0.4,,5.5,191.0,114.0,17.6,35.5,0.7065
2005-03-12 17:00:00,1126.0,881.0,648.0,1140.0,728.0,0.7,,7.6,270.0,146.0,17.5,34.1,0.6775
2005-03-12 18:00:00,1153.0,910.0,622.0,1208.0,827.0,0.9,,8.3,285.0,156.0,15.6,40.0,0.7018
2005-03-12 19:00:00,1177.0,878.0,641.0,1224.0,844.0,0.8,,7.5,289.0,152.0,14.0,47.8,0.7582
2005-03-12 20:00:00,1383.0,1119.0,522.0,1415.0,1310.0,2.4,,14.1,550.0,201.0,13.2,51.4,0.776
2005-03-12 21:00:00,1363.0,1064.0,536.0,1350.0,1353.0,3.3,,12.4,679.0,221.0,12.0,56.1,0.7832
2005-03-12 22:00:00,1087.0,803.0,699.0,1130.0,907.0,0.9,,5.8,314.0,157.0,11.6,54.7,0.7454
2005-03-12 23:00:00,1028.0,703.0,783.0,1070.0,646.0,0.1,,3.9,166.0,114.0,12.0,53.3,0.7472
2005-03-13 00:00:00,1017.0,641.0,892.0,1044.0,482.0,0.1,,2.8,157.0,107.0,12.5,55.4,0.7999
2005-03-13 01:00:00,1050.0,660.0,860.0,1071.0,526.0,0.1,,3.1,173.0,113.0,12.3,56.0,0.7958
2005-03-13 02:00:00,1023.0,672.0,819.0,1069.0,595.0,0.2,,3.3,184.0,118.0,12.4,53.4,0.7669
2005-03-13 03:00:00,940.0,583.0,942.0,991.0,416.0,,,2.0,93.0,69.0,12.7,51.8,0.7574
2005-03-13 04:00:00,963.0,617.0,902.0,1006.0,398.0,,,2.5,85.0,63.0,13.2,49.7,0.7503
2005-03-13 05:00:00,971.0,585.0,928.0,1004.0,394.0,,,2.0,79.0,61.0,12.3,55.9,0.7966
2005-03-13 06:00:00,887.0,488.0,1184.0,908.0,312.0,,,0.9,55.0,42.0,13.3,50.1,0.7624
2005-03-13 07:00:00,944.0,551.0,1063.0,985.0,381.0,,,1.6,98.0,68.0,12.3,51.8,0.7384
2005-03-13 08:00:00,970.0,592.0,909.0,1018.0,509.0,,,2.1,190.0,120.0,12.9,50.4,0.7448
2005-03-13 09:00:00,1034.0,651.0,861.0,1060.0,601.0,0.1,,3.0,166.0,112.0,12.9,49.9,0.7406
2005-03-13 10:00:00,1160.0,765.0,711.0,1134.0,962.0,0.3,,5.0,260.0,148.0,13.9,47.3,0.7479
2005-03-13 11:00:00,1283.0,887.0,607.0,1238.0,1231.0,1.0,,7.7,362.0,160.0,13.5,51.6,0.7931
2005-03-13 12:00:00,1387.0,981.0,535.0,1368.0,1396.0,1.6,,10.1,415.0,164.0,13.2,56.2,0.8499
2005-03-13 13:00:00,1325.0,921.0,570.0,1345.0,1297.0,1.4,,8.5,358.0,159.0,14.2,57.8,0.9292
2005-03-13 14:00:00,1057.0,641.0,803.0,1103.0,616.0,0.3,,2.8,170.0,110.0,17.2,46.2,0.8989
2005-03-13 15:00:00,1078.0,668.0,855.0,1109.0,509.0,0.1,,3.3,130.0,82.0,19.9,36.6,0.8406
2005-03-13 16:00:00,1159.0,762.0,742.0,1158.0,590.0,0.3,,5.0,177.0,102.0,19.7,37.1,0.8399
2005-03-13 17:00:00,1195.0,795.0,710.0,1157.0,718.0,0.5,,5.6,233.0,119.0,19.0,37.4,0.8122
2005-03-13 18:00:00,1217.0,861.0,642.0,1234.0,898.0,0.8,,7.1,282.0,135.0,16.4,43.5,0.8055
2005-03-13 19:00:00,1542.0,1200.0,469.0,1520.0,1577.0,3.2,,16.7,583.0,215.0,15.1,49.8,0.8458
2005-03-13 20:00:00,1407.0,1066.0,525.0,1397.0,1560.0,2.8,,12.5,566.0,211.0,14.8,51.0,0.8507
2005-03-13 21:00:00,1189.0,837.0,665.0,1204.0,1208.0,1.0,,6.6,323.0,172.0,14.6,51.6,0.8508
2005-03-13 22:00:00,1208.0,911.0,613.0,1245.0,1244.0,0.9,,8.3,318.0,166.0,13.7,52.1,0.8121
2005-03-13 23:00:00,1207.0,861.0,649.0,1217.0,1181.0,0.9,,7.1,336.0,168.0,13.2,55.6,0.8412
2005-03-14 00:00:00,1056.0,699.0,787.0,1085.0,828.0,0.4,,3.8,196.0,134.0,13.2,55.9,0.8465
2005-03-14 01:00:00,1128.0,771.0,733.0,1178.0,923.0,0.4,,5.2,193.0,122.0,11.7,62.1,0.8535
2005-03-14 02:00:00,1119.0,778.0,705.0,1187.0,1096.0,0.3,,5.3,192.0,123.0,9.9,68.9,0.8388
2005-03-14 03:00:00,1077.0,701.0,761.0,1122.0,1106.0,0.1,,3.8,147.0,104.0,9.8,68.0,0.8227
2005-03-14 04:00:00,1036.0,636.0,845.0,1084.0,976.0,,,2.8,122.0,90.0,8.9,71.9,0.8202
2005-03-14 05:00:00,1016.0,647.0,824.0,1090.0,937.0,0.8,,2.9,117.0,85.0,8.4,74.5,0.8241
2005-03-14 06:00:00,1103.0,730.0,735.0,1139.0,1049.0,1.0,,4.4,201.0,103.0,9.2,71.0,0.8299
2005-03-14 07:00:00,1176.0,880.0,634.0,1257.0,1180.0,1.6,,7.5,318.0,127.0,9.9,67.6,0.8239
2005-03-14 08:00:00,1430.0,1169.0,481.0,1543.0,1514.0,3.5,,15.7,658.0,163.0,10.8,64.4,0.8328
2005-03-14 09:00:00,1572.0,1374.0,411.0,1763.0,1771.0,4.0,,22.9,680.0,155.0,11.7,61.7,0.8483
2005-03-14 10:00:00,1243.0,1006.0,572.0,1349.0,1395.0,3.5,,10.8,497.0,170.0,13.7,51.9,0.8106
2005-03-14 11:00:00,1101.0,817.0,707.0,1157.0,1024.0,1.6,,6.1,290.0,141.0,16.3,43.5,0.7988
2005-03-14 12:00:00,1103.0,857.0,681.0,1182.0,946.0,1.5,,7.0,230.0,123.0,17.9,38.8,0.7883
2005-03-14 13:00:00,1116.0,859.0,670.0,1197.0,864.0,1.5,,7.1,215.0,124.0,19.3,35.5,0.7876
2005-03-14 14:00:00,1141.0,904.0,646.0,1249.0,889.0,1.7,,8.1,226.0,126.0,20.1,32.9,0.7672
2005-03-14 15:00:00,1151.0,885.0,660.0,1222.0,903.0,1.6,,7.7,240.0,128.0,20.0,33.0,0.7625
2005-03-14 16:00:00,1263.0,1008.0,597.0,1308.0,1121.0,2.4,,10.8,391.0,158.0,20.2,32.2,0.7526
2005-03-14 17:00:00,1324.0,1128.0,540.0,1441.0,1319.0,3.4,,14.4,492.0,177.0,18.9,34.4,0.7436
2005-03-14 18:00:00,1533.0,1439.0,416.0,1799.0,1829.0,5.4,,25.4,700.0,225.0,17.9,37.6,0.7624
2005-03-14 19:00:00,1626.0,1531.0,371.0,1937.0,2000.0,6.5,,29.1,782.0,234.0,16.7,43.4,0.8168
2005-03-14 20:00:00,1639.0,1510.0,378.0,1904.0,2001.0,6.5,,28.3,728.0,227.0,15.9,47.9,0.8573
2005-03-14 21:00:00,1346.0,1124.0,502.0,1490.0,1598.0,4.0,,14.2,510.0,192.0,15.3,52.6,0.906
2005-03-14 22:00:00,1218.0,914.0,597.0,1291.0,1383.0,2.1,,8.4,308.0,158.0,13.7,58.5,0.9146
2005-03-14 23:00:00,1166.0,880.0,631.0,1280.0,1238.0,1.6,,7.5,248.0,149.0,12.7,62.8,0.9198
2005-03-15 00:00:00,1095.0,772.0,721.0,1175.0,1023.0,1.5,,5.2,233.0,140.0,12.2,65.0,0.9193
2005-03-15 01:00:00,958.0,601.0,947.0,1054.0,659.0,0.7,,2.2,96.0,79.0,13.0,61.2,0.9105
2005-03-15 02:00:00,960.0,582.0,933.0,1062.0,657.0,0.7,,2.0,90.0,69.0,11.1,66.1,0.8738
2005-03-15 03:00:00,972.0,571.0,931.0,1063.0,764.0,0.6,,1.8,95.0,72.0,10.1,69.8,0.8619
2005-03-15 04:00:00,911.0,508.0,1048.0,1005.0,667.0,0.5,,1.1,68.0,58.0,11.6,61.0,0.8299
2005-03-15 05:00:00,923.0,516.0,1049.0,1002.0,667.0,0.4,,1.2,75.0,59.0,10.1,64.5,0.7968
2005-03-15 06:00:00,981.0,610.0,867.0,1068.0,856.0,0.6,,2.4,145.0,88.0,9.3,67.9,0.7969
2005-03-15 07:00:00,1038.0,701.0,760.0,1102.0,940.0,0.9,,3.8,185.0,110.0,10.1,64.3,0.7934
2005-03-15 08:00:00,1370.0,1118.0,495.0,1459.0,1406.0,2.6,,14.0,506.0,151.0,10.4,62.7,0.7909
2005-03-15 09:00:00,1471.0,1265.0,434.0,1655.0,1617.0,3.3,,18.9,485.0,158.0,13.0,53.9,0.8036
2005-03-15 10:00:00,1447.0,1167.0,466.0,1514.0,1694.0,4.0,,15.6,684.0,194.0,16.4,44.6,0.8242
2005-03-15 11:00:00,1329.0,1090.0,508.0,1401.0,1473.0,3.1,,13.2,562.0,181.0,19.1,36.7,0.8044
2005-03-15 12:00:00,1197.0,989.0,577.0,1297.0,1087.0,2.2,,10.3,357.0,161.0,21.0,30.6,0.7508
2005-03-15 13:00:00,1198.0,968.0,590.0,1264.0,945.0,2.1,,9.7,306.0,143.0,22.1,27.6,0.7254
2005-03-15 14:00:00,1171.0,977.0,608.0,1234.0,905.0,2.2,,10.0,292.0,142.0,22.2,25.5,0.6752
2005-03-15 15:00:00,1191.0,1011.0,620.0,1262.0,903.0,1.9,,10.9,305.0,146.0,23.6,23.2,0.6665
2005-03-15 16:00:00,1213.0,1060.0,578.0,1292.0,1041.0,2.5,,12.3,386.0,166.0,23.6,22.9,0.6571
2005-03-15 17:00:00,1258.0,1124.0,552.0,1363.0,1194.0,2.9,,14.2,408.0,172.0,22.8,24.6,0.6736
2005-03-15 18:00:00,1413.0,1339.0,464.0,1611.0,1533.0,3.9,,21.6,521.0,196.0,20.3,29.7,0.6973
2005-03-15 19:00:00,1610.0,1573.0,381.0,1890.0,1932.0,6.3,,30.9,766.0,243.0,18.0,36.0,0.7345
2005-03-15 20:00:00,1710.0,1632.0,346.0,2028.0,2140.0,7.4,,33.5,841.0,248.0,16.4,41.9,0.7759
2005-03-15 21:00:00,1515.0,1295.0,435.0,1615.0,1871.0,5.7,,19.9,754.0,233.0,14.9,47.6,0.8003
2005-03-15 22:00:00,1199.0,916.0,613.0,1227.0,1435.0,2.3,,8.4,350.0,174.0,13.8,49.6,0.7793
2005-03-15 23:00:00,1128.0,818.0,674.0,1156.0,1303.0,1.5,,6.1,244.0,149.0,13.2,51.6,0.7765
2005-03-16 00:00:00,1108.0,798.0,694.0,1144.0,1199.0,1.4,,5.7,221.0,134.0,11.8,56.9,0.7836
2005-03-16 01:00:00,1038.0,709.0,768.0,1087.0,1069.0,1.1,,4.0,183.0,123.0,11.4,58.0,0.7818
2005-03-16 02:00:00,1004.0,646.0,823.0,1054.0,989.0,0.9,,2.9,166.0,111.0,11.3,58.0,0.7742
2005-03-16 03:00:00,969.0,584.0,904.0,1021.0,899.0,0.7,,2.0,133.0,93.0,10.7,59.6,0.7673
2005-03-16 04:00:00,938.0,559.0,942.0,1026.0,850.0,0.6,,1.7,147.0,97.0,9.0,65.4,0.7532
2005-03-16 05:00:00,927.0,549.0,967.0,1008.0,828.0,0.6,,1.6,119.0,86.0,8.0,68.9,0.7402
2005-03-16 06:00:00,977.0,673.0,830.0,1060.0,902.0,0.8,,3.3,179.0,99.0,7.5,70.9,0.7358
2005-03-16 07:00:00,1011.0,685.0,823.0,1054.0,902.0,1.0,,3.6,178.0,99.0,7.6,69.2,0.7238
2005-03-16 08:00:00,1228.0,984.0,588.0,1293.0,1222.0,2.1,,10.2,390.0,129.0,8.7,64.3,0.7257
2005-03-16 09:00:00,1521.0,1434.0,404.0,1809.0,1784.0,4.2,,25.2,579.0,161.0,11.7,54.3,0.7459
2005-03-16 10:00:00,1425.0,1178.0,468.0,1477.0,1761.0,4.3,,16.0,735.0,202.0,15.9,42.2,0.7553
2005-03-16 11:00:00,1339.0,1094.0,509.0,1376.0,1634.0,3.2,,13.3,568.0,200.0,19.3,34.7,0.7681
2005-03-16 12:00:00,1310.0,1046.0,552.0,1351.0,1527.0,2.8,,11.9,487.0,194.0,23.1,27.3,0.7615
2005-03-16 13:00:00,1250.0,1012.0,585.0,1249.0,1192.0,2.4,,10.9,343.0,173.0,26.1,20.8,0.6959
2005-03-16 14:00:00,1181.0,1015.0,617.0,1192.0,1023.0,2.5,,11.0,351.0,169.0,26.8,17.9,0.6249
2005-03-16 15:00:00,1272.0,1220.0,533.0,1353.0,1251.0,2.9,,17.3,417.0,188.0,28.4,16.0,0.6095
2005-03-16 16:00:00,1231.0,1064.0,618.0,1188.0,1082.0,3.0,,12.4,509.0,211.0,28.8,15.1,0.5877
2005-03-16 17:00:00,1286.0,1223.0,529.0,1350.0,1348.0,3.6,,17.4,573.0,210.0,27.9,15.6,0.5782
2005-03-16 18:00:00,1315.0,1225.0,509.0,1408.0,1365.0,3.5,,17.5,518.0,193.0,24.1,20.6,0.6075
2005-03-16 19:00:00,1494.0,1460.0,420.0,1682.0,1827.0,4.8,,26.2,641.0,227.0,21.0,28.0,0.6904
2005-03-16 20:00:00,1494.0,1381.0,422.0,1677.0,1879.0,4.4,,23.1,544.0,223.0,18.4,38.8,0.8152
2005-03-16 21:00:00,1545.0,1390.0,423.0,1676.0,1915.0,4.9,,23.5,582.0,229.0,16.9,42.9,0.8222
2005-03-16 22:00:00,1354.0,1094.0,517.0,1357.0,1705.0,2.9,,13.3,407.0,194.0,15.5,45.0,0.7895
2005-03-16 23:00:00,1301.0,998.0,553.0,1283.0,1610.0,2.1,,10.5,327.0,171.0,14.3,49.6,0.8049
2005-03-17 00:00:00,1144.0,826.0,661.0,1158.0,1300.0,1.6,,6.3,221.0,147.0,14.7,48.0,0.7977
2005-03-17 01:00:00,1080.0,732.0,748.0,1087.0,1093.0,1.2,,4.4,142.0,111.0,13.3,51.4,0.7821
2005-03-17 02:00:00,1013.0,671.0,817.0,1056.0,986.0,0.9,,3.3,123.0,104.0,12.6,53.7,0.7793
2005-03-17 03:00:00,966.0,587.0,921.0,1017.0,846.0,0.7,,2.0,106.0,90.0,11.5,56.8,0.7706
2005-03-17 04:00:00,959.0,578.0,909.0,1016.0,822.0,,,1.9,100.0,81.0,10.1,61.9,0.7631
2005-03-17 05:00:00,919.0,532.0,997.0,983.0,714.0,0.5,,1.4,85.0,69.0,9.8,61.8,0.7523
2005-03-17 06:00:00,953.0,604.0,903.0,1020.0,838.0,0.6,,2.3,114.0,84.0,9.0,64.3,0.7417
2005-03-17 07:00:00,1117.0,808.0,669.0,1178.0,1109.0,1.3,,5.9,299.0,123.0,7.9,68.4,0.7324
2005-03-17 08:00:00,1485.0,1265.0,441.0,1647.0,1676.0,3.8,,18.9,723.0,166.0,9.5,62.6,0.7444
2005-03-17 09:00:00,1583.0,1457.0,376.0,1808.0,1976.0,5.6,,26.1,745.0,189.0,13.2,51.0,0.7704
2005-03-17 10:00:00,1448.0,1187.0,471.0,1490.0,1814.0,4.4,,16.2,668.0,217.0,16.9,40.3,0.7717
2005-03-17 11:00:00,1294.0,1006.0,567.0,1296.0,1538.0,3.0,,10.8,571.0,196.0,20.8,31.3,0.7617
2005-03-17 12:00:00,1269.0,1016.0,579.0,1273.0,1383.0,2.2,,11.1,388.0,189.0,24.3,24.7,0.7407
2005-03-17 13:00:00,1247.0,985.0,581.0,1255.0,1184.0,2.0,,10.2,323.0,174.0,26.7,22.6,0.7785
2005-03-17 14:00:00,1239.0,1045.0,559.0,1312.0,1094.0,2.2,,11.9,312.0,161.0,27.1,21.7,0.7636
2005-03-17 15:00:00,1199.0,1041.0,574.0,1271.0,986.0,2.1,,11.8,320.0,158.0,28.3,17.9,0.6769
2005-03-17 16:00:00,1216.0,1013.0,576.0,1277.0,967.0,2.2,,10.9,322.0,161.0,27.8,20.0,0.7378
2005-03-17 17:00:00,1131.0,925.0,638.0,1158.0,831.0,1.9,,8.6,276.0,147.0,26.2,19.4,0.6491
2005-03-17 18:00:00,1300.0,1149.0,530.0,1353.0,1182.0,2.7,,15.0,341.0,165.0,22.7,24.4,0.6661
2005-03-17 19:00:00,1358.0,1331.0,459.0,1518.0,1523.0,3.9,,21.3,531.0,214.0,20.2,29.3,0.686
2005-03-17 20:00:00,1492.0,1425.0,417.0,1690.0,1780.0,5.6,,24.8,653.0,228.0,17.3,35.2,0.6907
2005-03-17 21:00:00,1413.0,1251.0,478.0,1504.0,1682.0,4.9,,18.4,646.0,240.0,16.1,38.7,0.7023
2005-03-17 22:00:00,1210.0,943.0,611.0,1224.0,1390.0,2.2,,9.1,333.0,188.0,14.6,44.5,0.7337
2005-03-17 23:00:00,1196.0,902.0,620.0,1185.0,1390.0,1.9,,8.1,299.0,173.0,13.7,48.6,0.7555
2005-03-18 00:00:00,1101.0,809.0,690.0,1123.0,1201.0,1.4,,5.9,224.0,150.0,12.4,52.2,0.7513
2005-03-18 01:00:00,1076.0,770.0,721.0,1093.0,1107.0,1.3,,5.1,195.0,134.0,11.9,53.4,0.7414
2005-03-18 02:00:00,1040.0,736.0,740.0,1099.0,1050.0,1.1,,4.5,209.0,132.0,10.4,58.4,0.7367
2005-03-18 03:00:00,989.0,667.0,824.0,1048.0,943.0,0.9,,3.2,168.0,117.0,8.9,63.5,0.7268
2005-03-18 04:00:00,966.0,639.0,843.0,1033.0,903.0,0.9,,2.8,153.0,103.0,8.2,65.9,0.7168
2005-03-18 05:00:00,912.0,587.0,922.0,1002.0,826.0,0.7,,2.0,140.0,99.0,7.7,67.1,0.7074
2005-03-18 06:00:00,960.0,668.0,841.0,1038.0,878.0,0.8,,3.3,184.0,106.0,7.2,68.6,0.6978
2005-03-18 07:00:00,1028.0,784.0,709.0,1110.0,996.0,1.2,,5.4,266.0,113.0,7.5,66.7,0.6943
2005-03-18 08:00:00,1375.0,1134.0,504.0,1467.0,1470.0,2.9,,14.5,518.0,141.0,8.7,61.6,0.696
2005-03-18 09:00:00,1522.0,1466.0,380.0,1822.0,1883.0,5.4,,26.5,681.0,180.0,12.0,51.0,0.7131
2005-03-18 10:00:00,1400.0,1227.0,465.0,1542.0,1661.0,4.3,,17.6,558.0,192.0,15.4,42.5,0.7379
2005-03-18 11:00:00,1323.0,1144.0,502.0,1405.0,1568.0,3.1,,14.9,457.0,187.0,18.8,33.5,0.7186
2005-03-18 12:00:00,1250.0,990.0,579.0,1262.0,1291.0,2.4,,10.3,353.0,169.0,22.2,28.1,0.7426
2005-03-18 13:00:00,1283.0,1048.0,550.0,1336.0,1226.0,2.3,,12.0,313.0,161.0,24.7,25.5,0.7785
2005-03-18 14:00:00,1171.0,993.0,597.0,1208.0,841.0,2.3,,10.4,290.0,160.0,25.0,23.4,0.7301
2005-03-18 15:00:00,1264.0,1081.0,555.0,1323.0,951.0,2.3,,12.9,318.0,177.0,25.9,21.9,0.7209
2005-03-18 16:00:00,1301.0,1152.0,525.0,1343.0,1151.0,3.4,,15.1,479.0,219.0,25.6,21.7,0.7039
2005-03-18 17:00:00,1321.0,1175.0,525.0,1366.0,1279.0,3.7,,15.8,494.0,212.0,25.1,21.8,0.6854
2005-03-18 18:00:00,1343.0,1298.0,477.0,1495.0,1416.0,4.1,,20.1,551.0,225.0,22.1,25.6,0.6728
2005-03-18 19:00:00,1493.0,1444.0,417.0,1702.0,1738.0,5.6,,25.6,701.0,240.0,19.1,32.5,0.7112
2005-03-18 20:00:00,1545.0,1403.0,407.0,1743.0,1821.0,5.3,,24.0,571.0,223.0,16.7,42.5,0.8002
2005-03-18 21:00:00,1477.0,1247.0,456.0,1562.0,1733.0,4.9,,18.3,643.0,241.0,15.5,48.3,0.8439
2005-03-18 22:00:00,1202.0,864.0,620.0,1255.0,1115.0,2.0,,7.2,282.0,159.0,13.3,60.5,0.9168
2005-03-18 23:00:00,1236.0,849.0,631.0,1274.0,1131.0,1.9,,6.8,251.0,150.0,12.1,67.6,0.9539
2005-03-19 00:00:00,1206.0,849.0,640.0,1245.0,1127.0,2.2,,6.8,307.0,163.0,11.8,68.3,0.9432
2005-03-19 01:00:00,1192.0,832.0,646.0,1253.0,1167.0,1.9,,6.4,282.0,155.0,11.6,68.3,0.9314
2005-03-19 02:00:00,1044.0,630.0,845.0,1099.0,809.0,1.1,,2.7,160.0,119.0,11.8,67.9,0.9362
2005-03-19 03:00:00,1053.0,648.0,808.0,1109.0,709.0,1.0,,2.9,125.0,94.0,12.3,65.8,0.9374
2005-03-19 04:00:00,1023.0,600.0,872.0,1089.0,575.0,0.9,,2.2,106.0,80.0,12.2,66.9,0.9496
2005-03-19 05:00:00,1005.0,620.0,846.0,1098.0,572.0,0.9,,2.5,111.0,83.0,12.1,67.3,0.948
2005-03-19 06:00:00,959.0,578.0,907.0,1079.0,546.0,0.7,,1.9,115.0,79.0,11.8,67.1,0.9274
2005-03-19 07:00:00,1049.0,686.0,793.0,1159.0,795.0,1.0,,3.6,156.0,96.0,11.9,65.6,0.9129
2005-03-19 08:00:00,1255.0,983.0,555.0,1439.0,1268.0,2.0,,10.1,320.0,141.0,12.2,65.6,0.93
2005-03-19 09:00:00,1285.0,1009.0,517.0,1452.0,1366.0,2.7,,10.9,380.0,153.0,12.8,64.4,0.9448
2005-03-19 10:00:00,1254.0,973.0,543.0,1403.0,1328.0,2.5,,9.9,371.0,156.0,13.4,62.0,0.9498
2005-03-19 11:00:00,1253.0,966.0,560.0,1378.0,1251.0,2.4,,9.7,343.0,162.0,14.5,57.0,0.9333
2005-03-19 12:00:00,1242.0,935.0,584.0,1327.0,1127.0,2.2,,8.9,297.0,164.0,15.8,51.3,0.9144
2005-03-19 13:00:00,1212.0,918.0,593.0,1308.0,1066.0,2.1,,8.5,281.0,160.0,17.5,46.0,0.9104
2005-03-19 14:00:00,1165.0,839.0,652.0,1214.0,867.0,1.8,,6.6,220.0,140.0,19.5,40.2,0.901
2005-03-19 15:00:00,1136.0,781.0,712.0,1169.0,691.0,1.4,,5.4,174.0,119.0,21.2,35.9,0.8943
2005-03-19 16:00:00,1233.0,926.0,617.0,1293.0,917.0,2.1,,8.7,260.0,153.0,21.7,35.1,0.8993
2005-03-19 17:00:00,1177.0,800.0,696.0,1191.0,748.0,1.7,,5.8,222.0,139.0,20.5,38.4,0.9161
2005-03-19 18:00:00,1223.0,883.0,614.0,1289.0,968.0,1.9,,7.6,266.0,156.0,18.2,45.9,0.9488
2005-03-19 19:00:00,1360.0,1063.0,507.0,1483.0,1420.0,2.7,,12.4,387.0,183.0,16.2,53.0,0.9722
2005-03-19 20:00:00,1435.0,1140.0,477.0,1550.0,1530.0,3.2,,14.7,425.0,185.0,15.0,57.6,0.9777
2005-03-19 21:00:00,1305.0,995.0,552.0,1402.0,1341.0,3.3,,10.5,484.0,200.0,14.1,60.8,0.9716
2005-03-19 22:00:00,1199.0,869.0,618.0,1306.0,1160.0,2.3,,7.3,325.0,163.0,13.2,65.6,0.9882
2005-03-19 23:00:00,1217.0,921.0,589.0,1336.0,1261.0,1.9,,8.5,257.0,154.0,13.5,63.8,0.9797
2005-03-20 00:00:00,1200.0,847.0,636.0,1297.0,1132.0,1.9,,6.8,273.0,151.0,13.6,63.4,0.9794
2005-03-20 01:00:00,1150.0,807.0,669.0,1243.0,1042.0,1.9,,5.9,276.0,149.0,13.6,63.5,0.9857
2005-03-20 02:00:00,1086.0,726.0,736.0,1192.0,848.0,1.5,,4.3,202.0,131.0,13.4,64.8,0.988
2005-03-20 03:00:00,1027.0,684.0,788.0,1149.0,666.0,1.1,,3.5,132.0,94.0,13.2,64.8,0.9801
2005-03-20 04:00:00,993.0,640.0,848.0,1110.0,548.0,,,2.8,85.0,66.0,13.0,65.3,0.9704
2005-03-20 05:00:00,985.0,610.0,851.0,1101.0,604.0,0.8,,2.4,87.0,69.0,12.6,65.9,0.9583
2005-03-20 06:00:00,934.0,552.0,966.0,1063.0,520.0,0.6,,1.6,70.0,57.0,13.1,64.0,0.9591
2005-03-20 07:00:00,977.0,631.0,859.0,1120.0,659.0,0.7,,2.7,113.0,78.0,12.4,66.2,0.95
2005-03-20 08:00:00,970.0,618.0,888.0,1095.0,611.0,0.7,,2.5,112.0,84.0,13.3,62.4,0.946
2005-03-20 09:00:00,1041.0,706.0,778.0,1178.0,756.0,1.0,,3.9,140.0,97.0,14.0,59.7,0.9491
2005-03-20 10:00:00,1144.0,821.0,651.0,1262.0,988.0,1.5,,6.2,214.0,123.0,15.4,54.0,0.9385
2005-03-20 11:00:00,1209.0,933.0,581.0,1329.0,1058.0,2.4,,8.8,334.0,166.0,17.0,47.5,0.9146
2005-03-20 12:00:00,1083.0,727.0,763.0,1135.0,636.0,1.6,,4.3,203.0,130.0,18.6,42.6,0.904
2005-03-20 13:00:00,1063.0,678.0,796.0,1107.0,522.0,1.2,,3.4,163.0,109.0,21.5,35.0,0.8886
2005-03-20 14:00:00,988.0,600.0,912.0,1033.0,415.0,0.9,,2.2,110.0,82.0,21.3,35.6,0.8924
2005-03-20 15:00:00,1060.0,686.0,830.0,1110.0,445.0,0.9,,3.6,107.0,73.0,23.1,32.1,0.8973
2005-03-20 16:00:00,1087.0,717.0,786.0,1112.0,515.0,1.1,,4.1,135.0,91.0,22.1,34.5,0.9035
2005-03-20 17:00:00,1153.0,798.0,715.0,1184.0,678.0,1.4,,5.7,187.0,109.0,21.5,35.7,0.905
2005-03-20 18:00:00,1167.0,838.0,660.0,1227.0,825.0,1.7,,6.6,240.0,128.0,19.3,41.6,0.923
2005-03-20 19:00:00,1370.0,1072.0,535.0,1428.0,1233.0,2.9,,12.7,398.0,155.0,17.3,47.8,0.9363
2005-03-20 20:00:00,1403.0,1142.0,492.0,1518.0,1419.0,4.0,,14.8,585.0,176.0,16.0,54.9,0.9934
2005-03-20 21:00:00,1364.0,1061.0,534.0,1436.0,1397.0,4.0,,12.3,590.0,179.0,15.6,58.0,1.0197
2005-03-20 22:00:00,1111.0,825.0,679.0,1238.0,975.0,1.9,,6.3,295.0,124.0,14.8,61.3,1.025
2005-03-20 23:00:00,1091.0,777.0,711.0,1217.0,891.0,1.5,,5.3,209.0,105.0,13.8,63.4,0.9916
2005-03-21 00:00:00,1107.0,777.0,697.0,1221.0,945.0,1.5,,5.3,183.0,99.0,13.1,66.1,0.9913
2005-03-21 01:00:00,1095.0,746.0,716.0,1217.0,916.0,1.6,,4.7,177.0,104.0,13.3,66.4,1.0128
2005-03-21 02:00:00,1027.0,673.0,794.0,1160.0,770.0,1.1,,3.3,126.0,95.0,13.3,67.0,1.0207
2005-03-21 03:00:00,996.0,631.0,845.0,1153.0,697.0,0.8,,2.7,100.0,81.0,13.1,68.6,1.0288
2005-03-21 04:00:00,955.0,582.0,902.0,1118.0,611.0,0.7,,2.0,83.0,68.0,12.2,72.4,1.0224
2005-03-21 05:00:00,947.0,553.0,944.0,1110.0,693.0,0.6,,1.6,84.0,69.0,11.6,73.8,1.0054
2005-03-21 06:00:00,1003.0,650.0,831.0,1158.0,750.0,0.7,,3.0,113.0,73.0,12.9,67.5,0.999
2005-03-21 07:00:00,1120.0,815.0,660.0,1291.0,1053.0,1.3,,6.1,270.0,113.0,12.8,68.0,1.0023
2005-03-21 08:00:00,1476.0,1219.0,459.0,1673.0,1561.0,3.2,,17.3,487.0,141.0,13.5,63.9,0.9875
2005-03-21 09:00:00,1653.0,1573.0,345.0,2147.0,1920.0,6.1,,31.0,723.0,174.0,14.7,59.8,0.9928
2005-03-21 10:00:00,1403.0,1161.0,487.0,1576.0,1583.0,4.3,,15.4,614.0,178.0,15.9,56.6,1.0147
2005-03-21 11:00:00,1241.0,1011.0,545.0,1428.0,1274.0,2.6,,10.9,395.0,163.0,18.3,49.4,1.0264
2005-03-21 12:00:00,1176.0,914.0,621.0,1347.0,1083.0,2.0,,8.4,310.0,143.0,19.8,44.2,1.0091
2005-03-21 13:00:00,1160.0,862.0,636.0,1320.0,924.0,1.8,,7.1,259.0,127.0,21.6,39.6,1.009
2005-03-21 14:00:00,1224.0,977.0,571.0,1424.0,1002.0,2.1,,10.0,251.0,131.0,23.3,35.8,1.0086
2005-03-21 15:00:00,1175.0,906.0,616.0,1332.0,905.0,2.1,,8.2,261.0,135.0,23.8,33.4,0.9699
2005-03-21 16:00:00,1235.0,947.0,594.0,1362.0,923.0,2.0,,9.2,241.0,131.0,22.8,35.3,0.9693
2005-03-21 17:00:00,1288.0,1064.0,539.0,1446.0,1123.0,2.6,,12.4,317.0,153.0,22.8,34.9,0.9576
2005-03-21 18:00:00,1512.0,1386.0,425.0,1831.0,1602.0,4.5,,23.3,505.0,198.0,20.9,39.3,0.9615
2005-03-21 19:00:00,1609.0,1544.0,367.0,1999.0,1878.0,6.4,,29.7,669.0,232.0,18.6,46.4,0.9867
2005-03-21 20:00:00,1537.0,1446.0,392.0,1855.0,1840.0,6.0,,25.7,638.0,224.0,17.2,52.7,1.0285
2005-03-21 21:00:00,1315.0,1126.0,498.0,1537.0,1474.0,3.8,,14.3,433.0,183.0,15.3,61.0,1.054
2005-03-21 22:00:00,1155.0,909.0,604.0,1331.0,1244.0,2.1,,8.2,252.0,144.0,14.2,65.4,1.0497
2005-03-21 23:00:00,1033.0,759.0,735.0,1185.0,937.0,1.2,,4.9,154.0,117.0,13.8,65.2,1.0275
2005-03-22 00:00:00,1078.0,808.0,696.0,1221.0,891.0,1.3,,5.9,152.0,106.0,13.3,65.6,0.9969
2005-03-22 01:00:00,1069.0,799.0,682.0,1211.0,1044.0,1.5,,5.7,181.0,121.0,12.6,67.9,0.9886
2005-03-22 02:00:00,952.0,648.0,847.0,1107.0,792.0,0.9,,2.9,109.0,87.0,12.8,64.5,0.9493
2005-03-22 03:00:00,910.0,570.0,964.0,1060.0,670.0,0.7,,1.8,73.0,62.0,12.8,63.6,0.936
2005-03-22 04:00:00,878.0,517.0,1069.0,1046.0,689.0,0.5,,1.2,83.0,70.0,12.0,65.2,0.9103
2005-03-22 05:00:00,899.0,556.0,1001.0,1064.0,717.0,0.6,,1.6,90.0,66.0,10.6,70.8,0.9033
2005-03-22 06:00:00,939.0,620.0,905.0,1095.0,813.0,0.7,,2.5,151.0,88.0,10.9,69.2,0.9033
2005-03-22 07:00:00,1001.0,701.0,816.0,1130.0,891.0,0.9,,3.8,191.0,93.0,10.3,70.9,0.8907
2005-03-22 08:00:00,1303.0,1102.0,536.0,1488.0,1323.0,2.2,,13.5,403.0,116.0,11.8,66.3,0.9174
2005-03-22 09:00:00,1557.0,1499.0,381.0,1945.0,1817.0,4.7,,27.8,555.0,151.0,14.1,58.9,0.9447
2005-03-22 10:00:00,1402.0,1263.0,446.0,1640.0,1723.0,4.5,,18.8,551.0,169.0,16.5,51.6,0.9601
2005-03-22 11:00:00,1380.0,1170.0,477.0,1566.0,1656.0,3.1,,15.7,473.0,166.0,20.2,42.1,0.984
2005-03-22 12:00:00,1350.0,1168.0,475.0,1564.0,1539.0,2.8,,15.6,388.0,160.0,21.7,39.0,0.9979
2005-03-22 13:00:00,1283.0,1061.0,525.0,1434.0,1294.0,2.4,,12.3,296.0,145.0,23.5,35.0,0.9977
2005-03-22 14:00:00,1293.0,1064.0,522.0,1446.0,1229.0,2.5,,12.4,283.0,131.0,23.5,34.2,0.9748
2005-03-22 15:00:00,1197.0,943.0,599.0,1294.0,951.0,2.0,,9.1,256.0,130.0,25.5,28.3,0.9124
2005-03-22 16:00:00,1142.0,924.0,629.0,1236.0,819.0,1.7,,8.6,234.0,122.0,25.5,24.7,0.7928
2005-03-22 17:00:00,1147.0,914.0,633.0,1233.0,801.0,1.7,,8.4,215.0,113.0,22.9,29.2,0.8055
2005-03-22 18:00:00,1448.0,1322.0,447.0,1655.0,1492.0,3.3,,20.9,454.0,156.0,21.3,32.9,0.8209
2005-03-22 19:00:00,1487.0,1350.0,418.0,1698.0,1692.0,4.5,,21.9,605.0,198.0,20.1,42.4,0.988
2005-03-22 20:00:00,1476.0,1308.0,428.0,1674.0,1654.0,5.8,,20.4,529.0,175.0,18.6,46.6,0.9858
2005-03-22 21:00:00,1282.0,1013.0,545.0,1384.0,1287.0,4.3,,11.0,354.0,141.0,17.4,50.6,0.9989
2005-03-22 22:00:00,1147.0,848.0,636.0,1289.0,938.0,3.0,,6.8,195.0,101.0,16.4,57.2,1.0574
2005-03-22 23:00:00,1130.0,828.0,645.0,1283.0,973.0,2.8,,6.3,161.0,102.0,16.3,59.4,1.0895
2005-03-23 00:00:00,1154.0,822.0,656.0,1285.0,1087.0,2.7,,6.2,187.0,119.0,16.0,60.2,1.0844
2005-03-23 01:00:00,1049.0,683.0,782.0,1190.0,796.0,2.4,,3.5,156.0,110.0,15.6,61.6,1.0859
2005-03-23 02:00:00,1056.0,672.0,769.0,1184.0,830.0,2.2,,3.3,116.0,87.0,15.4,62.0,1.0793
2005-03-23 03:00:00,1011.0,622.0,827.0,1158.0,703.0,2.0,,2.5,83.0,66.0,15.2,63.5,1.0881
2005-03-23 04:00:00,993.0,604.0,848.0,1160.0,762.0,,,2.3,85.0,65.0,14.5,66.4,1.0919
2005-03-23 05:00:00,976.0,568.0,891.0,1143.0,705.0,0.5,,1.8,78.0,63.0,15.0,64.8,1.1007
2005-03-23 06:00:00,1050.0,690.0,761.0,1223.0,867.0,0.7,,3.6,127.0,71.0,14.2,68.3,1.0988
2005-03-23 07:00:00,1143.0,818.0,646.0,1316.0,1122.0,1.2,,6.1,279.0,103.0,14.0,68.6,1.0918
2005-03-23 08:00:00,1606.0,1360.0,396.0,1895.0,1771.0,3.9,,22.3,649.0,144.0,15.4,63.4,1.1045
2005-03-23 09:00:00,1592.0,1478.0,360.0,1975.0,1874.0,4.9,,27.0,593.0,158.0,17.8,53.3,1.0736
2005-03-23 10:00:00,1510.0,1282.0,419.0,1726.0,1812.0,4.6,,19.5,584.0,169.0,19.4,47.5,1.061
2005-03-23 11:00:00,1421.0,1172.0,474.0,1513.0,1726.0,3.4,,15.8,563.0,184.0,21.4,38.7,0.9724
2005-03-23 12:00:00,1169.0,987.0,596.0,1285.0,1184.0,2.0,,10.3,337.0,143.0,22.9,29.3,0.8077
2005-03-23 13:00:00,1187.0,1014.0,578.0,1315.0,1131.0,1.9,,11.0,272.0,133.0,24.2,26.5,0.7869
2005-03-23 14:00:00,1171.0,1045.0,570.0,1291.0,1149.0,2.4,,11.9,322.0,141.0,24.5,23.1,0.6968
2005-03-23 15:00:00,1175.0,1040.0,582.0,1268.0,1185.0,2.4,,11.7,362.0,153.0,23.1,22.8,0.6346
2005-03-23 16:00:00,1216.0,1050.0,564.0,1311.0,1244.0,2.2,,12.0,361.0,149.0,23.3,23.8,0.6738
2005-03-23 17:00:00,1239.0,1062.0,558.0,1299.0,1380.0,2.5,,12.3,431.0,159.0,23.2,23.3,0.6562
2005-03-23 18:00:00,1463.0,1383.0,440.0,1636.0,1727.0,3.9,,23.2,545.0,181.0,22.7,25.5,0.6944
2005-03-23 19:00:00,1616.0,1610.0,374.0,1909.0,2021.0,6.2,,32.6,796.0,227.0,21.0,29.2,0.7192
2005-03-23 20:00:00,1663.0,1597.0,366.0,1906.0,2159.0,7.2,,32.0,874.0,230.0,19.5,35.6,0.7978
2005-03-23 21:00:00,1445.0,1263.0,464.0,1500.0,1844.0,3.9,,18.8,551.0,194.0,18.8,37.3,0.8031
2005-03-23 22:00:00,1293.0,1052.0,536.0,1332.0,1593.0,2.4,,12.1,393.0,172.0,17.7,39.7,0.799
2005-03-23 23:00:00,1354.0,1084.0,502.0,1380.0,1651.0,2.3,,13.0,369.0,158.0,16.7,45.2,0.8506
2005-03-24 00:00:00,1251.0,973.0,559.0,1277.0,1482.0,1.9,,9.9,314.0,144.0,15.9,47.0,0.8434
2005-03-24 01:00:00,1222.0,902.0,590.0,1256.0,1384.0,1.7,,8.1,294.0,133.0,15.1,50.2,0.8543
2005-03-24 02:00:00,1044.0,702.0,746.0,1099.0,1101.0,0.9,,3.8,165.0,109.0,15.3,49.2,0.8493
2005-03-24 03:00:00,1006.0,659.0,791.0,1082.0,999.0,0.7,,3.1,143.0,94.0,13.1,56.1,0.8416
2005-03-24 04:00:00,953.0,583.0,889.0,1043.0,895.0,0.5,,2.0,93.0,73.0,13.3,54.4,0.8287
2005-03-24 05:00:00,959.0,598.0,878.0,1045.0,904.0,0.4,,2.2,111.0,76.0,12.4,58.3,0.8364
2005-03-24 06:00:00,949.0,607.0,884.0,1043.0,851.0,0.4,,2.3,105.0,74.0,12.9,56.0,0.8292
2005-03-24 07:00:00,1073.0,760.0,727.0,1128.0,1052.0,0.7,,4.9,173.0,73.0,11.9,59.6,0.8294
2005-03-24 08:00:00,1499.0,1291.0,444.0,1653.0,1609.0,3.1,,19.8,541.0,107.0,13.4,55.1,0.8444
2005-03-24 09:00:00,1404.0,1149.0,469.0,1523.0,1614.0,3.4,,15.0,581.0,115.0,16.1,46.4,0.8436
2005-03-24 10:00:00,1465.0,1241.0,434.0,1572.0,1774.0,3.5,,18.1,591.0,132.0,17.9,42.2,0.8557
2005-03-24 11:00:00,1474.0,1158.0,469.0,1476.0,1802.0,3.2,,15.3,653.0,155.0,18.2,43.2,0.8926
2005-03-24 12:00:00,1611.0,1233.0,413.0,1687.0,1741.0,3.2,,17.8,690.0,140.0,16.0,67.9,1.2217
2005-03-24 13:00:00,1590.0,1219.0,410.0,1677.0,1830.0,3.3,,17.3,602.0,147.0,17.6,59.7,1.188
2005-03-24 14:00:00,1422.0,1120.0,476.0,1525.0,1696.0,3.0,,14.1,489.0,161.0,20.9,43.4,1.0618
2005-03-24 15:00:00,1273.0,988.0,563.0,1387.0,1257.0,2.0,,10.3,288.0,123.0,24.1,33.3,0.9881
2005-03-24 16:00:00,1296.0,1014.0,543.0,1401.0,1305.0,2.3,,11.0,323.0,142.0,22.9,35.2,0.9694
2005-03-24 17:00:00,1247.0,989.0,557.0,1383.0,1183.0,2.2,,10.3,301.0,143.0,22.2,36.2,0.956
2005-03-24 18:00:00,1359.0,1135.0,505.0,1500.0,1347.0,2.7,,14.6,335.0,153.0,21.3,37.8,0.9462
2005-03-24 19:00:00,1726.0,1570.0,359.0,2021.0,1947.0,5.9,,30.8,659.0,200.0,20.1,43.2,1.0051
2005-03-24 20:00:00,1818.0,1675.0,330.0,2143.0,2129.0,7.5,,35.5,847.0,232.0,18.8,49.1,1.0538
2005-03-24 21:00:00,1667.0,1410.0,383.0,1818.0,1948.0,5.0,,24.2,691.0,201.0,18.2,52.2,1.0795
2005-03-24 22:00:00,1549.0,1233.0,424.0,1648.0,1804.0,4.0,,17.8,590.0,175.0,17.4,57.3,1.1288
2005-03-24 23:00:00,1385.0,1045.0,496.0,1462.0,1572.0,2.7,,11.9,449.0,159.0,17.0,56.6,1.0902
2005-03-25 00:00:00,1320.0,950.0,542.0,1428.0,1426.0,2.0,,9.3,316.0,135.0,16.2,66.3,1.208
2005-03-25 01:00:00,1205.0,828.0,622.0,1344.0,1170.0,1.5,,6.3,239.0,128.0,15.3,73.3,1.2655
2005-03-25 02:00:00,1099.0,709.0,727.0,1263.0,1000.0,1.0,,4.0,165.0,109.0,15.2,73.3,1.2556
2005-03-25 03:00:00,1106.0,715.0,714.0,1279.0,949.0,1.0,,4.1,152.0,101.0,13.9,80.4,1.2694
2005-03-25 04:00:00,1099.0,718.0,714.0,1300.0,905.0,0.9,,4.1,144.0,96.0,13.6,82.8,1.2817
2005-03-25 05:00:00,1042.0,671.0,754.0,1255.0,845.0,0.8,,3.3,126.0,87.0,13.7,82.0,1.277
2005-03-25 06:00:00,980.0,621.0,858.0,1190.0,692.0,0.6,,2.5,132.0,81.0,13.7,78.0,1.2174
2005-03-25 07:00:00,1138.0,782.0,705.0,1321.0,926.0,1.0,,5.4,228.0,100.0,14.1,75.5,1.2065
2005-03-25 08:00:00,1517.0,1222.0,437.0,1750.0,1470.0,3.2,,17.4,580.0,146.0,14.8,73.6,1.2331
2005-03-25 09:00:00,1537.0,1374.0,384.0,1941.0,1660.0,4.3,,22.9,564.0,158.0,16.0,67.8,1.2276
2005-03-25 10:00:00,1296.0,1017.0,526.0,1494.0,1360.0,2.7,,11.1,369.0,136.0,18.4,59.2,1.2398
2005-03-25 11:00:00,1255.0,958.0,579.0,1420.0,1215.0,1.6,,9.5,260.0,117.0,20.4,50.5,1.1954
2005-03-25 12:00:00,1367.0,1105.0,503.0,1578.0,1391.0,1.4,,13.6,371.0,140.0,21.3,46.6,1.1628
2005-03-25 13:00:00,1473.0,1210.0,462.0,1686.0,1521.0,2.3,,17.0,513.0,169.0,20.4,49.8,1.1765
2005-03-25 14:00:00,1422.0,1175.0,474.0,1647.0,1483.0,2.1,,15.8,471.0,163.0,21.1,47.8,1.1813
2005-03-25 15:00:00,1378.0,1125.0,502.0,1601.0,1380.0,1.4,,14.3,378.0,144.0,21.5,47.8,1.206
2005-03-25 16:00:00,1446.0,1224.0,471.0,1706.0,1450.0,3.4,,17.5,445.0,153.0,21.7,47.4,1.2184
2005-03-25 17:00:00,1473.0,1235.0,468.0,1702.0,1519.0,3.8,,17.8,483.0,164.0,21.0,49.8,1.2208
2005-03-25 18:00:00,1619.0,1411.0,417.0,1908.0,1684.0,4.9,,24.3,530.0,174.0,20.4,51.9,1.2261
2005-03-25 19:00:00,1673.0,1484.0,397.0,2008.0,1812.0,5.7,,27.2,649.0,196.0,19.4,56.3,1.25
2005-03-25 20:00:00,1605.0,1397.0,420.0,1891.0,1710.0,5.5,,23.7,604.0,189.0,18.8,58.3,1.2514
2005-03-25 21:00:00,1460.0,1201.0,466.0,1685.0,1591.0,3.9,,16.7,486.0,155.0,18.2,61.0,1.2634
2005-03-25 22:00:00,1407.0,1117.0,486.0,1596.0,1521.0,3.1,,14.0,402.0,137.0,17.7,63.3,1.2729
2005-03-25 23:00:00,1286.0,982.0,550.0,1458.0,1353.0,2.0,,10.1,268.0,117.0,17.7,63.5,1.27
2005-03-26 00:00:00,1372.0,1054.0,504.0,1534.0,1463.0,2.5,,12.1,350.0,128.0,17.1,66.9,1.2926
2005-03-26 01:00:00,1312.0,995.0,527.0,1488.0,1447.0,2.2,,10.5,312.0,124.0,16.8,69.0,1.3135
2005-03-26 02:00:00,1205.0,867.0,601.0,1361.0,1294.0,1.5,,7.2,243.0,108.0,16.6,70.0,1.3078
2005-03-26 03:00:00,1167.0,829.0,622.0,1360.0,1172.0,1.2,,6.4,202.0,89.0,16.1,71.3,1.2955
2005-03-26 04:00:00,1122.0,811.0,641.0,1336.0,1122.0,,,6.0,181.0,92.0,16.2,71.2,1.3013
2005-03-26 05:00:00,1126.0,779.0,663.0,1309.0,1103.0,0.8,,5.3,139.0,84.0,16.3,69.8,1.2853
2005-03-26 06:00:00,1121.0,757.0,672.0,1293.0,1113.0,0.1,,4.9,156.0,83.0,16.1,70.0,1.2739
2005-03-26 07:00:00,1135.0,797.0,651.0,1325.0,1109.0,1.1,,5.7,175.0,80.0,16.1,69.5,1.2623
2005-03-26 08:00:00,1248.0,939.0,565.0,1458.0,1229.0,1.7,,9.0,281.0,93.0,16.5,68.1,1.2653
2005-03-26 09:00:00,1325.0,1010.0,513.0,1522.0,1404.0,2.1,,10.9,322.0,106.0,17.4,65.0,1.2775
2005-03-26 10:00:00,1347.0,1000.0,510.0,1490.0,1450.0,2.3,,10.6,369.0,115.0,18.4,60.2,1.2623
2005-03-26 11:00:00,1317.0,952.0,541.0,1443.0,1393.0,2.1,,9.3,366.0,124.0,19.1,57.5,1.2569
2005-03-26 12:00:00,1243.0,912.0,579.0,1406.0,1227.0,1.9,,8.3,301.0,113.0,21.2,48.4,1.2028
2005-03-26 13:00:00,1169.0,841.0,623.0,1361.0,1040.0,1.7,,6.6,232.0,104.0,22.3,43.9,1.1695
2005-03-26 14:00:00,1085.0,769.0,711.0,1264.0,820.0,1.3,,5.1,156.0,85.0,23.7,39.4,1.1366
2005-03-26 15:00:00,1177.0,896.0,616.0,1374.0,1011.0,1.3,,7.9,169.0,94.0,23.1,41.2,1.1523
2005-03-26 16:00:00,1207.0,888.0,611.0,1382.0,1042.0,1.6,,7.7,203.0,99.0,25.7,35.7,1.1626
2005-03-26 17:00:00,1269.0,1005.0,553.0,1463.0,1136.0,2.2,,10.7,260.0,112.0,24.3,38.4,1.1503
2005-03-26 18:00:00,1205.0,996.0,559.0,1456.0,1101.0,2.3,,10.5,289.0,122.0,21.9,45.1,1.1687
2005-03-26 19:00:00,1218.0,1009.0,553.0,1486.0,1108.0,2.2,,10.9,273.0,119.0,19.7,51.8,1.1779
2005-03-26 20:00:00,1183.0,914.0,604.0,1387.0,1078.0,2.0,,8.4,263.0,119.0,18.7,54.5,1.1644
2005-03-26 21:00:00,1242.0,978.0,564.0,1449.0,1210.0,2.3,,10.0,295.0,127.0,17.8,58.1,1.1742
2005-03-26 22:00:00,1263.0,990.0,553.0,1465.0,1270.0,2.2,,10.3,303.0,126.0,17.3,60.8,1.1885
2005-03-26 23:00:00,1139.0,865.0,625.0,1362.0,1119.0,1.6,,7.2,209.0,111.0,16.5,63.8,1.1873
2005-03-27 00:00:00,1166.0,829.0,632.0,1338.0,1133.0,1.6,,6.4,200.0,102.0,16.3,65.2,1.1982
2005-03-27 01:00:00,1079.0,727.0,724.0,1275.0,1010.0,1.3,,4.3,174.0,93.0,16.5,63.8,1.1896
2005-03-27 02:00:00,1008.0,669.0,791.0,1241.0,894.0,1.0,,3.3,115.0,78.0,16.6,63.0,1.1784
2005-03-27 03:00:00,1034.0,707.0,740.0,1267.0,930.0,1.0,,3.9,122.0,74.0,16.2,64.3,1.1729
2005-03-27 04:00:00,1001.0,675.0,778.0,1260.0,861.0,1.0,,3.4,105.0,68.0,15.9,65.1,1.1654
2005-03-27 05:00:00,977.0,605.0,852.0,1212.0,841.0,0.8,,2.3,102.0,68.0,15.8,65.4,1.1629
2005-03-27 06:00:00,986.0,602.0,878.0,1211.0,851.0,0.7,,2.3,96.0,61.0,15.8,65.9,1.1792
2005-03-27 07:00:00,1082.0,720.0,697.0,1297.0,960.0,1.1,,4.2,144.0,76.0,15.6,67.7,1.1911
2005-03-27 08:00:00,1068.0,688.0,725.0,1289.0,926.0,1.1,,3.6,152.0,78.0,15.2,71.5,1.2228
2005-03-27 09:00:00,1136.0,733.0,692.0,1344.0,901.0,1.1,,4.4,156.0,79.0,14.5,80.8,1.3224
2005-03-27 10:00:00,1184.0,743.0,672.0,1369.0,915.0,1.4,,4.6,208.0,90.0,15.2,81.4,1.393
2005-03-27 11:00:00,1179.0,738.0,680.0,1335.0,956.0,1.3,,4.5,174.0,89.0,15.9,77.3,1.3838
2005-03-27 12:00:00,1182.0,761.0,677.0,1338.0,1019.0,1.5,,5.0,206.0,97.0,17.5,67.1,1.3342
2005-03-27 13:00:00,1082.0,700.0,759.0,1286.0,842.0,1.3,,3.8,160.0,91.0,18.1,62.8,1.2916
2005-03-27 14:00:00,996.0,620.0,820.0,1238.0,612.0,0.8,,2.5,91.0,62.0,18.6,62.1,1.3224
2005-03-27 15:00:00,1024.0,630.0,862.0,1240.0,544.0,0.9,,2.7,106.0,66.0,16.2,71.9,1.3171
2005-03-27 16:00:00,1093.0,682.0,797.0,1256.0,638.0,1.4,,3.5,199.0,104.0,15.4,75.2,1.3024
2005-03-27 17:00:00,1170.0,756.0,713.0,1341.0,793.0,1.8,,4.9,299.0,126.0,14.4,80.8,1.3182
2005-03-27 18:00:00,1153.0,734.0,712.0,1324.0,811.0,1.6,,4.4,272.0,122.0,13.8,83.5,1.3154
2005-03-27 19:00:00,1220.0,796.0,652.0,1367.0,896.0,1.8,,5.7,285.0,121.0,13.9,83.6,1.3208
2005-03-27 20:00:00,1218.0,825.0,627.0,1393.0,978.0,2.1,,6.3,307.0,126.0,14.2,82.3,1.3219
2005-03-27 21:00:00,1172.0,810.0,637.0,1376.0,964.0,1.9,,6.0,237.0,115.0,14.1,81.4,1.3046
2005-03-27 22:00:00,1182.0,812.0,650.0,1368.0,993.0,1.7,,6.0,244.0,116.0,14.4,79.0,1.2917
2005-03-27 23:00:00,1160.0,794.0,658.0,1356.0,966.0,1.9,,5.6,284.0,120.0,14.6,77.7,1.2834
2005-03-28 00:00:00,1106.0,728.0,722.0,1309.0,885.0,1.6,,4.3,221.0,111.0,14.4,78.6,1.2839
2005-03-28 01:00:00,1031.0,652.0,803.0,1256.0,775.0,1.2,,3.0,173.0,101.0,14.4,78.0,1.2741
2005-03-28 02:00:00,1015.0,640.0,821.0,1247.0,738.0,1.0,,2.8,144.0,92.0,14.1,79.1,1.2665
2005-03-28 03:00:00,1003.0,635.0,829.0,1235.0,711.0,1.0,,2.7,117.0,78.0,13.7,80.6,1.2528
2005-03-28 04:00:00,951.0,583.0,905.0,1212.0,624.0,0.8,,2.0,89.0,63.0,13.9,79.6,1.2616
2005-03-28 05:00:00,938.0,575.0,955.0,1195.0,585.0,0.6,,1.9,97.0,63.0,13.8,79.0,1.2425
2005-03-28 06:00:00,933.0,574.0,937.0,1201.0,646.0,0.6,,1.9,95.0,63.0,13.9,78.0,1.2346
2005-03-28 07:00:00,1010.0,656.0,815.0,1260.0,809.0,1.0,,3.1,166.0,84.0,14.1,77.8,1.2445
2005-03-28 08:00:00,1025.0,675.0,798.0,1257.0,828.0,1.0,,3.4,160.0,89.0,15.0,73.2,1.2413
2005-03-28 09:00:00,1086.0,756.0,700.0,1308.0,894.0,1.3,,4.9,176.0,101.0,16.4,67.3,1.2451
2005-03-28 10:00:00,1111.0,773.0,690.0,1331.0,915.0,1.5,,5.2,216.0,115.0,17.8,61.7,1.2436
2005-03-28 11:00:00,1129.0,788.0,692.0,1305.0,920.0,1.6,,5.5,220.0,111.0,20.8,50.4,1.2213
2005-03-28 12:00:00,1097.0,721.0,746.0,1266.0,807.0,1.4,,4.2,183.0,96.0,21.6,46.8,1.1959
2005-03-28 13:00:00,1029.0,670.0,800.0,1223.0,678.0,1.4,,3.3,154.0,87.0,23.1,41.3,1.1506
2005-03-28 14:00:00,1071.0,752.0,736.0,1289.0,668.0,1.2,,4.8,132.0,81.0,23.6,39.4,1.132
2005-03-28 15:00:00,1053.0,721.0,764.0,1216.0,617.0,1.3,,4.2,140.0,85.0,25.1,34.0,1.068
2005-03-28 16:00:00,1055.0,693.0,789.0,1203.0,598.0,1.4,,3.7,186.0,98.0,24.7,35.6,1.0882
2005-03-28 17:00:00,1176.0,822.0,704.0,1294.0,778.0,1.6,,6.2,213.0,109.0,24.2,38.1,1.1357
2005-03-28 18:00:00,1293.0,965.0,589.0,1399.0,1062.0,2.8,,9.7,376.0,150.0,22.7,42.4,1.154
2005-03-28 19:00:00,1307.0,1063.0,554.0,1432.0,1224.0,3.7,,12.4,508.0,175.0,19.6,47.8,1.0781
2005-03-28 20:00:00,1163.0,954.0,600.0,1369.0,1118.0,2.9,,9.4,388.0,157.0,17.6,54.4,1.0839
2005-03-28 21:00:00,1103.0,861.0,660.0,1310.0,964.0,1.8,,7.1,250.0,130.0,16.2,60.6,1.1089
2005-03-28 22:00:00,1120.0,817.0,669.0,1310.0,1050.0,1.6,,6.1,232.0,120.0,15.2,65.8,1.1288
2005-03-28 23:00:00,1107.0,810.0,677.0,1311.0,1016.0,1.7,,6.0,229.0,114.0,14.5,68.9,1.1298
2005-03-29 00:00:00,1078.0,766.0,692.0,1269.0,998.0,1.5,,5.0,184.0,100.0,14.3,68.5,1.1122
2005-03-29 01:00:00,963.0,646.0,834.0,1181.0,846.0,1.0,,2.9,117.0,83.0,14.7,66.4,1.1006
2005-03-29 02:00:00,923.0,596.0,908.0,1148.0,762.0,0.8,,2.2,103.0,72.0,13.4,70.4,1.0793
2005-03-29 03:00:00,853.0,502.0,1117.0,1087.0,592.0,0.5,,1.0,66.0,51.0,14.2,65.1,1.0495
2005-03-29 04:00:00,883.0,530.0,997.0,1102.0,617.0,,,1.3,63.0,46.0,13.7,68.2,1.0611
2005-03-29 05:00:00,921.0,575.0,956.0,1143.0,672.0,0.5,,1.9,95.0,58.0,13.7,67.8,1.0575
2005-03-29 06:00:00,1031.0,748.0,738.0,1245.0,890.0,1.0,,4.7,188.0,86.0,12.9,71.8,1.0657
2005-03-29 07:00:00,1371.0,1180.0,472.0,1632.0,1354.0,3.0,,16.0,527.0,122.0,13.2,69.9,1.0543
2005-03-29 08:00:00,1519.0,1461.0,370.0,2005.0,1648.0,5.1,,26.3,623.0,140.0,14.4,65.8,1.0727
2005-03-29 09:00:00,1409.0,1262.0,434.0,1709.0,1566.0,4.3,,18.8,606.0,146.0,15.3,63.3,1.092
2005-03-29 10:00:00,1303.0,1128.0,489.0,1573.0,1541.0,3.3,,14.4,460.0,152.0,17.7,55.6,1.112
2005-03-29 11:00:00,1184.0,978.0,567.0,1425.0,1226.0,2.4,,10.0,346.0,147.0,19.6,49.4,1.1176
2005-03-29 12:00:00,1202.0,1052.0,519.0,1525.0,1126.0,2.4,,12.1,296.0,134.0,18.1,58.3,1.2013
2005-03-29 13:00:00,1197.0,1040.0,530.0,1519.0,1147.0,2.5,,11.7,321.0,136.0,18.0,57.9,1.1826
2005-03-29 14:00:00,1234.0,1049.0,523.0,1516.0,1190.0,2.3,,12.0,312.0,142.0,18.6,55.0,1.1696
2005-03-29 15:00:00,1247.0,1059.0,508.0,1550.0,1212.0,2.7,,12.3,355.0,153.0,18.3,57.9,1.2047
2005-03-29 16:00:00,1234.0,1060.0,509.0,1504.0,1251.0,2.7,,12.3,349.0,153.0,18.3,54.8,1.1403
2005-03-29 17:00:00,1339.0,1200.0,457.0,1671.0,1404.0,3.3,,16.7,385.0,155.0,18.3,53.9,1.1252
2005-03-29 18:00:00,1331.0,1160.0,474.0,1598.0,1419.0,3.9,,15.3,456.0,181.0,18.5,54.6,1.1515
2005-03-29 19:00:00,1251.0,1097.0,502.0,1541.0,1328.0,2.6,,13.4,306.0,151.0,17.1,61.5,1.191
2005-03-29 20:00:00,1267.0,1102.0,498.0,1545.0,1378.0,3.2,,13.5,402.0,159.0,16.4,62.5,1.1531
2005-03-29 21:00:00,1145.0,938.0,591.0,1376.0,1159.0,2.3,,9.0,340.0,151.0,15.2,64.2,1.0983
2005-03-29 22:00:00,1010.0,752.0,740.0,1218.0,932.0,1.4,,4.8,206.0,127.0,14.6,67.3,1.1102
2005-03-29 23:00:00,1025.0,761.0,745.0,1237.0,942.0,1.1,,5.0,158.0,107.0,13.5,70.8,1.0928
2005-03-30 00:00:00,1024.0,759.0,721.0,1224.0,944.0,1.2,,4.9,178.0,101.0,13.0,71.9,1.0697
2005-03-30 01:00:00,938.0,679.0,829.0,1144.0,798.0,0.9,,3.4,118.0,80.0,13.0,70.2,1.0457
2005-03-30 02:00:00,905.0,615.0,885.0,1104.0,776.0,0.7,,2.4,95.0,68.0,11.6,74.9,1.0224
2005-03-30 03:00:00,826.0,512.0,1108.0,1043.0,636.0,0.5,,1.1,84.0,61.0,12.5,67.4,0.9722
2005-03-30 04:00:00,879.0,539.0,1045.0,1073.0,678.0,0.4,,1.4,82.0,56.0,11.5,71.5,0.9684
2005-03-30 05:00:00,901.0,589.0,933.0,1109.0,754.0,0.5,,2.1,122.0,70.0,10.2,77.9,0.9692
2005-03-30 06:00:00,948.0,702.0,801.0,1164.0,818.0,0.8,,3.8,146.0,78.0,11.0,73.1,0.9554
2005-03-30 07:00:00,1250.0,1069.0,532.0,1457.0,1202.0,2.3,,12.6,397.0,106.0,10.7,73.6,0.9439
2005-03-30 08:00:00,1263.0,1138.0,503.0,1533.0,1296.0,2.9,,14.7,371.0,117.0,12.1,67.3,0.9499
2005-03-30 09:00:00,1319.0,1164.0,489.0,1543.0,1418.0,3.1,,15.5,454.0,144.0,15.1,58.6,0.9982
2005-03-30 10:00:00,1202.0,1055.0,534.0,1458.0,1293.0,2.7,,12.1,433.0,158.0,18.6,49.5,1.052
2005-03-30 11:00:00,1109.0,896.0,629.0,1308.0,1027.0,1.8,,7.9,287.0,137.0,20.9,42.5,1.037
2005-03-30 12:00:00,1136.0,962.0,594.0,1350.0,1052.0,1.9,,9.6,265.0,130.0,23.6,34.8,0.9986
2005-03-30 13:00:00,1082.0,910.0,629.0,1301.0,875.0,1.8,,8.3,225.0,125.0,25.6,28.5,0.9199
2005-03-30 14:00:00,1070.0,947.0,609.0,1292.0,815.0,1.8,,9.2,210.0,124.0,26.1,26.3,0.875
2005-03-30 15:00:00,1070.0,917.0,633.0,1252.0,760.0,1.8,,8.4,215.0,125.0,26.6,24.9,0.8525
2005-03-30 16:00:00,1123.0,945.0,623.0,1303.0,856.0,1.7,,9.2,227.0,135.0,25.1,28.5,0.8932
2005-03-30 17:00:00,1271.0,1183.0,493.0,1498.0,1258.0,3.2,,16.1,403.0,179.0,24.1,32.1,0.9504
2005-03-30 18:00:00,1304.0,1212.0,476.0,1585.0,1383.0,3.4,,17.1,444.0,183.0,21.5,39.1,0.9914
2005-03-30 19:00:00,1360.0,1295.0,451.0,1639.0,1518.0,4.2,,19.9,475.0,193.0,19.3,46.2,1.023
2005-03-30 20:00:00,1278.0,1147.0,505.0,1536.0,1890.0,3.5,,14.9,438.0,185.0,18.2,52.6,1.0911
2005-03-30 21:00:00,1130.0,933.0,608.0,1373.0,1389.0,2.0,,8.8,254.0,147.0,16.8,58.2,1.1022
2005-03-30 22:00:00,1066.0,802.0,689.0,1282.0,1090.0,1.4,,5.8,172.0,117.0,16.0,61.9,1.115
2005-03-30 23:00:00,1090.0,841.0,661.0,1317.0,1092.0,1.5,,6.6,174.0,112.0,15.3,65.4,1.126
2005-03-31 00:00:00,1013.0,754.0,729.0,1245.0,954.0,1.2,,4.8,146.0,101.0,14.5,67.8,1.1171
2005-03-31 01:00:00,998.0,718.0,757.0,1230.0,951.0,1.1,,4.1,134.0,93.0,14.2,68.6,1.1068
2005-03-31 02:00:00,923.0,616.0,874.0,1169.0,790.0,0.7,,2.5,83.0,64.0,13.9,68.7,1.0892
2005-03-31 03:00:00,904.0,565.0,942.0,1144.0,752.0,0.6,,1.7,81.0,61.0,13.1,72.5,1.0911
2005-03-31 04:00:00,884.0,556.0,965.0,1135.0,708.0,0.5,,1.6,73.0,54.0,12.9,72.7,1.076
2005-03-31 05:00:00,936.0,628.0,876.0,1173.0,782.0,0.6,,2.6,104.0,64.0,12.3,74.2,1.0583
2005-03-31 06:00:00,1068.0,816.0,681.0,1264.0,1011.0,0.9,,6.1,191.0,80.0,12.6,71.5,1.038
2005-03-31 07:00:00,1531.0,1394.0,407.0,1860.0,1683.0,4.0,,23.6,673.0,133.0,12.7,69.6,1.0206
2005-03-31 08:00:00,1184.0,1012.0,567.0,1397.0,1341.0,4.1,,10.9,547.0,170.0,16.8,51.6,0.9818
2005-03-31 09:00:00,1064.0,848.0,692.0,1212.0,1014.0,1.9,,6.8,275.0,139.0,20.3,40.1,0.9439
2005-03-31 10:00:00,996.0,759.0,773.0,1119.0,751.0,1.3,,4.9,200.0,124.0,21.0,37.3,0.9139
2005-03-31 11:00:00,984.0,724.0,810.0,1088.0,630.0,1.2,,4.2,185.0,118.0,21.0,36.9,0.9089
2005-03-31 12:00:00,980.0,728.0,808.0,1098.0,565.0,1.2,,4.3,164.0,108.0,22.8,33.0,0.904
2005-03-31 13:00:00,970.0,710.0,833.0,1094.0,535.0,1.2,,4.0,150.0,100.0,24.0,30.3,0.8925
2005-03-31 14:00:00,940.0,656.0,913.0,1052.0,471.0,0.9,,3.1,134.0,91.0,22.6,33.2,0.9007
2005-03-31 15:00:00,963.0,691.0,857.0,1075.0,512.0,1.0,,3.7,128.0,89.0,22.5,32.9,0.8846
2005-03-31 16:00:00,961.0,702.0,849.0,1070.0,527.0,1.1,,3.8,150.0,102.0,21.5,33.8,0.8575
2005-03-31 17:00:00,1067.0,836.0,713.0,1206.0,690.0,1.5,,6.5,171.0,114.0,21.4,36.4,0.9172
2005-03-31 18:00:00,1084.0,866.0,682.0,1219.0,778.0,2.1,,7.2,204.0,124.0,20.0,38.9,0.8974
2005-03-31 19:00:00,1102.0,912.0,647.0,1287.0,872.0,2.1,,8.3,215.0,136.0,17.8,45.2,0.9123
2005-03-31 20:00:00,976.0,731.0,787.0,1095.0,622.0,1.5,,4.4,156.0,118.0,16.3,47.3,0.8686
2005-03-31 21:00:00,895.0,607.0,944.0,1012.0,512.0,1.0,,2.3,114.0,93.0,16.3,44.8,0.8244
2005-03-31 22:00:00,886.0,568.0,1015.0,992.0,438.0,0.8,,1.8,81.0,72.0,15.6,47.1,0.8273
2005-03-31 23:00:00,886.0,589.0,975.0,1001.0,443.0,0.8,,2.1,83.0,69.0,15.1,47.6,0.8139
2005-04-01 00:00:00,848.0,541.0,1067.0,937.0,392.0,0.7,,1.5,69.0,61.0,15.1,44.5,0.7569
2005-04-01 01:00:00,818.0,497.0,1198.0,885.0,347.0,0.6,,1.0,53.0,50.0,14.6,43.0,0.7108
2005-04-01 02:00:00,848.0,509.0,1126.0,882.0,341.0,0.5,,1.1,36.0,35.0,14.5,43.7,0.7163
2005-04-01 03:00:00,826.0,488.0,1187.0,895.0,322.0,0.5,,0.9,30.0,29.0,13.6,46.7,0.7245
2005-04-01 04:00:00,818.0,473.0,1257.0,898.0,323.0,,,0.8,47.0,41.0,13.7,48.8,0.7606
2005-04-01 05:00:00,868.0,535.0,1136.0,944.0,395.0,0.5,,1.4,88.0,66.0,13.5,50.6,0.7783
2005-04-01 06:00:00,901.0,586.0,993.0,979.0,510.0,0.6,,2.0,135.0,89.0,13.7,47.4,0.7412
2005-04-01 07:00:00,1044.0,845.0,710.0,1158.0,909.0,1.5,,6.7,280.0,150.0,13.7,45.9,0.7154
2005-04-01 08:00:00,1030.0,828.0,705.0,1130.0,869.0,1.9,,6.3,313.0,150.0,16.1,41.0,0.7435
2005-04-01 09:00:00,965.0,730.0,799.0,1038.0,652.0,1.3,,4.3,205.0,127.0,16.1,41.5,0.7559
2005-04-01 10:00:00,948.0,684.0,851.0,1011.0,599.0,1.0,,3.5,180.0,120.0,16.5,40.8,0.757
2005-04-01 11:00:00,939.0,687.0,870.0,981.0,550.0,1.0,,3.6,197.0,123.0,18.9,33.8,0.7312
2005-04-01 12:00:00,925.0,713.0,853.0,957.0,518.0,1.1,,4.0,172.0,115.0,19.2,29.5,0.648
2005-04-01 13:00:00,924.0,739.0,834.0,966.0,541.0,1.3,,4.5,184.0,122.0,19.9,26.3,0.6054
2005-04-01 14:00:00,891.0,669.0,923.0,911.0,456.0,1.0,,3.3,160.0,111.0,19.2,27.0,0.5934
2005-04-01 15:00:00,897.0,687.0,908.0,916.0,467.0,1.1,,3.6,176.0,119.0,19.4,25.3,0.5625
2005-04-01 16:00:00,939.0,726.0,890.0,955.0,508.0,1.4,,4.3,219.0,137.0,18.9,26.2,0.5667
2005-04-01 17:00:00,943.0,770.0,856.0,959.0,583.0,1.5,,5.1,222.0,147.0,19.3,24.7,0.5483
2005-04-01 18:00:00,928.0,790.0,812.0,951.0,609.0,1.6,,5.5,231.0,154.0,17.1,25.3,0.4881
2005-04-01 19:00:00,961.0,874.0,747.0,1003.0,757.0,2.2,,7.4,248.0,160.0,15.6,26.2,0.4604
2005-04-01 20:00:00,867.0,694.0,906.0,858.0,539.0,1.4,,3.7,183.0,134.0,13.8,30.6,0.479
2005-04-01 21:00:00,823.0,579.0,1070.0,778.0,420.0,0.9,,1.9,144.0,110.0,13.1,31.7,0.4756
2005-04-01 22:00:00,835.0,593.0,1072.0,793.0,408.0,0.8,,2.1,132.0,99.0,13.2,31.8,0.4798
2005-04-01 23:00:00,893.0,675.0,955.0,853.0,560.0,1.1,,3.4,180.0,127.0,13.6,30.8,0.4779
2005-04-02 00:00:00,965.0,803.0,802.0,951.0,889.0,1.5,,5.8,280.0,174.0,13.1,32.0,0.4817
2005-04-02 01:00:00,838.0,580.0,1055.0,791.0,516.0,1.1,,1.9,167.0,127.0,12.7,33.6,0.4902
2005-04-02 02:00:00,835.0,546.0,1111.0,768.0,391.0,0.6,,1.5,102.0,81.0,12.2,35.6,0.5038
2005-04-02 03:00:00,820.0,536.0,1137.0,777.0,374.0,0.5,,1.4,92.0,70.0,11.9,35.6,0.4945
2005-04-02 04:00:00,815.0,488.0,1223.0,742.0,326.0,0.4,,0.9,63.0,49.0,11.2,38.3,0.5099
2005-04-02 05:00:00,842.0,535.0,1140.0,805.0,352.0,0.4,,1.4,59.0,44.0,11.0,40.5,0.5316
2005-04-02 06:00:00,884.0,587.0,999.0,863.0,566.0,0.6,,2.0,163.0,107.0,10.7,42.8,0.5489
2005-04-02 07:00:00,922.0,658.0,898.0,922.0,706.0,0.9,,3.1,227.0,141.0,11.1,43.3,0.572
2005-04-02 08:00:00,903.0,618.0,933.0,899.0,575.0,0.9,,2.5,183.0,121.0,14.2,36.9,0.5939
2005-04-02 09:00:00,899.0,631.0,955.0,884.0,505.0,0.8,,2.7,145.0,103.0,15.6,33.3,0.5861
2005-04-02 10:00:00,890.0,634.0,952.0,856.0,471.0,1.0,,2.7,150.0,102.0,16.3,30.0,0.5514
2005-04-02 11:00:00,877.0,632.0,993.0,834.0,421.0,0.8,,2.7,138.0,95.0,17.0,26.1,0.5036
2005-04-02 12:00:00,867.0,613.0,1019.0,817.0,389.0,0.8,,2.4,134.0,93.0,19.3,22.3,0.495
2005-04-02 13:00:00,892.0,614.0,986.0,843.0,408.0,1.0,,2.4,137.0,95.0,20.5,21.9,0.5215
2005-04-02 14:00:00,889.0,603.0,1022.0,853.0,382.0,0.8,,2.3,112.0,80.0,22.0,20.2,0.5274
2005-04-02 15:00:00,900.0,622.0,1008.0,861.0,387.0,0.8,,2.5,112.0,81.0,21.7,20.9,0.5367
2005-04-02 16:00:00,910.0,644.0,971.0,873.0,428.0,0.9,,2.9,149.0,106.0,21.6,20.8,0.5292
2005-04-02 17:00:00,947.0,682.0,906.0,928.0,488.0,1.1,,3.5,159.0,113.0,21.0,22.3,0.5468
2005-04-02 18:00:00,947.0,708.0,858.0,958.0,556.0,1.1,,4.0,161.0,117.0,18.6,26.6,0.5631
2005-04-02 19:00:00,936.0,685.0,866.0,942.0,568.0,1.2,,3.5,171.0,124.0,15.5,33.9,0.5957
2005-04-02 20:00:00,925.0,645.0,904.0,930.0,546.0,1.1,,2.9,167.0,122.0,14.3,38.0,0.6162
2005-04-02 21:00:00,885.0,567.0,1021.0,872.0,428.0,0.8,,1.8,116.0,87.0,13.5,39.4,0.6089
2005-04-02 22:00:00,891.0,567.0,1031.0,881.0,418.0,0.7,,1.8,105.0,79.0,13.1,41.3,0.6184
2005-04-02 23:00:00,904.0,593.0,1012.0,894.0,472.0,0.7,,2.1,125.0,93.0,13.5,37.8,0.5815
2005-04-03 00:00:00,929.0,617.0,953.0,898.0,544.0,0.8,,2.5,140.0,102.0,13.5,37.4,0.5745
2005-04-03 01:00:00,951.0,642.0,895.0,929.0,666.0,0.8,,2.8,109.0,86.0,12.7,40.8,0.5977
2005-04-03 02:00:00,938.0,631.0,882.0,931.0,679.0,0.7,,2.7,99.0,77.0,12.0,44.2,0.6177
2005-04-03 03:00:00,921.0,642.0,861.0,948.0,768.0,0.8,,2.8,120.0,88.0,10.5,48.7,0.6164
2005-04-03 04:00:00,850.0,583.0,955.0,914.0,589.0,0.5,,2.0,83.0,64.0,10.1,49.7,0.6122
2005-04-03 05:00:00,811.0,494.0,1118.0,872.0,470.0,0.3,,1.0,60.0,46.0,9.6,51.0,0.6082
2005-04-03 06:00:00,848.0,530.0,1072.0,901.0,523.0,0.4,,1.3,75.0,55.0,9.1,52.4,0.6074
2005-04-03 07:00:00,882.0,563.0,978.0,936.0,660.0,0.6,,1.7,127.0,84.0,8.9,52.7,0.6034
2005-04-03 08:00:00,936.0,611.0,911.0,949.0,741.0,0.7,,2.4,134.0,89.0,13.5,40.0,0.6168
2005-04-03 09:00:00,1022.0,715.0,806.0,1004.0,831.0,1.2,,4.1,192.0,118.0,17.8,30.7,0.6205
2005-04-03 10:00:00,970.0,677.0,888.0,931.0,613.0,1.4,,3.4,166.0,113.0,21.1,23.7,0.5875
2005-04-03 11:00:00,1000.0,779.0,805.0,1001.0,640.0,1.3,,5.3,171.0,115.0,24.0,19.3,0.5673
2005-04-03 12:00:00,996.0,781.0,806.0,985.0,631.0,1.4,,5.3,177.0,124.0,26.5,16.4,0.5594
2005-04-03 13:00:00,928.0,701.0,926.0,902.0,456.0,1.0,,3.8,119.0,86.0,28.7,13.7,0.5302
2005-04-03 14:00:00,933.0,722.0,899.0,890.0,450.0,1.0,,4.2,121.0,87.0,28.5,13.1,0.5002
2005-04-03 15:00:00,956.0,783.0,857.0,896.0,516.0,1.1,,5.4,142.0,100.0,30.0,11.1,0.4624
2005-04-03 16:00:00,968.0,826.0,867.0,898.0,548.0,1.3,,6.3,197.0,132.0,29.4,10.4,0.4192
2005-04-03 17:00:00,953.0,817.0,872.0,891.0,603.0,1.4,,6.1,242.0,156.0,28.9,9.9,0.3866
2005-04-03 18:00:00,1015.0,743.0,851.0,981.0,597.0,1.2,,4.6,190.0,138.0,22.8,21.7,0.5945
2005-04-03 19:00:00,1248.0,1018.0,599.0,1289.0,1167.0,2.7,,11.1,367.0,181.0,19.9,33.0,0.7608
2005-04-03 20:00:00,1180.0,894.0,636.0,1200.0,1372.0,2.5,,7.9,355.0,187.0,17.5,40.7,0.8073
2005-04-03 21:00:00,1102.0,812.0,693.0,1178.0,1042.0,1.5,,6.0,235.0,158.0,16.4,46.6,0.8642
2005-04-03 22:00:00,1116.0,803.0,696.0,1173.0,1055.0,1.6,,5.8,233.0,153.0,15.5,49.0,0.8579
2005-04-03 23:00:00,1100.0,769.0,722.0,1147.0,1049.0,1.2,,5.1,170.0,128.0,14.3,52.5,0.8497
2005-04-04 00:00:00,1012.0,683.0,801.0,1073.0,816.0,0.9,,3.5,117.0,93.0,14.2,51.4,0.8275
2005-04-04 01:00:00,944.0,579.0,925.0,1002.0,598.0,0.6,,1.9,70.0,58.0,13.8,51.2,0.8058
2005-04-04 02:00:00,912.0,544.0,959.0,1002.0,573.0,0.5,,1.5,69.0,55.0,12.1,56.3,0.7927
2005-04-04 03:00:00,887.0,508.0,1047.0,974.0,549.0,0.4,,1.1,62.0,51.0,11.3,58.9,0.7888
2005-04-04 04:00:00,864.0,478.0,1116.0,958.0,489.0,,,0.8,52.0,43.0,11.8,56.0,0.7743
2005-04-04 05:00:00,888.0,528.0,1077.0,987.0,578.0,0.5,,1.3,77.0,53.0,10.4,59.9,0.755
2005-04-04 06:00:00,1031.0,730.0,760.0,1129.0,905.0,1.1,,4.4,182.0,93.0,9.5,63.1,0.7531
2005-04-04 07:00:00,1384.0,1221.0,470.0,1600.0,1457.0,4.0,,17.4,594.0,155.0,9.7,61.9,0.7446
2005-04-04 08:00:00,1446.0,1362.0,415.0,1777.0,1705.0,5.0,,22.4,586.0,174.0,13.5,48.9,0.7553
2005-04-04 09:00:00,1297.0,1102.0,507.0,1375.0,1583.0,3.9,,13.6,523.0,187.0,18.2,36.3,0.7487
2005-04-04 10:00:00,1314.0,1101.0,539.0,1374.0,1729.0,3.1,,13.5,472.0,190.0,21.9,29.3,0.7568
2005-04-04 11:00:00,1163.0,1027.0,604.0,1264.0,1269.0,2.4,,11.4,353.0,179.0,24.3,23.7,0.7119
2005-04-04 12:00:00,1142.0,1063.0,603.0,1241.0,1092.0,2.4,,12.4,293.0,175.0,26.9,18.3,0.6406
2005-04-04 13:00:00,1003.0,961.0,702.0,1041.0,770.0,2.1,,9.5,235.0,156.0,28.3,13.5,0.5139
2005-04-04 14:00:00,1071.0,1047.0,654.0,1129.0,816.0,2.2,,11.9,265.0,168.0,28.5,13.1,0.5028
